Url,Title,Text,Embedding
https://help.payactiv.com/s/article/How-to-Access-your-Earned-Wages,How to Access your Earned Wages,"How to Access your Earned Wages
When you download and open the Payactiv app, you will see your accessible balance for the hours you worked. 
Tap the blue dollar sign at the bottom of the screen and tap “Get”. 
Select how much of your accessible balance that you want, and where you want it distributed. (Payactiv® Visa Card*, another bank account, Amazon, cash, etc.). 
That’s it!","0.87633324,-0.16065904,0.19617607,-0.29754537,-0.12294774,-0.6969535,-0.22928268,0.23635419,0.496862,-0.82806164,1.5108936,0.7229543,-0.97633874,-1.1267221,0.38587967,-0.4161036,-0.587152,0.44251928,1.0715796,0.1438652,0.123991065,-0.47907227,-0.4279232,-1.8519405,1.7919999,-0.28487313,-0.28600663,0.31242576,-0.36461452,-0.26102594,0.4654056,0.31724852,-1.7436703,0.17867535,-0.599648,-0.1781762,-0.79734606,-0.9719548,-0.49342343,-0.6217546,-0.29183087,-0.7513951,-0.20732783,-1.0875651,0.39841083,0.079295084,-0.4665235,-0.6156894,-0.7864935,0.40189135,-1.4360361,-0.43969983,-0.38361862,-0.27419734,0.22308657,0.56598735,-0.11731067,-0.616344,0.35946763,-0.00882104,-0.3480311,-0.22321206,-0.8337564,-0.20414352,-0.59777296,1.5398012,-1.7355049,0.8485041,0.1278227,0.42679527,0.04195869,0.10969603,0.91695803,-0.34190476,-0.13389076,-1.0629985,0.3194809,0.65185076,0.4339676,0.028878555,0.7827865,-0.14436793,-0.0049088374,0.6576567,0.49081826,-0.4485636,-0.61663514,-0.63453233,-0.53029346,0.59429497,-0.5864067,0.03751281,0.72732824,-0.8962904,0.504251,0.46591726,-0.74288714,-0.7202955,0.010910407,0.68398,0.46269563,0.5862153,0.100372404,0.34721774,-1.1068165,0.05137539,-0.23307887,0.65332836,1.0212351,0.27129433,0.49642858,-0.18364425,0.6177367,0.9722277,-1.6801251,0.16799094,0.1471605,-1.020759,0.34355894,0.42819652,0.103509344,0.6175452,0.69952726,-0.2480224,0.12237571,-0.15160488,-0.48006564,0.16330895,0.7225147,0.27262062,0.37458766,0.10228514,0.8632287,0.86987156,0.8638947,0.02083905,-0.56019723,0.39908546,0.2337616,0.8693159,-0.19850755,-0.39836437,0.017976716,-0.8533454,0.7786539,0.23055373,-0.5303706,0.842911,1.4986278,0.81363887,-0.96285236,0.20561947,-0.55302644,0.8338715,1.2338142,1.0882815,0.6964104,-1.1637887,0.48394445,0.9409744,-0.5229017,-0.93123,-0.12825793,0.532575,-0.27917308,-0.38005114,-0.58516914,0.53961253,0.72008735,0.55257577,-0.7740685,-0.3820863,-0.5715995,-1.1077771,0.2681986,-0.3112396,0.3673942,0.00025444478,-0.52541083,-1.0565641,0.112224706,0.42748043,0.06047437,-1.8863252,-0.6151348,-0.085220724,0.025606364,-0.24972181,0.6359054,-0.54936725,-0.15173745,-1.0804943,-1.2956161,0.73668534,-0.75658506,-0.2683482,0.44189736,-0.5203902,-0.20769133,0.26481637,-0.79003453,-0.76649356,0.49051303,0.736202,-0.09736302,-0.16280878,-0.08126399,-0.07538046,-0.18831196,0.9621259,-0.15419805,0.624334,-0.69575125,-0.562356,-0.035349935,0.5326681,-0.35652038,-0.86164576,-0.93377984,-0.38033992,-0.7694574,0.51546335,-1.3770179,0.32698682,-0.77438354,-1.6425225,-0.08264687,-0.04379604,0.29736358,0.6498852,0.9222085,1.5187396,-0.359997,0.3078248,-0.37121677,0.93043435,-0.12641929,0.4380436,-0.50862944,0.24384475,0.08831647,-1.1400589,0.6910625,-1.1454282,-1.2612933,0.6145266,0.4202021,-0.2775987,0.37604862,-0.85999745,0.44906944,0.3342994,0.08720948,1.2017279,0.59744513,-0.5609542,0.06962681,0.088776186,1.0275561,0.009903923,-0.28478622,0.4399985,-0.5512464,-0.26661003,-0.4856047,0.27319893,-0.9309593,0.18690002,0.16213168,0.9506052,-0.7548362,-1.3951697,0.09538391,-0.23227373,-0.5129792,-0.37054142,-0.11155515,-0.63931197,1.776401,-0.5900648,0.6755627,0.0024088323,0.16472885,-0.43652117,0.0661088,-0.39342043,0.07879664,-0.5482375,0.4081394,-0.017362438,0.024458952,0.31775057,-0.22258745,-0.3165977,-1.1482223,0.13996838,-0.022941366,0.86248374,-0.7662104,-1.5767729,0.7578753,0.1616436,-0.9185877,-1.4299074,0.6752416,-0.18655162,0.5704959,-0.8242377,-0.42454302,0.016059175,0.20730907,0.7418692,-0.85557306,0.88519084,0.3423466,0.08258151,-0.92972696,0.8617908,0.9803217,0.26883447,-0.035177648,-0.34095395,0.30694556,-0.031788092,0.8946256,0.16388205,-0.47351873,-0.28880742,-0.58604455,-0.07946786,0.16447014,-0.13240921,-0.68084073,0.15854779,0.44082174,-1.2738347,1.1417817,-0.13850957,-0.41037652,0.22907215,0.10148579,-0.43620226,0.563524,0.5740404,0.16535974,-0.30703968,-1.0026634,-0.85937965,0.35432315,0.1847727,-0.033132195,-0.51100934,0.30556026,-0.32181793,-0.025701575,0.0133671835,0.2685699,0.26827848,-0.71610785,0.1938129,0.9115576,-0.25965798,-0.3499086,0.3044629,0.28811142,-0.9004055,0.7528976,-0.21437578,-0.26958448,0.3607148,-0.64779186,-0.109022796,0.021102846,0.4816925,0.8122207,-0.36436433,-0.77793956,-0.23811696,-0.5790983,0.9557003,-0.13468449,-0.2621385,0.03409095,-0.9838997,1.2515603,0.8327593,0.0149003565,1.1073502,-0.43986377,0.47251737,-0.43513733,-1.4566792,0.5175537,0.2601278,-1.8485621,1.1933188,1.4380007,-0.34453923,-0.0063678026,1.5889186,0.73221564,0.78410864,1.1703678,-0.68714345,-1.7255379,-1.0979434,0.7569102,1.0032825,0.10489033,-1.3622265,-0.5274447,0.4835037,0.22485623,-0.14507124,-0.53650117,-0.74817026,0.26624984,-0.9381273,-0.91011786,0.3395613,-0.08465074,-0.29514587,1.0401319,-0.034652192,0.30799776,0.05365944,-0.65644103,-0.32679054,0.18866533,-0.43718112,-0.61291087,0.86283064,-0.10906334,1.2259622,-0.2937423,-0.16809952,-0.37492204,-0.331769,-0.4022751,-0.44943887,-0.3862305,0.8685871,-0.087368846,0.33857852,-0.3039672,-1.3202546,1.0506785,0.04112646,-0.08154825,-0.46179685,0.3351095,0.015037581,-0.5920783,0.18270022,0.70078254,-0.46292812,-0.2877736,0.011162553,-0.92230827,-0.6967422,-1.479963,-0.410906,0.31941545,-1.5181931,-0.9768476,0.6102133,-0.65187037,0.29397696,1.3070344,0.22608703,-0.49142477,-0.11021148,-0.17333996,1.1350261,-0.35816357,0.16368839,0.5809622,-1.2274328,-0.40857333,-0.98716295,-0.7129402,0.07564396,0.36882153,-1.4875449,0.7144515,-0.059874818,0.233287,-1.0370033,0.7009809,-0.07338601,0.6849929,-0.29269356,0.27229124,-0.1530029,0.1752196,0.49682873,-0.58856344,0.21519825,0.48695648,1.2358198,0.21191576,-1.4060956,0.105842315,-0.2909097,-0.10837905,-0.44911897,0.7545455,-0.119942546,-0.6452696,0.10414252,0.63681877,-0.009344555,0.91149575,-0.7764269,0.9342213,0.31006378,-1.6179242,0.06540737,-0.16539405,0.20744583,0.54596394,-0.09272446,-0.44498315,0.40625054,0.5075985,0.7081667,0.31414685,0.1494941,0.1748367,0.10122331,1.3544948,0.6683917,-0.31199124,1.4449903,0.777904,-1.0538547,0.6707815,-0.24544802,-0.2616046,-0.061107412,0.34424144,0.17530425,0.5351312,1.052142,-0.39306056,0.6024496,0.12422034,-0.7483475,-0.7971584,0.035645917,-1.1073349,0.82819134,-0.64045656,-0.6072271,-0.4589702,0.26181245,-0.52792263,-0.676486,0.18379384,0.43548763,0.45269233,0.8517608,-0.16975671,0.6812339,0.23728506,-0.23238368,-0.6871506,0.0043520182,-0.38913625,0.46375108,0.7495031,-0.79770344,0.0046216547,1.1437716,-0.4276772,-0.63565785,0.3228166,0.5884504,-0.44252107,2.0921764,0.19291121,-0.45691332,-0.07209501,-1.1115828,1.560787,0.15939316,-0.43720856,0.666259,-0.3831092,0.1800875,0.52675796,-0.4393367,-0.904326,-0.57190555,-0.7183293,0.016127847,0.17537513,-0.62074244,-1.7189131,0.38032693,0.6765775,-0.12184652,-0.6309846,0.79845804,-0.29237285,0.26510718,0.14786081,-0.6360282,0.18347827,-0.63749176,0.2855578,0.22173308,0.4383737,-0.3304988,0.5340088,0.43248308,-0.9432711,0.9323007,0.43918765,0.29508203,-1.887541,0.6057104,-0.30656156,-1.4579804,-0.10652618,0.035855047,0.103832945,0.003565397,-0.14822663,1.7829487,-0.120367795,-0.7348446,0.22301728,-0.4349807,0.024443537,-0.86454624,0.16052751,0.089711726,0.97475755,0.023342691,0.15648234,-1.0941311,-1.1637658,0.49107698,0.19781242,-0.4249582,0.0012752339,-0.45655975,-0.43002927,0.119435355,0.9414306,0.32740602,0.2630328,-0.28156722,1.5703794,-0.83219695,-0.3286275,0.6084488,0.22532132,-0.43001497,-0.16850352,0.9506083,-0.58799314,-0.19241068,0.82761407,-1.0311981,-1.1835282,-0.18798229,-0.47300243,0.8073699,1.1009742,-1.5660957,-0.24711359,0.37663725,0.29815894,0.9493474,0.9135655,-0.8004634,-0.15762489,-0.04695601,0.021237973,0.9598228,-0.054910526,-0.87332207,-0.82007784,0.1405287,0.30005503,-0.92370427,-2.379193,0.29319936,-0.91284555,-0.78814113,0.009059474,-0.045521013,0.43327874,-1.2866141,0.22150666,0.10363422,-0.5608198,-0.46314684,0.42168245,1.1430178,-0.7776851,-1.6301265,0.61105037,-0.52344555,-0.91309404,-0.5274006,0.21811357,-0.7448298,0.95055187,0.24661438,-0.5317555,1.1001256,-1.6132224,0.7003402,-0.6484228,0.17531814,-0.12664084,-0.17557098,-0.31053513,0.7555664,-0.022612326,-0.84437585,0.19486025,0.5196205,0.23228636,0.28952485,-0.07370327,0.15816566,-0.6363742,0.14640048,-0.047916792,-0.6572525,0.30243778,0.55826545,0.20176607,0.3598111,-0.32552126,0.13580534,0.655584,0.7648678,0.15859465,0.10050258,-0.46896622,0.77791315,1.2338958,1.2828127,0.3848228,-2.0194244,0.5947528,-0.1127813,-0.85370326,0.7542034,-0.68879443,-0.4077693,-0.8258751,-0.80401635,-0.5355297,0.010425763,0.37525845,-0.49824402,0.7752579,-0.6175846,0.5388701,-0.07720519,-0.31932375,0.039597154,0.12379694,-0.1426504,0.02379601,-0.22062485,-0.089204654,-0.5960232,-0.9266141,0.0700168,0.5543953,-0.5588945,0.9720662,0.23269622,-0.022369342,-0.19301134,0.2787443,-1.0353062,0.69031787,-0.023936938,0.8201623,0.76764756,0.30947578,1.4769238,0.55149585,0.6158684,0.42454013,0.44222054,0.53058255,0.6060934,-0.7138209,0.33735496,0.7529063,-0.16771077,-0.19263747,0.38371617,0.34953797,-0.3781684,-0.22035411,1.1036524,-0.17789891,-0.034961008,-0.10501324,-0.32800466,0.07543419,-0.9668517,-1.1642214,0.8268191,0.32540292,0.24861072,1.3753079,-0.6712108,-0.34622496,-0.07081873,0.7481673,-0.2707539,-0.40978122,-0.28872058,-0.570855,-1.0582398,0.2045211,0.5405722,-1.6707971,1.1756523,0.4158959,-0.1982193,0.060837686,-0.3258668,0.09168872,0.17829718,0.22872174,-0.9750298,-0.871254,0.48259133,-0.24014056,-0.609537,0.44432387,-0.08139965,-0.77311707,-1.1522022,0.054431513,1.4053957,0.4079915,-0.8173327,-0.9441479,-0.13754322,-1.0524172,0.9069525,0.44786564,0.118769914,-0.25858492,-0.42642003,-0.43174186,0.0088086575,0.87776625,-0.29162595,-0.91464067,0.17642912,0.33794168,-0.1856021,-0.8899713,0.49520227,0.6882553,-0.2095777,-0.18328004,-1.331589,0.16184735,-0.12974152,0.7237132,-0.41840366,-0.77947813,0.35761753,0.17690265,-0.5846359,0.91327757,0.7871027,0.50659245,-1.9099735,-1.044238,0.13060339,0.33946058,-0.8669257,0.3997102,0.10389381,0.21835856,0.43827465,-0.06374523,0.39456296,-1.4886872,-0.19004853,0.42346174,-0.19340014,0.38153422,1.6255796,-0.5481178,1.3913344,-0.5782178,0.7193476,-0.8597063,-0.122715116,0.09609884,0.116473824,-0.46077877,-0.48347598,0.45746708,-0.025125831,-0.043640837,0.45009977,0.12286663,0.3459319,-0.00926529,-0.06454694,-0.77691734,1.0878069,-0.6966486,0.32571885,1.5545037,0.9220271,0.7589345,0.2280118,0.3674513,-0.006402254,0.36035204,0.9301102,-0.46231142,-0.22900996,1.1742046,-0.47990784,-0.29450023,-0.8837495,0.58151895,-0.5401315,1.2756491,-0.8159102,-0.89577985,-1.3302418,-11.306445,-0.63929456,0.656092,0.0049749315,0.08448312,0.24413663,-0.2597382,-0.07392595,0.24126397,0.02413866,-0.07575631,-1.6772559,0.8254782,-0.81231475,0.35145092,0.056509964,0.33281958,-1.1862942,0.3037135,-0.06428245,0.50083184,1.0255492,0.21892934,0.106874675,0.81387067,0.1631407,0.08172766,0.08306311,-0.001606755,-0.468319,0.3430931,0.47226956,-1.2266077,0.9549253,0.83041143,0.13921729,0.31282115,0.14668852,-0.6089261,-0.41267452,0.35868245,-0.03908812,-0.9440423,-0.08418755,0.4822778,0.57449424,-1.9684014,-0.86912155,-0.50094247,-0.7769677,0.15785877,0.8812393,0.21659791,-0.20663577,-0.34729546,-0.01729028,-0.9316092,-0.34352726,0.84295994,0.027188318,-0.23280546,0.47768915,-0.63002586,-0.7480042,-0.3781953,-0.4416079,-0.16412356,0.53148377,1.1066022,-1.3182043,0.3875045,-0.7723905,-0.2996423,-0.3454873,0.767892,0.38397038,-0.57698494,1.1965929,-0.48472476,0.34749278,-0.5093871,-0.47901773"
https://help.payactiv.com/s/article/Add-an-Employer-to-Your-Payactiv-Account,Add an Employer to Your Payactiv Account,"Add an Employer to Your Payactiv Account
To add an employer to your account, call our Customer Success team at 1-877-701-4377. We'll need your employer's name, employee ID number, and phone number. You can find your employee ID on a recent pay stub or ask your manager. We will take care of the rest!","0.8714963,0.1727835,-0.41642278,-0.5359582,0.22175117,-0.57371074,-0.06307154,0.22917832,-0.13028839,-1.1895564,0.9025206,0.9276051,-1.0852687,-0.84618235,-0.3625977,-0.52284336,-0.7561458,1.0779287,-0.25637248,-0.12547705,-0.35333046,-0.3146373,0.555328,-2.084723,0.98068607,-0.15525594,-1.3827319,0.17213844,-0.08599132,-0.50290006,-0.006051503,-0.4631549,-1.0460409,0.76062685,-0.38378692,0.49714553,-1.2370971,-1.044336,0.27878678,-0.38277003,0.3786035,-0.66810024,0.9022927,-0.29014525,-0.098922424,0.20067932,-1.0388556,-0.7043078,-0.5623426,1.0305603,-0.116092816,-1.1392593,-0.44160348,-0.65228724,0.0981625,-0.9588409,0.30042213,-0.7046554,0.67688525,-0.17649628,-0.5881173,-0.34295338,-1.3113127,-0.11642987,-0.9772877,1.0746084,-0.9841379,1.3156945,-0.10201046,0.96032417,0.13762072,0.2774227,0.16496976,-0.44378594,0.5373992,-1.1519389,0.7327048,-0.43052816,-0.23068865,-0.46853563,-0.12426769,-0.34409955,0.48871714,0.27635527,-0.31113362,-0.34683326,0.18268685,-0.9850754,-0.71701443,-0.42728353,0.29724985,0.34038568,0.23951869,-0.589151,0.36276576,0.6261747,-0.7012646,-0.43183732,-0.043151833,0.34215736,0.7190099,-0.1479234,0.023734242,0.32896525,-1.659513,-0.23251593,0.112041086,-0.15115543,0.8258811,0.085946135,0.6301164,-0.3386771,1.2037379,0.43746075,-0.778663,-0.3104093,-0.22980113,-0.309754,-0.7579013,0.21839112,0.8218121,0.8568336,0.23450074,0.07835533,0.20322594,-0.6631299,-1.0087053,0.21625453,0.685187,0.5184434,-0.13529097,-0.21706785,0.17639963,0.72702605,1.0555143,0.18049026,-0.3707342,0.6035673,0.29737365,0.1774354,-0.3953486,-1.102973,-0.11567851,-0.34048405,0.13374206,-0.15565392,-0.7893349,0.13806635,1.2512699,-0.1931891,-0.8071756,-0.80388266,0.24993071,-0.78047866,1.8316746,1.851275,0.56486243,-1.2471665,0.028607145,0.82256836,-0.19387722,-0.042197376,-0.1048893,1.2336112,-1.5520545,-0.4451468,-0.7333857,-0.5761027,0.45890343,0.39237937,-0.18519138,-0.20181951,-0.50051725,-1.5346754,0.8627566,-0.6713153,-0.16002904,-0.62552804,-0.71660066,-0.13332734,0.18513131,-1.2211694,0.6242571,-0.65675235,0.56696,-1.1871593,0.79518723,-0.16442549,-0.09367405,-0.26857004,0.58919895,-0.061254475,-1.4805999,0.13050605,-1.0616338,-0.2075029,0.34958425,-0.2661301,0.23563755,-0.25151712,-1.1226978,-0.8896738,0.38732553,0.18181339,0.3205916,-0.5469921,0.44244236,-0.34089977,-0.85840327,0.86759454,-0.4948362,1.0640702,-0.2032758,-0.4173835,-0.12821653,0.52522516,0.15831825,-0.58844876,-0.21316947,-0.11850986,-0.34990865,0.1662351,-1.7393463,0.10955396,-0.43488646,-0.8874922,-0.1527397,-0.13203731,0.5284338,0.100700445,1.4652771,1.3277323,-0.41768423,0.6929216,0.7977444,0.7543856,0.5105547,0.74384356,-0.7615036,0.7255788,0.76566565,0.10319057,0.1101855,-1.2479954,-0.1819629,0.5581162,0.013840549,0.1758191,0.30981216,-0.89764154,0.26756778,0.68812716,0.17310756,1.6168498,0.5639391,0.7469828,0.20617399,-0.36095327,0.24873793,-0.82937175,-0.05598805,0.76296806,-0.26503545,-1.3983554,0.40674236,0.7043289,-1.6171464,-0.2445231,0.9744692,0.15371805,0.10529285,-0.38995156,-1.3751348,-1.2683647,-0.51933146,-0.24459013,-0.52476096,-1.2896181,1.4731421,-0.61796796,0.20667961,0.07539122,-0.66586655,-0.21918112,-0.6978129,-1.1630243,-0.8943714,-0.11283781,0.9052689,-0.031987958,-0.08515646,0.576384,0.36052227,-0.347037,-1.5938495,0.68892926,0.22281742,0.52836394,-0.7396937,-1.3781078,1.4007177,0.6818501,-0.76687425,-1.9465253,1.408614,-0.45430887,1.0185776,-0.75389194,-0.17175463,-0.49588925,-0.025724135,1.0294843,-0.6402093,0.4716062,0.8203935,0.76905656,-0.9855477,1.1457747,0.5476712,0.16254146,1.0053966,-0.53499335,-0.7316112,-1.0139804,0.6539535,0.3090174,0.008207537,-0.65304637,0.42271635,0.18072215,-0.23681998,0.23810382,0.2453065,0.001318939,0.8551959,-0.7424467,-0.27986112,-0.23173037,-0.33388042,-0.05309266,0.38665166,-0.8439677,0.11893959,0.518365,0.16110368,-0.5772,-0.4949925,-0.45812505,0.39395818,0.20185113,0.7360261,-0.9639713,0.30315387,0.019808024,-0.05006089,-0.5163585,0.053655583,1.0239815,-0.68969476,0.7231991,0.27297172,-0.28404394,-0.31029105,0.76008445,1.0077279,-0.89359236,0.509775,-0.25504267,0.90814906,0.4277882,-0.57493395,0.18119471,0.10894847,0.3574081,0.21027775,0.4002626,-1.2557293,-1.2952049,-0.9400997,1.1441689,0.3181827,-0.37613854,0.003907621,-0.7944047,0.53169394,-0.5036554,0.40822476,0.35711437,-0.04433287,1.1535999,-0.33658668,-1.955896,0.55784905,-0.11356597,-1.1462584,1.034744,2.1156209,-0.4683156,-0.028928496,0.7531314,-0.021470845,1.3230159,1.3563585,-0.49568307,-0.59952575,-0.26541576,2.0571578,0.99993825,-0.10016221,-1.050672,-0.32831985,0.20488556,-0.31476018,0.13491797,-0.48203692,-0.49670053,0.31464538,-0.70939505,-0.63122535,0.0147429835,0.43953088,0.30022871,0.50273365,0.67579895,0.8653431,0.39679864,-0.6403754,-0.13107382,0.111574404,-0.41143748,-0.3488176,0.38551235,-0.21974188,0.23420095,-0.41181582,-0.023303583,0.6355096,-0.9301768,-1.2860118,-0.11260958,0.26725397,0.505423,0.63178927,0.21030132,-1.0024505,0.29901153,0.80730677,0.37945464,-0.52337843,0.06753435,-0.5210212,-0.8393086,0.39075586,0.84426534,1.1552575,0.06299159,0.20021106,0.6340161,-0.9375063,-0.41464585,-1.59672,-0.067046724,-0.17524055,-0.3960401,0.56253463,0.22147325,-0.37512213,-0.0744163,1.2555374,-0.48126742,0.18675946,0.07277411,-0.10288756,0.8850543,-0.8020562,0.118615136,0.29051706,-0.97883475,-0.22188133,-1.5538554,-0.43010265,0.023621954,-0.7632759,-0.8227881,0.6205383,0.6090965,0.8815477,-0.5577725,0.6845248,-0.8067649,-0.54243195,-1.334318,0.76335734,-0.418864,-0.2619904,0.5613223,-0.25198868,0.12813066,0.27904052,0.7893103,-0.5728627,-1.2131149,-0.23771444,-0.33646348,-0.32407206,-0.35918322,-0.016339071,-0.92679644,-0.8773926,0.4103153,0.9950468,0.3024622,0.25136483,-0.5185031,0.16017388,1.31353,-0.67779225,0.32263392,0.065923974,0.63465875,-0.6510205,0.024294674,-1.858344,0.8920046,0.66033834,0.6340509,-0.036466394,-0.025935203,0.5266641,0.06911421,0.6538422,0.7107038,0.5081212,1.491478,1.0555671,-0.20733464,-0.1052061,-0.1222761,0.212851,-0.690743,0.3463198,-0.5745575,0.4854465,1.3608665,0.3752263,0.5177343,0.4439576,-0.043373264,-0.6531151,0.485001,-1.0408128,0.09675208,-1.5907449,-1.1483094,0.7932098,-0.3136561,0.075152665,-0.591315,-0.47488385,0.03760706,0.26470974,1.1559681,-0.4587612,0.08485107,0.38457754,-0.39829656,-0.7666344,-0.4868068,-0.58159393,0.6663244,-0.2458447,-0.11223731,-0.62763864,0.65122753,0.41611385,-0.43276477,0.9476045,1.1159736,-0.12829405,1.9681822,-0.5347496,-1.2174852,-0.034653094,-0.568519,0.88283116,0.59435534,-0.2966582,0.6946482,0.33349398,0.38469195,1.1701274,0.1913581,-0.7321264,0.027831208,-1.447015,0.32397693,0.013693392,-0.62256247,-0.6668626,0.56508976,0.9118224,-0.33818552,-0.08580899,1.1292363,-0.36826316,-0.48647866,-0.043370415,-0.82628226,-0.21158522,-0.926583,-0.5829103,0.062156856,0.07594798,0.12766188,-0.06933357,0.6474191,-0.9130919,0.7525375,0.025155202,1.0163803,-0.5505014,-0.17506827,1.0020905,-0.12971327,-0.15420799,-0.54002976,-0.6550667,-0.16191751,-0.5593263,1.4219881,0.6167693,-0.55394584,0.6197654,-0.53242135,-0.2572663,-0.07405736,-0.2135869,-0.02618216,1.1850843,0.26536888,-0.7346482,-1.8500857,-0.1369263,-0.49307916,-0.04273709,-0.8078756,0.18345046,-0.9099139,-0.7510449,0.04343909,0.16010532,0.4032271,0.4314172,-0.4626494,0.7127589,-0.56360686,0.31851462,1.2715182,-0.3691245,0.43493992,-0.5942555,0.23298216,-1.0590727,-0.3862476,0.31883565,-0.6460098,-1.5950282,-0.34545624,-1.0145383,1.0553675,0.5368024,-0.6812098,0.39347667,-0.4060432,-0.27803373,0.64931965,0.13366057,0.084066264,0.2762092,0.0050669163,-0.39800155,0.17769939,0.3187798,0.41023213,-0.5640747,-0.42146587,0.6361556,-0.36217293,-0.5092598,0.19342278,-0.95430714,0.22474347,0.3442405,-0.040377177,0.23992895,-1.7725793,0.5482813,0.6166321,0.5565852,-0.80665016,0.27500567,0.9169029,-0.63803625,-1.1325363,1.9132503,-0.29931298,-1.8513297,-0.78722453,0.030207716,-0.6728672,0.67066777,-0.24514224,-1.2243237,0.10472716,-1.06743,1.320314,-0.09844757,-0.19796394,-0.2516073,-0.27147412,-0.12317583,0.10796608,0.17972744,-0.6052017,-0.9836074,-0.26748526,-0.19045773,0.18906838,-0.24112314,0.24668291,0.4687882,-0.20418704,-0.5536012,-0.20867267,-0.3119581,-0.59661883,0.5472754,0.805556,-0.19136012,-0.64406145,1.232437,0.27975926,0.22536199,-0.43313015,0.5044128,0.7158887,1.3801365,0.40886232,0.32846934,-1.4159633,0.66302896,0.12770244,-0.706217,0.31189185,0.20677245,-1.3201423,-0.67856294,-0.116503745,-0.23986904,0.5079365,0.44368178,-1.2386663,0.6028747,-0.42206967,0.3590938,-0.3451846,0.12970464,-0.06162642,-0.73838747,-0.1297806,0.2613132,0.13918675,0.6559653,-0.91687196,-0.23875794,0.1925456,0.10803882,-1.3895032,0.81970155,0.22459845,0.33168292,0.022214517,-0.16376999,-0.69148165,1.3467053,-0.031800866,0.3025177,1.2342672,-0.12592337,0.22760272,0.064075865,0.15948159,0.77418673,0.42220026,0.8270643,-0.1674979,-1.3814962,0.18068545,1.3206365,0.97043324,-0.23695438,-0.110529885,0.026562696,-0.42376631,-0.44087547,0.41223902,0.22745222,-0.42515156,0.27474523,-0.66429204,0.45611024,0.072878614,-0.65514505,-0.3814834,0.11445299,-0.033992603,0.5224688,0.14245227,-0.34695345,-0.009911761,1.1532556,-0.44801998,-0.5222828,-0.8049588,-0.004501432,-0.79260916,0.05707708,1.1403475,-1.3539037,0.9145947,0.43808633,0.22316931,-0.32293254,-0.33826897,0.19209594,-0.13368261,-0.33511937,-0.013152622,-1.0605898,0.68571305,0.93793786,0.38102823,-0.0024825037,0.13570952,-0.59165484,-0.010747184,-0.12948647,0.8620338,0.89454955,-1.1463071,-0.6519223,0.7445054,-0.24683191,1.6535239,0.2900988,0.114819854,-0.5142645,-1.587867,-0.43053737,0.08402106,0.4174243,-0.38690546,-0.3495976,0.65868735,-0.2669976,-0.55166274,-0.85025585,0.30090964,1.224343,0.36095148,-0.29824728,-1.4374188,1.2967526,-0.12283323,0.57636625,-0.998893,-0.42795664,0.51796615,-0.5082635,0.099888586,0.15802793,0.9480372,0.261189,-1.7544729,-0.36849707,0.122023985,-0.3224596,-0.06721688,-0.10382116,0.80501217,1.2737426,0.20342585,-0.1477573,-0.3344822,0.39332205,-0.09934774,0.0032110196,0.13791293,0.029462913,1.4541312,-0.6934036,0.06562387,0.2788201,0.5022286,-0.2189305,-0.17413422,0.019872272,0.42476344,0.29211938,-1.1014547,-0.35243556,-0.8697609,-0.95368457,-1.593136,0.28074554,0.6740213,-0.13546471,0.2249064,-0.4873483,0.56502676,0.28131047,0.19936721,1.6226295,0.15135613,0.42816314,-0.28315353,-0.25843897,-0.34806925,0.9463117,0.11336863,0.43046024,0.7264039,0.62525153,-0.5309012,-0.50851625,-0.64721227,0.10303384,-0.6915574,0.3221988,-0.29847747,-0.37191278,-0.4974534,-10.710277,0.4763292,0.56996036,-0.37945643,-0.1474115,0.412382,0.209708,-0.46210927,-0.37483025,-0.28635868,-0.2506225,-1.184977,0.41865218,-1.0656959,0.1304548,0.38050067,-0.22756127,-1.3858081,0.06679087,0.96953183,0.6456978,0.57159853,0.125089,-0.21883425,-0.02282393,0.41308784,0.53388333,0.1320648,-0.9863757,0.5886893,0.26998788,1.1979287,-0.791256,0.5058168,0.91576564,-0.15308593,-0.49261016,-0.5652548,0.10866518,-0.91424,1.4381838,0.7526826,-0.49676758,-0.55514026,-0.092253044,0.48857525,-1.9086828,-0.64947057,-0.09457715,-0.16229531,0.47572193,0.33370855,0.23930043,0.0483087,-0.34010965,-0.9708751,-0.30511984,-1.0290498,0.8527028,0.47039247,-0.2749585,-0.46428603,-0.34775516,-0.28172153,-0.265611,-0.73085696,-1.0387605,1.160874,2.2652254,-0.73416615,0.46750578,-0.5709743,-0.36579803,0.45173848,0.73968196,0.48227143,0.12268897,0.18774784,-1.1257182,0.5254956,0.30871946,0.3290484"
https://help.payactiv.com/s/article/How-to-Transfer-Your-Earned-Wages,How to Transfer Your Earned Wages,"How to Transfer Your Earned Wages
To transfer your earned wages, first link your bank account or debit card to in the Payactiv app on the card page. Next, tap the blue dollar sign at the bottom of the homepage and tap “Get money”. After choosing an amount, choose your linked account, and tap ""Access my money"". It costs $3.49 to transfer your earned wages to a non-Payactiv card.
Tip: It's free to transfer your earned wages same-day when you set up Direct Deposit with a minimum of $200 per pay period to the Payactiv® Visa Card*.","0.54502666,-0.040881343,0.16622193,-0.5580087,-0.2911265,-0.029445373,-0.61350715,0.35300714,0.44935632,-1.1604861,0.6679182,1.3323494,-0.78564644,-0.5836686,0.14944486,-0.14285576,-0.5833119,0.6539805,0.17597741,0.6982191,0.4446796,-0.7586002,-0.37576193,-1.2297229,1.8106599,0.08706276,-0.6521201,0.62984693,-0.22110195,-0.78371304,0.356338,0.21360138,-1.4621636,-0.10335752,-0.8397274,-0.25377512,-0.017935663,0.20706487,-0.20115237,-0.8127808,0.41270724,-0.6851672,-0.733472,-0.6273291,0.6041836,0.06892248,-1.1882157,0.014939278,-0.8315485,0.7389944,-0.67589855,-0.5683088,0.012106206,-2.5957823e-05,0.117956996,0.5123533,0.21364318,-1.2232246,-0.29435483,0.34424865,-0.082261845,-0.43268538,-1.0186956,0.042111248,-0.6847215,1.7187731,-1.1027738,0.8187592,-0.15962793,1.6705267,0.30292335,-0.58554137,1.2716424,0.7473041,0.2269223,-0.98971266,0.63688207,0.70698744,-0.103133336,0.023674384,1.3615658,-0.49404764,-0.23870292,0.08943777,-0.14895475,-0.6159118,-0.7994559,-1.2536446,-0.6406754,-0.18988033,-0.5892101,-0.74423134,0.12034561,-0.7075825,-0.22545007,1.8145473,-0.9817636,-0.412719,-0.25282604,0.5423743,-0.71301055,0.43287402,0.5413591,0.1782371,-0.6094772,0.521554,-0.31613004,0.56974816,0.7079805,-0.04760378,1.266868,-0.12715334,0.715519,1.1782333,-1.0509008,-0.2254105,0.22054449,-0.61671346,0.16331536,0.5470879,-0.2546114,0.1995357,0.1874942,-0.9895669,0.18232796,-0.382168,-0.7807151,-0.40063277,0.14779405,1.0265268,-0.04171043,0.29191947,0.910602,0.73389524,1.5072241,0.099157125,-0.3547765,0.2999591,0.6298488,0.37453365,-0.12684064,-0.11962144,-0.19217208,0.025874302,-0.03372782,0.082787946,0.06299539,-0.30717605,1.0112174,0.19325759,-0.065822184,0.117506504,-0.32529828,0.36176687,1.5273355,0.7766268,1.417114,-0.54790753,0.27215344,-0.025933698,-0.14395554,-0.3881681,-0.76042277,0.040188365,-0.719197,-1.245168,-0.36414903,-0.26101524,0.4210217,0.8685037,-0.35056448,-0.92707497,-0.31764522,-0.8947515,0.54061544,-0.28560764,-0.10461332,0.17678846,-0.3622094,-0.06920512,0.15426251,0.27351388,0.6854811,-0.8193544,-0.41523203,-0.7878314,0.0897395,0.025603577,0.077169225,-0.13336399,0.46683747,-1.659682,-0.5662935,0.13389893,-0.2681161,0.020312935,0.123008266,-0.19121349,-0.4296233,-0.06691286,-0.41782102,-0.21479791,1.0944254,0.34934133,-0.022897147,-0.34102803,0.93165815,-0.026198914,-0.62588584,1.0915649,0.5698324,0.28903723,-0.5835387,-0.70722336,-0.17526942,-0.02199863,-0.99382097,-0.3949135,-1.1325816,-0.2329032,-0.84262115,-0.5831558,-1.3282465,0.23011622,-0.4462754,-0.80584526,0.12764896,-0.26695132,0.40573955,0.36079332,0.7570849,1.721548,-0.84584975,-0.09665266,-0.10696062,0.75796866,0.66689616,0.065154895,-0.50936735,0.6577887,0.10943586,-0.7723291,0.55667984,-0.6590483,-0.6851465,0.183101,0.6381803,0.015184686,0.088763796,-1.3528985,0.4513414,0.85166585,0.46610025,0.7994967,0.4545184,-0.14278725,-0.4193136,-0.1657786,0.52349883,0.052442633,-0.46407217,1.0012736,-0.56044513,-0.6295605,-0.31528643,0.0150066465,-1.2286845,-0.4351624,0.2908341,0.76247025,-0.82614887,-1.5295374,-0.59739053,-0.10713669,-0.18104446,-0.87556845,-0.84474075,-0.44430622,2.1262186,-0.24630097,-0.15781245,-0.1844877,0.3634345,-0.4353184,-0.19405317,0.029695656,-0.43028143,-0.50094366,0.54656345,0.2559351,0.08956288,0.9916431,0.6133016,-0.25560522,-0.8334488,0.116634145,0.22365338,1.1146555,-1.3403919,-1.5391914,0.70393157,0.42919248,-0.7331868,-1.1257219,0.72767043,-0.007748559,0.29017285,-0.034646653,-0.9347762,0.015317827,-0.3874649,0.59506273,-1.3712223,1.047007,0.6721256,0.61470777,-1.0891936,0.76231503,1.0559559,0.14972432,-0.41600955,-0.059039988,0.31447908,-0.6059513,0.37071806,0.77336144,-0.7150377,0.16221619,0.016846567,-0.22388893,0.9020982,0.16238782,-0.12708944,0.34659898,-0.008349305,-1.1209037,1.2137709,-0.13452828,0.17297012,0.23201251,0.69005954,-0.7078626,0.26705134,-0.08820937,-0.0812809,0.028738022,-0.55440086,-0.95407295,1.0029958,0.11998232,0.46951625,-1.0206468,0.3853989,0.03270571,0.1320881,-0.49368593,0.3744026,0.26777983,-0.3653709,0.39846843,-0.2521385,-0.105341375,-1.251809,-0.042602967,0.86802006,-0.52324605,1.3522072,0.39374867,0.014196012,-0.13850763,-1.0006167,-0.26328787,-0.17699969,0.34639204,0.52052265,-0.107312605,-1.0633543,-0.74682355,-0.2900796,0.4677666,-0.842593,0.17296186,0.0471773,-0.9272661,1.0413169,0.7195844,-0.14557104,0.77357036,-0.19079155,0.4994058,-0.19820274,-2.1844778,0.9830393,-0.061230153,-1.1463029,1.2011199,1.5077599,0.0109600425,0.39395988,1.2790341,0.27177736,0.78682923,0.22254947,-1.261062,-1.3591653,-0.9496378,0.9064528,1.1945475,-0.4977547,-1.2094566,-0.45771927,0.52061737,0.07982827,-0.4133619,-1.0388691,-0.118980706,-0.40392745,-1.0173236,-0.36252674,0.22800077,0.5586873,-0.32417995,0.9176461,0.30487838,0.26006097,-0.77876747,-0.8863134,-0.05586734,-0.23989087,-0.5919984,-0.48333418,0.1555338,-0.17040315,1.3566458,-0.54030687,0.35307065,-0.35538766,-0.16752605,-0.39144564,-0.21272466,-0.40667915,0.6670331,0.21694851,0.5347342,-0.053671967,-1.5896361,1.4015524,0.50450146,-0.6334716,-0.047526084,-0.10870483,-0.39855802,-0.12591767,0.7188184,0.24981128,-0.2806745,0.049089152,0.37217125,-0.9723031,-0.38479513,-1.5882612,-0.18330154,-0.45918077,-1.4575076,-0.070979625,0.87837946,-0.57866,0.18157066,1.5414745,-0.02801884,0.102430284,0.5464809,-0.39769125,0.38646546,-0.63148206,0.43146586,0.33697602,-1.188123,-0.54943836,-1.0233297,-0.98513186,-0.09913504,0.13154636,-1.3665264,0.65930617,0.5357287,0.3116385,-0.68876654,0.7723721,-0.5207463,0.15041852,-0.782932,0.22024266,-0.06729233,0.07582432,0.7671437,0.29257682,0.37566155,1.1258233,1.3710207,0.21620777,-0.5624332,0.21082014,-0.89321095,-0.060516648,-0.1187704,0.47824004,-0.39323074,-1.5349845,0.7654857,0.77416867,0.71974367,0.5932742,-0.78880125,0.8964494,0.46998328,-1.9656106,-0.14861001,0.014566973,0.6620556,0.5964159,-0.55609393,-0.76311195,1.4025009,0.11568642,0.51090693,0.2635215,-0.42653358,-0.36757955,-0.27379927,0.873526,0.45669782,0.016996447,1.2404666,1.0531217,-0.2289958,0.17489693,-0.0012833998,-0.6265065,-0.4714879,1.5811641,-0.08270069,0.16913335,1.250863,-0.67167586,-0.17901765,-0.409074,-0.6989455,-1.1750826,-0.23456094,-1.2751244,0.18604234,-0.23168457,-1.1818142,0.274987,0.31343272,-0.3174724,-1.2253519,0.21024309,0.78705466,0.63362086,1.2952284,-0.38583925,0.77169114,0.07930155,0.19582672,-0.13438085,-0.49596715,-0.15251884,-0.15225434,0.85697067,-0.4068907,-0.5347641,1.2858454,-0.65120345,-0.22676359,0.04429415,0.79157895,0.056015067,2.2553544,-0.18717961,-0.80709594,0.37435067,-0.26552904,1.2601221,-0.060930558,-0.1792768,0.109212175,-0.81543684,0.28412732,0.5211726,-0.32781175,-1.1940283,0.15774204,-1.0106139,-0.38392916,-0.17010838,-0.7630991,-1.3234311,0.62701976,0.43022284,0.07143357,-1.1768572,0.5220475,-0.5813407,0.3396456,0.6387928,-0.691037,0.66406256,-0.5815611,0.80230045,-0.34053224,0.29856595,0.0026435442,0.35947627,0.13832714,-0.8038485,0.492517,-0.07353172,0.19679314,-1.5593369,0.37534553,0.23427963,-0.8040726,0.6253944,-0.24404386,-0.35332334,0.59240395,-0.41489568,1.7020569,0.6413573,-0.46923143,0.3984744,-0.2672329,0.26043683,-0.6328844,0.20694914,0.545558,0.82318914,0.055596136,0.43976527,-0.9049656,-1.8822145,-0.1989269,-0.58525205,-0.6469622,0.64527816,-0.62621486,0.22564287,-0.21478674,0.9661061,-0.06032319,0.3441196,0.080492415,1.007832,-0.12713915,-0.6295285,1.489189,0.041840024,-0.6363188,-0.34355047,0.024034552,-0.5113543,0.015457839,1.3768029,-0.49040347,-2.0436819,0.26548886,-0.2587217,1.3983253,0.9119482,-0.8379636,0.10548274,-0.23499337,0.33832213,0.35444596,0.45241714,-0.021112517,0.79578483,0.124786004,-1.0196259,0.06395412,0.046540827,-0.27988046,-1.0053724,0.3717345,0.6863375,-0.11272079,-1.549207,0.1337009,-1.210001,-0.33999985,1.0801321,0.77898496,0.5753361,-0.9525477,0.6343247,-0.116570115,-0.19412552,-0.22417757,0.45187232,1.3460133,-0.59954125,-1.4336863,0.863031,-0.36759144,-0.10088616,-0.8001241,-0.057183787,-0.3942839,0.86936665,0.2359011,-0.45914137,0.6829293,-1.7495573,0.56014293,-0.68282616,0.1665823,-0.034578905,-0.002172768,-1.075506,-0.07297972,0.062353,-0.05426392,0.24577183,0.27501217,0.76872826,-0.22310531,-0.5863168,-0.050266724,-0.65813196,-0.05816061,-0.46297,-0.49604744,0.41403666,0.13799013,0.4973719,0.72593224,-0.6817888,0.30831578,0.6301068,0.6572367,0.89018625,0.105684236,-0.25886345,-0.086198,1.1624728,0.38165504,0.3799704,-1.4901367,0.5492281,-0.19205384,-0.7859066,0.03143698,-0.21930541,-0.116677195,0.007120803,0.46299717,-0.7397083,0.30113447,0.7337911,-0.46423173,0.6437578,-0.7146913,0.28319997,0.13198434,-0.72077775,0.3404821,-0.040664554,-0.16082653,0.03059445,0.13304259,-0.026671939,-0.7874208,-0.9013967,-0.5109321,0.85447705,-1.5517603,1.1366086,0.660892,-0.19661617,-0.5472391,-0.6233363,-1.1001687,1.089219,-0.13935672,0.54653674,1.4487318,1.2323914,1.4050623,0.3272547,0.23314217,0.39696956,-0.8892774,0.3646051,0.09061668,-0.75311977,0.04334922,0.6316394,0.08297178,-0.3876685,0.2714965,0.09300943,0.031271845,-0.013982788,1.1590662,-0.46281013,-0.44994,-0.7542996,-0.3461131,-0.065170854,-1.3019407,-1.1192884,0.43162405,0.01817479,-0.06255248,0.81800014,-0.56969637,-0.4850483,0.25996894,0.6318264,-0.49668792,-0.3045929,-0.14129211,0.0384748,-0.7291299,0.020133182,0.4972074,-1.2960631,0.8171712,0.3928548,0.28480065,-0.6355487,-0.51919603,0.24938062,0.45375538,-0.088500395,-0.8680754,-1.2574397,0.11869235,-0.33785504,-0.28544053,-0.26014552,-0.62675405,-0.6447195,-1.2090081,0.21420735,1.315895,0.53722113,-0.8918899,-0.3527156,-0.01033606,-0.853657,1.5081959,-0.34785888,0.38257155,-0.4451291,-0.26080874,-0.41344747,-0.0104967505,0.51590407,-0.17352426,-0.84165466,0.5477401,0.35019296,-0.7050368,-1.2545973,0.38819256,0.41277662,-0.52869266,0.33678752,-0.86232054,-0.09186879,-0.28644636,0.8189095,-0.86046255,0.13597363,0.63712126,0.16021758,-0.11638141,0.7811951,-0.21096173,-0.003492944,-1.9582016,-1.0078926,0.34308732,0.26887968,-0.5944327,0.28053403,0.6579948,0.19786204,0.9297498,0.055582743,0.53254944,-0.8150791,-0.6038522,-0.27162465,0.5564775,0.516111,1.4864538,-0.66439396,1.5900682,-0.1369335,0.21525364,-0.35668468,-0.2908599,-0.2777068,0.6420964,-0.20941801,-0.21601018,-0.054478273,-0.1990674,-0.17738536,-0.3108244,-0.48948437,0.29960802,-0.038120862,-0.0106833875,0.00488754,1.2727778,-0.33187786,-0.28468484,1.1012515,1.4589571,0.7034545,-0.3849632,0.18487148,-0.34029454,0.015507915,0.99354833,-0.67949396,-0.42707965,1.4456105,-0.93246424,0.11926675,-0.72160035,0.68185055,-0.49481872,0.38719994,-0.3225801,-0.61471164,-1.0081676,-10.448427,-0.9165773,0.59966207,0.5142902,-0.4266458,-0.3898767,0.77029514,-0.90130657,0.03395392,-0.056780465,-0.38318422,-2.1832201,1.0532316,-0.69147426,0.18821923,-0.13161382,-0.3071455,-1.0735359,0.37217176,-0.6588541,-0.024244912,1.5254211,-0.6727008,0.16943645,0.6352569,0.7257889,0.275104,0.10766354,-0.40498695,-0.8866013,0.9524792,1.1091727,-0.73769134,1.2554122,0.9301945,-0.26029134,0.4145881,-0.11265121,-0.92970014,-0.626366,0.16894825,0.8784004,-1.165093,-0.8584218,1.0463068,0.22712326,-2.462115,-0.021287844,-0.6839733,-0.777206,0.43338344,0.21640411,0.44490722,-0.110244855,-0.53500414,-0.22671789,-0.9598471,-0.32736993,-0.060145393,0.51286113,0.29559302,0.21159859,-0.4899694,-0.29520652,-0.36870152,-0.27925378,0.119147286,0.22260155,1.8271651,-0.32175368,0.107657194,-0.81338954,-1.3415712,-0.32658052,0.762954,0.6099563,-0.73066276,0.7367245,-0.58653,-0.006862223,-1.1487501,-0.16360432"
https://help.payactiv.com/s/article/Get-Paid-Your-Way-Understanding-Your-Accessible-Balance-with-Earned-Wage-Access,Get Paid Your Way: Understanding Your Accessible Balance with Earned Wage Access,"Get Paid Your Way: Understanding Your Accessible Balance with Earned Wage Access
Earned Wage Access allows you to access a portion of your paycheck on-demand without having to wait until payday. This amount is your Accessible Balance, which resets after each pay period.
  The amount of your Accessible Balance depends on your employer's settings, with most employers opting for up to 50% of your paycheck to be made available at any given time. However, this may vary based on your employer's policies.
  By default, the maximum amount you can withdraw from your Accessible Balance is $750. However, if you set up paycheck Direct Deposit to the Payactiv® Visa Card*, you can access up to $1500 of your earned wages.
  It's important to note that your Accessible Balance is not a loan, and you won't accrue any interest or fees when you withdraw from it. Plus, with paycheck Direct Deposit, you can avoid costly check-cashing fees and have access to your funds even faster.

Remember, your Accessible Balance resets after each pay period, giving you the flexibility to use Earned Wage Access whenever needed.","0.17293763,-0.89981496,-0.39872628,-0.6193172,-0.09622237,0.04435854,-0.70531976,-0.4752246,1.3443582,-1.0924286,0.085914865,0.7252632,-0.7375708,-0.84094656,0.4336832,-0.2196732,-0.511531,0.80326045,1.366792,0.15300328,0.46893024,-0.40639445,-0.73456484,-0.2683285,1.5620046,-0.044178195,0.07148444,0.34320578,-0.39759415,-0.26290867,-0.0026082546,0.54377604,-1.497635,0.008863106,-1.4021934,-0.31147584,0.05962491,-1.1256822,-0.17965482,-0.4905846,0.30127406,-0.51740134,-0.84549606,-0.30626997,0.47744074,-0.49777812,-0.609624,-0.34893852,-0.53156066,0.03028658,-0.70027494,-0.849852,-0.1098463,-0.21943626,0.26720574,0.67743033,0.23282683,-0.47876418,0.18316962,0.5055599,-0.33289823,0.058801927,0.09842792,-0.19402926,-0.0783943,1.7397875,-1.9306539,1.0872712,0.0065623447,0.37629852,0.0014777333,-0.114089385,0.5351981,0.7513353,-0.104145035,-0.6626966,0.8356311,0.49938726,0.17413199,0.0058891177,0.93133366,-0.35597703,-0.5876687,-0.3168835,-0.18994,-0.20143346,-1.7784028,-0.8228262,-0.47373512,0.39912486,0.17233717,-0.71895975,0.2930328,-0.9155028,-0.06441345,0.7210927,-0.18228109,-0.33064067,-0.084625065,1.3720828,-0.24290809,0.5800495,1.0727253,0.04977416,-1.0821961,-0.80463946,0.064133584,0.45403332,0.4512644,0.28909808,0.776038,-0.15700214,0.44969538,1.1139342,-0.7866183,0.31027532,-0.08537158,-0.37835318,0.33883747,0.15116052,0.3126016,0.7812465,-0.001855515,-0.7335022,0.22416931,-0.35489142,-0.23339997,-0.3539405,0.47205326,0.5395738,0.2291247,0.18453647,0.38545227,0.299493,0.47355768,-0.072470635,-0.011574119,0.6801576,0.2793412,0.93206465,-0.5802243,-0.10809819,-0.17346755,-0.0625974,-0.15961693,0.8597129,-0.5367985,0.14116825,0.36486256,0.06784376,-1.2614895,0.59187376,-0.41564262,0.62272775,0.90822494,0.8810799,0.32207102,-0.40430173,-0.46776593,0.09868966,-0.023112431,-1.0155946,0.1884954,-0.34494233,-0.3701309,-0.6703539,-0.31348217,0.40885302,0.31825498,0.07019146,-0.7102098,-0.68838114,-0.96000123,-0.24045974,0.33279914,-0.19162963,0.502329,0.5447404,0.20721997,0.0065653026,-0.22795767,-0.21361735,1.1698546,-0.7833812,-0.10009074,-0.044809252,-0.11531324,0.3618408,-0.23019382,-0.30945736,0.5377609,-0.49865,-0.9404067,0.6835932,-1.0375301,0.117247775,0.22686976,0.14128159,-0.11348957,-0.6160246,-1.3443444,-0.27615774,-0.061868235,0.90084827,-0.36355948,0.42685464,0.60759723,0.7796246,-0.1789549,1.6084017,0.0352612,-0.11140751,-0.13914588,-0.48873246,-0.43541527,0.30618885,-0.8666768,-0.3942763,-0.7785723,-0.20994899,-0.5536038,0.024005739,-1.1827468,0.20456788,-0.6606598,-1.5118128,-0.1772525,-0.4103647,0.17202139,0.8739492,0.24369265,1.0601242,-0.6836786,0.29084954,-0.5639571,0.40193936,0.20729597,0.12816416,-1.3623877,0.6061759,-0.3542387,-1.3452559,0.3400495,-1.5276905,-0.6691442,-0.8652828,0.37015122,-0.9085946,0.35726523,-1.2458146,-0.119760334,0.4463707,-0.25760686,1.6086489,0.28877097,-0.72069347,0.39841396,0.591646,0.49434382,0.71275383,-0.27194017,0.50751436,-0.52401406,-0.5813531,-0.5217929,-0.06266773,-0.53174573,-0.27417493,-0.030870914,0.013527319,-0.23978224,-1.2569103,0.23465277,-0.5573461,-0.32101828,-1.0062741,-0.025334422,-0.56398,1.4409181,-0.8951629,0.34738696,-0.030743834,0.56090766,-0.0049531683,0.76246494,-0.51227695,-0.3190417,-0.23067082,0.7913557,0.06489224,0.85744435,0.19375113,0.0246,0.070136644,-0.5648584,0.4864396,-0.30843437,0.39695883,-1.6074244,-1.2034647,0.16823843,-0.12639578,0.23315047,-0.56663,0.201829,-0.69561756,0.4424589,-0.4539327,-0.34818888,-0.32058972,0.5128274,-0.031175137,-0.9726869,0.89610535,0.14643808,-0.24844155,-0.5938817,1.401271,1.3173505,-0.16408788,-0.28803194,-0.03491331,0.42261517,-0.6387274,0.6274782,0.2286512,-1.6835119,-0.36694956,-0.09808043,-0.7165533,0.19930585,0.22149038,-0.3774256,0.35462385,-0.30666706,-0.5270616,1.0399991,-0.35920954,-0.440104,0.3263148,0.613052,-0.5092263,-0.53109336,0.64471877,-0.08923391,-0.066235915,-0.188887,-0.99135566,-0.01809856,0.14758837,-0.119271316,-1.0208219,0.36845177,0.63244396,0.033947445,0.44237864,0.747159,-0.31110784,-0.6960883,0.59952813,0.60522425,0.26109356,-0.4527807,-0.10462332,0.2815332,-0.036799505,0.53395325,-0.35999987,0.51757157,-0.31106073,-0.718173,-0.010755051,0.41077405,0.15120938,1.1042721,-0.2896343,-0.6913725,-0.7804275,-0.03686419,0.30318928,0.15274699,0.0037491918,0.68235815,-1.1262065,1.8466214,0.9554344,-0.3660453,0.32812145,0.0947305,-0.07939884,-0.17729679,-1.5079497,0.970352,0.37356594,-1.5796442,0.9958971,1.0817883,0.27919674,0.3629027,1.456714,0.819535,0.9297049,0.9003563,-0.7103211,-0.14263928,-0.54163796,0.45996302,1.4130926,-0.11314586,-0.964874,-0.6104606,0.33462685,-0.42556542,-0.17787948,-0.5978802,0.06869052,-0.09328472,-0.98774445,-0.190962,0.018094767,0.62724125,0.018629223,0.85030085,0.36283934,0.31802195,0.17154369,-0.2535466,-0.6076721,0.3879963,-0.45312756,0.15862341,0.73597336,-0.1043989,0.466553,-0.31975633,-0.25349146,-0.38427445,-0.5750336,0.24927546,0.3183747,-0.20468697,0.74750847,0.007886082,0.12058175,0.08856925,-0.91306376,1.1310405,0.8175912,0.1291228,-0.31030408,0.5932,-0.13814695,-0.36616412,0.27112374,0.2088867,0.5168741,-0.061698355,0.2472088,-0.7872401,0.06772671,-1.2400842,-0.0009713918,-0.39514676,-0.9628618,-0.74490917,0.9491043,-0.62044495,0.2969725,1.6260545,-0.148933,0.2845217,0.041708134,0.061887503,1.5606452,-0.8411791,-0.18975042,0.37637955,-0.43568394,-0.20506856,-1.2607938,-1.197907,-0.25441712,-0.08041778,-0.49910766,0.5548555,-0.71157527,0.081574365,-0.22784561,0.9291329,0.038429365,1.0611126,-0.080963776,0.079131484,-0.26285464,0.025297374,0.0048431456,-0.54955214,0.8564228,1.0846964,1.3909967,0.7150515,-0.91313773,0.86325866,-0.43226922,-0.62820226,-0.97955513,0.9253644,-0.20298144,-0.69749933,0.6670037,0.28977412,0.59928423,0.96938336,-0.28192404,1.0135168,0.21226235,-1.9451927,-0.6699973,0.41048717,-0.2298288,0.3886665,-0.11465953,-0.7684352,1.1644452,-0.06915525,0.5369623,0.5968869,-0.35634336,0.14511412,-0.1774444,0.032051053,0.49081898,0.56663567,0.807668,0.30433255,-1.0337368,1.0198009,-0.012631953,-0.54639,-0.8707633,1.3387647,-0.06048715,0.29153273,1.475252,-0.5439739,0.08812973,-0.12011986,-1.0392474,-1.0030949,0.32284486,-0.9980157,0.62552685,-0.5465321,-1.3391564,0.4009885,0.15889245,-0.26472116,0.28614348,-0.20213428,0.19100316,0.31181043,-0.022325486,-0.23496923,0.015529081,-0.051640887,0.4168728,-0.13573654,0.1356657,0.09173049,-0.2585891,0.95171726,0.008955918,-0.17277378,1.9583626,-0.046425246,-0.88101184,0.37518084,1.2389429,-0.5614505,1.3445872,0.73693717,-0.5740302,0.18533297,-0.19348846,0.50814366,0.18407774,-0.90924025,0.7099835,-0.2569275,0.26263332,0.5161482,-0.032203212,-0.2610381,-0.058443304,-0.7914181,-0.25258574,0.06333651,-0.4577688,-0.9367811,0.03424336,0.2295827,0.525393,0.0040206313,0.676164,-0.032332547,0.33282703,0.9032901,0.077101134,0.24103384,-0.49768135,0.24420354,-0.1974597,-0.031565692,-0.23723668,-0.3633716,0.086691275,-0.13497022,0.6867606,0.13965042,0.77629936,-0.7018622,-0.038704216,-0.07979941,-0.25107193,-0.23411654,0.25948143,-0.15364096,0.07205811,-0.19609137,1.6122732,-0.63333696,-0.20063633,0.27121705,0.13280682,-0.2976353,-0.8696815,0.0069136396,0.6322798,0.45594773,0.53058565,-0.048373714,-0.5168165,-1.6830158,0.33539018,-0.22335824,-0.20689663,0.36489087,-0.13714501,0.19347613,-0.15048781,1.2836943,0.14394589,0.06520972,1.114599,0.78112066,0.048850298,0.32840565,0.12914485,0.022664327,-0.5144697,0.29765117,0.9453286,-0.51586026,-0.23661172,0.9946799,-0.92368084,-1.3926973,-0.63682085,0.12510422,0.6289901,0.68556684,-1.3769614,-0.60120124,0.58266366,0.118578635,1.0751845,1.3090893,-0.07251456,0.4703744,-0.03667918,-0.2789467,1.190633,-0.40306693,-0.24561909,-0.83608156,0.24908476,0.25493747,0.32117462,-1.9098603,-0.13538945,-1.5477172,-0.9265662,0.9459001,0.23563355,0.47392887,-1.5431654,-0.37117794,-0.02286166,-0.05642955,-0.22064468,-0.30991873,0.51374996,-1.0066875,-1.8314815,-0.13982084,-0.064745314,-0.22557986,-0.20625809,-0.44838315,-0.58939904,0.7513412,0.09832172,-0.8379106,0.5558456,-1.4362361,0.32147446,-0.5632018,-0.102548935,0.45992786,0.10963565,-0.58209133,0.21858372,0.055629767,-0.48848853,0.08393363,0.82095134,-0.046835065,-0.09698389,-0.13603476,0.5825232,-0.33679637,0.13788685,-0.054495685,-0.5904093,0.30503267,0.08287409,0.46296957,0.29265374,-0.25530267,0.12056826,-0.097655654,1.0259317,0.121970005,-0.89340353,-0.409061,0.21442471,1.3069078,0.47641373,1.2051322,-2.0452197,-0.03604372,-0.008076288,-0.4849314,0.118637085,-0.9362904,-0.28550887,-0.9573934,0.16058701,-1.1941817,0.3233442,-0.13798064,-0.26664007,0.16817184,-0.54550004,-0.060550474,-0.59602815,-0.8456547,0.047192752,0.6948939,-0.5403206,0.28426433,-0.6918345,0.4606745,-0.46465892,-0.31785446,-0.09324528,0.46965784,-1.7649907,1.0069853,0.26011312,-0.6723162,-0.54079443,0.9223231,-0.8523042,0.44797203,0.03500517,0.52910864,1.2884645,0.32370082,1.2826065,0.23756586,-0.017880216,-0.5514262,-0.7456143,0.99622786,0.074945815,-0.43442744,-0.2291323,0.3757455,0.024943374,-0.17071119,-0.71527535,-0.20535207,-0.6828151,0.09900586,0.44906637,0.19188502,0.584859,-0.46171778,-0.24809632,0.29781416,-1.1810253,-1.3891131,0.89259034,0.5021513,0.57040507,0.8958774,-0.403631,0.3340783,-0.1334568,0.33989483,0.021580637,0.25411025,-0.0035953075,-0.9642879,-1.3753127,-0.662046,0.18499027,-1.3463749,1.0605075,0.21161862,0.21680072,-0.83178276,-0.84310246,0.4063228,-0.70610535,-0.79873335,-1.2902828,-0.41281512,0.417669,-0.3693696,-0.9252836,0.4466508,-0.1491088,-1.3917091,-0.95969665,0.29199013,0.5646475,0.3614641,-0.52113545,-0.53765726,-0.43473867,-0.35628048,0.44611737,0.09338608,0.08558659,-0.66837883,0.16299392,0.075910136,0.55953974,0.61924183,0.30554888,-0.27504435,-0.101921305,0.4726522,-0.46489382,-0.54155374,0.9034618,0.23406836,-0.009505585,0.32389456,-0.61389834,-0.68394744,-0.7138684,0.120657176,-0.9003953,-0.25424957,1.0630966,0.43204278,-0.5733937,0.671872,0.4312256,0.6146244,-1.6743503,-0.87131745,0.21465816,-0.7236537,-0.22259206,0.42398185,-0.03277861,-0.041762426,0.36554915,-0.6472832,-0.10653533,-0.36911032,-0.2893688,0.36065978,-0.03791452,0.063216165,0.47262406,-0.61984026,0.892597,-0.5091652,0.15396431,-1.0474185,-0.24163291,0.15198739,0.51853365,-0.29558802,-0.13849929,0.2464998,0.23814508,-0.22283812,-0.102951095,0.3468501,0.49417,0.17270377,0.03450872,-0.041698836,1.4436489,-0.22218993,0.6018436,1.2707546,1.2173424,0.6597893,-0.31607544,0.92029256,-0.47284064,0.21887772,1.4335892,0.11795894,-0.06412407,1.0391196,-0.8337723,-0.6375314,-0.5009441,0.49303403,-0.54916275,-0.02959273,-0.5137627,-0.7310029,-0.38525587,-12.723326,-0.5293863,0.16437969,0.3275099,-0.16611145,0.26789546,-0.42462945,-0.2190724,-0.072253436,-0.20086676,-0.6340994,-1.2204223,0.32121468,-0.47138315,-0.16298625,0.09710661,-0.06643402,0.09766148,0.94024533,0.2324694,-0.23894161,0.8953092,1.015463,1.1079298,0.69278765,-0.030656338,0.74436873,0.17343837,-0.32313338,-0.53189117,0.27620935,-0.027820338,-0.41409516,1.1665359,0.23901644,0.5308349,0.14900231,0.067039594,-0.59282506,-0.19594423,0.3048641,0.03664199,-1.275445,-0.61595124,0.131904,-0.06800242,-1.6470244,-0.58992815,0.20453402,-0.25998837,0.059879333,-0.25788388,-0.14136413,0.009464383,-0.51564986,-0.31371236,-0.75629544,0.18147522,0.39554673,0.36041865,0.20434693,0.12272251,-0.6789657,-0.10530651,-0.7887434,-0.3153258,0.3267619,-0.22553575,0.9047017,-0.9931111,-0.0817241,-0.67715853,-0.3475158,-0.92876107,0.7581247,0.06520669,-1.8045447,0.8089868,-0.66528976,0.5526211,-0.5407559,-0.13562062"
https://help.payactiv.com/s/article/How-To-Get-Earned-Wage-Access-After-Changing-Jobs-or-When-Employer-Benefits-Change-EWA-Job-Boards,How To Get Earned Wage Access After Changing Jobs or When Employer Stops Offering Payactiv,"How To Get Earned Wage Access After Changing Jobs or When Employer Stops Offering Payactiv
Accessing earned wages (EWA) can be crucial when you need to pay bills or cover unexpected expenses. Unfortunately, if you change jobs or your employer stops offering EWA, you may lose access to this benefit. But there is a solution: working for an employer that partners with a company like Payactiv.

It's easy to find a job that offers Payactiv EWA in the free Payactiv app. You can search for open jobs and save your favorite job postings. 
  In addition to EWA services, Payactiv also offers paycheck Direct Deposit. By signing up for Direct Deposit through the Payactiv app, you can get paid up to two days early1. This can help you access your wages faster. Download the app by searching ""Payactiv"" in your phone's app store.","-0.3614673,0.14900151,-0.6151029,-0.18433623,-0.23469703,-0.54800695,-0.81814635,-0.3929574,1.2940027,-0.8388947,1.0167184,0.75862926,-1.2453374,-0.97018266,0.15489817,-0.060467985,-0.949691,0.8825772,1.0312452,0.5108877,0.35524896,-0.1836222,0.2656579,-1.4795234,1.284308,-0.19937387,-0.47679153,0.6748077,0.0325988,-0.08900882,0.65327656,0.47122657,-1.1734445,0.42181727,-0.8781525,-0.22071216,-0.6948518,-1.0577182,0.3713668,-0.69499636,0.51340973,-0.33611053,-0.13397282,-0.6300671,0.9099167,-0.44088256,-1.6248207,-0.93587357,-0.52439785,1.0255079,-1.0593544,-0.4761598,0.47789085,-1.3807193,-0.045076877,-0.011297092,-0.29340273,-0.7859257,0.24636772,0.12085715,-0.12717614,-0.21235362,-0.4474523,-0.13409564,-0.66996986,0.9070183,-0.9804568,1.579504,0.20059407,-0.013765752,-0.28511393,0.62820774,0.765679,0.19308187,0.3374042,-0.20586653,0.95681375,0.7753303,0.5130345,0.1844737,1.4133683,-0.4210871,-0.11645027,-0.65863913,-0.99126303,-0.30660257,-0.6046471,-1.2858319,-0.6325674,0.076106206,0.2601291,-0.81153893,-0.011436712,-0.23375796,-0.02633302,1.8345716,-0.2964616,0.33481568,-0.1227754,0.5578735,-0.29442582,0.40335822,0.20504087,0.4837788,-0.6895905,0.25492138,-0.37838542,0.28181458,0.6416004,0.20413661,0.94837874,-0.30338615,1.0011185,1.1877142,-1.4171747,-0.016331524,-0.17594425,-0.7454413,0.44136456,0.2711345,0.03737739,0.46532056,0.40772378,-0.8308384,-0.4086206,0.07639094,-0.45994377,-0.31298572,0.2236493,0.26407248,-0.54281,0.2989006,0.21335189,0.49596918,1.1176014,-0.28564093,-0.4378279,0.48777506,0.019020557,0.322839,-0.054626197,-0.24760623,0.17362423,-0.6954637,-0.018635508,0.25071722,0.22442493,0.44337517,0.22199889,0.6341113,-0.54540366,0.47725356,0.42917386,0.23593457,1.062816,1.4906173,0.6742345,-0.80032563,0.4404522,0.88151497,-0.097720474,-0.8189563,-0.2095514,0.34715495,-0.6242615,-0.88119483,-0.52518475,0.2855746,-0.050100554,0.43894172,-0.44531786,-0.8459819,-0.9280142,-1.1096859,0.8203107,-0.5484706,0.6564662,0.10032466,0.1887429,-0.1003526,0.4796767,-0.2505866,1.054492,-0.82905483,-0.7557222,-0.30497968,0.26171303,0.4397341,0.035138145,-0.46807593,0.12094799,-0.91178715,-1.1868685,0.45286697,-0.87938863,0.029216915,-0.11273613,-0.34415025,0.14261958,0.0027755462,-1.2979069,0.3746746,0.5107268,0.93409705,0.05995725,0.0718506,1.0410585,0.17123805,-0.6156614,0.5643601,-0.11345477,0.7437727,0.26293892,-0.31906682,-0.29828873,0.19485852,0.05493987,-0.8321899,-0.778782,-0.15941097,-0.78273785,-0.046135064,-1.7603995,0.18652493,-0.67207885,-0.66861284,0.42539445,-0.47677386,0.0115720965,0.45441806,0.4216851,1.0429012,-0.29027963,0.5900484,-0.012365468,0.30869675,0.09937791,0.3824286,-0.1518996,0.19303161,-0.26269656,-0.07343225,0.6437295,-0.98469675,-1.1520877,0.20626199,0.3625912,-0.62935436,0.31850642,-0.8152067,0.5687795,0.77624536,-0.37120524,1.411748,0.5075917,-0.6180203,0.037022825,0.50517863,0.31546462,0.5083475,-0.047225025,0.5532492,-0.48491013,-0.37742662,0.16025378,-0.33297855,-0.6207301,-0.59475136,-0.20455286,-0.0944008,-0.45649683,-1.2931027,0.38179696,-0.41622084,-0.31580317,-0.82899565,-0.45665264,-0.5194321,1.2134796,0.052651085,-0.25553584,0.57997763,0.18434161,-0.12857589,0.078647695,-0.64967525,-0.6365106,-0.6278748,1.1455411,-0.05495938,-0.83739936,0.38379294,-0.24106804,-0.03308638,-0.9166525,0.3740375,-0.3700863,0.29692796,-0.9828468,-1.1529095,0.7349717,0.31410378,-0.45408678,-1.1397151,0.35540393,0.20812052,0.65040964,-0.68869704,0.41955075,0.26369715,0.16415232,0.23446265,-1.0279998,1.0020236,1.1684815,0.81450385,-1.1917354,1.2785606,0.5541061,0.05971475,-0.38503665,-0.36930546,0.33980948,-0.64154625,-0.42733428,0.97086215,-0.7823088,-0.4712764,0.05105908,-0.17964321,0.12614757,0.51405776,-0.3288204,0.036282577,0.1326518,-1.0888237,0.42425558,0.88848186,-0.07286515,-0.1263996,-0.51997316,-0.2874595,-0.3128888,0.49778637,-0.3391911,-0.363743,-0.7403249,-0.5230468,0.5781761,0.016733184,0.0487757,-1.0525519,0.29471558,0.7220296,-0.31635946,0.05527363,0.9387856,0.08305459,-0.86688936,0.3732895,0.581395,0.8313566,-0.854727,-0.03651137,0.98711324,-0.35726756,0.5388237,-0.44380292,0.15288337,-0.6491621,-0.5908123,0.14797398,0.23162906,0.5475506,-0.22584489,0.376359,-0.8812498,-1.0230746,-0.51982224,0.556461,-0.051590696,-0.31062096,0.9808202,-1.2813554,1.3303026,0.9284671,-0.13091213,0.13198145,-0.0106773935,0.71899295,-0.030494876,-1.2740134,0.96282333,0.3867566,-1.7552878,1.5851272,1.765132,-0.16514653,0.6213602,1.2301694,0.15213571,0.7380357,0.39000097,-0.054595664,-0.42798468,-0.94371814,0.12632445,1.2889903,-0.31661257,-0.9321384,-0.4200961,0.24352641,-0.10182373,0.21910015,0.1276297,-0.59471834,-0.059848092,-1.0855961,-0.428612,-0.07654845,0.4391118,0.5732597,0.24998587,0.46797934,0.108833686,0.27429578,-0.79112786,-0.89714164,0.5146444,-0.3124545,-0.2788427,0.22054853,0.22983083,1.175075,-0.65620214,-0.066958494,-0.09810291,-0.97999847,0.06831393,-0.1381734,-0.21676755,0.35954362,-0.07975185,-0.05573167,-0.51750404,-0.7293571,0.5009303,0.6137371,0.1148544,-0.28290674,0.29009882,-0.52050585,-0.2300501,0.23231257,0.7144972,-0.4054901,-0.0067404583,0.5113816,-0.9421309,-0.3134303,-0.929206,0.47946006,-0.8627549,-1.3509178,0.18299767,0.14008021,-0.54589725,0.046017095,0.8539294,0.414286,0.032142416,0.5952069,-0.27856404,0.8757329,0.16956079,0.42016575,0.42604846,-1.5125428,-0.36160067,-1.3894148,-1.3258145,-0.2956565,0.10907532,-1.0458189,0.65816396,0.11807322,0.50197816,-1.0138242,0.9068642,-0.30127332,0.6460543,-0.13277358,0.4732985,-0.009832889,-0.35440338,1.2032565,-0.28857583,0.5766384,0.6649899,1.3557651,0.17882597,-0.8626899,0.024516664,-0.12442142,-0.51838773,0.034613542,0.402741,-0.045603454,-1.057631,0.06820638,1.3963687,0.32857606,0.2039044,-0.5221753,0.6541286,-0.090570584,-1.5997885,0.3989771,0.01973635,0.092406265,0.12123993,-0.13031434,-0.70938545,1.0666215,0.23979813,0.40634498,0.3155592,0.23535801,0.13679194,0.30246174,0.26288894,-0.18684207,0.7704197,0.14820969,0.59551126,-1.1306316,0.10419783,0.14476404,0.19242384,-0.31819236,1.0837785,0.21526168,0.7113193,2.2410798,0.0028032586,-0.3705365,-0.20222166,-0.9728124,-0.7615368,0.06728291,-0.80060357,0.16065013,-0.6613815,-0.7160264,-0.17642206,-0.4773539,-0.41275287,0.07861601,-0.1268991,-0.21184257,0.36175716,0.90607613,-0.037076414,0.32857046,-0.18925032,0.86366373,-0.27275354,-0.15763345,-0.52427477,-0.34761673,0.78760743,-0.17459,-0.2625879,1.3531914,-0.82989675,-0.56366867,0.77764773,1.3727682,0.1582599,1.710664,-0.3530929,-0.3672336,0.37121946,-0.77811027,1.0994256,0.693562,-0.8187521,0.8937811,-0.60450804,-0.02309136,0.58728045,0.09678878,-0.43544447,-0.07314826,-0.6769997,-0.44165072,0.3000138,-0.6286599,-0.9853632,0.030538961,0.510121,0.41609868,0.3136453,0.35978347,-0.4479257,0.1699414,0.7629948,-0.73278415,0.64307773,-0.22749314,-0.056751885,-0.5881357,0.46279138,0.360727,-0.23552041,-0.113406986,-1.0102398,0.7266768,0.6642305,-0.16444635,-1.1017202,0.5797538,0.6010806,0.20226577,0.083030105,-0.1552153,-0.17479333,0.3950236,0.3243811,0.708244,-0.31591967,-0.53239495,0.62566376,-0.31629664,0.28760982,-0.46279934,-0.39026096,0.858725,0.15900496,1.1515229,-0.3876043,-0.15761155,-1.3603272,-0.4800767,-0.2855398,-0.4530929,0.028533451,-0.44735858,0.0138074905,-0.22513685,0.41082478,0.43881357,0.4043114,0.29160714,0.5992451,-0.6069303,-0.1873518,-0.20500064,-0.029385464,-1.0746144,-0.049434617,0.18580003,-0.9270507,0.49407518,0.71832025,-1.2709254,-1.5020021,-0.16582878,-0.69888884,0.52818584,0.31903857,-1.5839006,0.07506715,0.31786,0.42949235,0.64844453,0.871107,-0.087313615,0.4880628,0.19422904,-0.6365581,0.25343198,-0.03487003,-0.063387744,-0.58833414,-0.087971546,1.2701843,0.20561455,-1.6335,-0.3587438,-1.4526184,-0.039124474,0.13694237,0.02262146,0.5324369,-1.2529353,0.3942643,0.36119252,-0.11544235,-0.59721047,0.015402757,0.30740184,0.034008667,-1.606097,-0.040602125,-0.23102593,-0.73913765,-0.36872414,0.023299553,-0.46245864,0.97486126,0.042331204,-0.41705042,0.98732454,-1.9282396,0.18566898,-1.0764745,0.28584224,0.37442988,-0.13069533,-0.72777796,0.15354007,-0.17621621,-0.52740204,-0.29455772,-0.31410724,0.2690263,-0.3018897,0.42894238,-0.1657154,-0.084781416,0.021912262,-0.25177088,-0.3171548,-0.7436905,0.076816425,0.29423636,-0.27969941,0.042511012,-0.17320219,-0.19265151,0.57633126,0.5403725,0.27299106,-0.6916256,-0.23349735,0.9743931,-0.04625813,0.52283275,-1.1034346,0.4156144,0.28792503,-0.7956202,0.08808741,0.20572305,0.087736994,-0.7913448,-0.33537024,-0.56387943,0.5361326,0.5757578,0.37736917,0.32636157,-0.66242015,0.4259103,0.08144495,-0.051132113,0.40737724,0.067330554,-0.8926523,0.074919716,0.29034618,0.4932985,-0.8212211,-0.64709693,-1.2180012,0.70852053,-1.5746429,0.32237178,0.1680364,0.26970544,-0.72505546,0.14027625,-1.84587,0.3396162,-0.19967417,-0.60101026,0.89396137,0.4763705,1.0175669,0.5382709,0.15770403,0.18239002,-0.29709,0.5809239,-0.4568992,0.27584356,0.47960263,1.091879,0.70188653,0.3570941,-0.15380833,-0.22421625,-0.04155542,0.49235862,0.427879,-0.5942563,-0.016951405,-0.06381309,-0.20007303,0.1931032,-2.0722058,-1.301569,1.1143333,0.024626829,0.21116398,0.43189722,-0.48315045,-0.44079977,-0.08797955,0.40873456,0.18526971,0.027832888,-0.51285017,-0.36041877,-1.197125,0.09477128,0.7880649,-1.7226998,0.664089,-0.09992941,0.82339466,-0.2892189,-0.4312916,0.34384346,0.15321198,-0.33359188,-1.6023554,-0.41115126,0.55994564,-0.2848997,-0.74522805,0.12030801,-0.40039104,-0.6961657,-1.161975,-0.7314142,0.99770087,0.61250484,-1.0588006,-1.0072855,-0.07965776,-0.16905789,1.3574904,-0.3733298,-0.18850367,-1.0630869,-0.51094687,0.38840598,-0.14895271,0.32058325,-0.63688546,-0.80087554,0.35559362,0.10696896,-0.5209295,-0.48749554,0.85224473,1.2739043,-0.6256368,-0.09804554,-1.2929916,0.40245616,0.018544823,1.0935236,-0.27660123,-0.057987906,0.93909013,0.3308518,0.13515158,0.6747982,-0.10930936,0.2820648,-1.104032,-1.549267,-0.5612733,0.17003193,-0.2400142,-0.026091568,0.48681322,0.95926225,0.65089816,-0.6379532,0.56963444,-1.3129257,-0.034858268,0.56585675,0.37498355,0.38859087,0.91081065,-0.83955634,1.1684536,-0.70032597,-0.32367423,-1.255601,-0.2616841,0.2170139,0.15807052,0.10920297,-0.43390203,0.103958815,-0.11611659,-0.016452584,-0.23181137,0.37613434,0.87113214,-0.23703763,-0.086206235,-0.68418163,0.9711053,-0.6604377,0.2814567,1.6699661,1.1266155,0.5101807,0.55613947,0.6125466,-0.043583944,0.119980745,0.97525835,-0.47207716,-0.33007208,0.8497828,-0.7357696,-0.6087131,-0.8633762,0.33705157,0.20889306,0.40751243,-0.0258236,-0.89050484,-1.0421678,-12.461568,-0.8473666,0.55409515,-0.07978712,0.23380496,0.17447394,-0.2956715,-0.44364417,-0.18299162,-0.20586613,-0.28277978,-1.3172636,0.55777436,0.053363755,0.5091898,0.39159143,-0.45526743,-0.60701936,0.49204475,-0.10258577,0.4865141,1.2729068,-0.25890934,-0.13890138,0.72541386,0.13879015,-0.023460656,0.20376047,-0.6626639,0.62961864,0.25562865,0.36916003,-0.07080396,1.2183752,0.9521817,-0.13716187,0.5477407,-0.47470045,-0.20993897,-0.548981,1.519919,0.5225436,-0.7796074,-0.22121234,0.76050687,0.7055977,-1.4894943,-0.23407407,-0.2945477,-0.50305784,0.050630778,-0.15836108,-0.45807147,-0.48958308,-0.4551506,-0.40883934,-1.0862918,-0.5992843,0.6004176,0.51875,-0.23777896,0.5760496,-0.52606374,-0.43090922,-1.0753877,-0.41092795,-0.47176784,0.9267133,1.2336198,-0.682031,-0.32287842,-0.05377619,-0.42771128,-1.2094274,0.58812934,0.39697903,-0.88514364,0.88127035,-0.75172406,1.3772428,-0.722395,-0.49969012"
https://help.payactiv.com/s/article/How-To-Find-a-Job-That-Offers-Earned-Wage-Access,How To Find a Job That Offers Earned Wage Access,"How To Find a Job That Offers Earned Wage Access
We invented Earned Wage Access in 2012 to help hardworking people like you access your wages when needed, not on an arbitrary pay schedule. Right now, Earned Wage Access (EWA) is an employer-offered benefit, like paid sick leave or health insurance. That means that to get part of your wages before payday, your employer must have an existing partnership with an EWA provider like Payactiv.

While we're working to change how the world sees EWA so it can be more widely available, it's not a service that individuals can sign up for on their own right now. If you want EWA, but your current employer doesn't offer it, check out our EWA Job Boards in the Payactiv app! You can save jobs for later and apply, all in one place. We wish you luck in your search!
EWA","-1.1263361,0.5663875,-0.7517121,0.35032293,0.05260174,-0.2565639,-0.667495,-0.77386206,1.5650585,-0.6292294,0.702864,0.57274544,-1.0693861,-0.305709,-0.20802209,-0.466603,-0.4910959,0.8604623,0.800362,-0.0892571,-0.016981652,-0.30579972,0.079050496,-1.2535999,-0.13664939,0.008937005,-0.061735075,0.52659816,0.449416,-0.61259395,0.17403287,0.27343103,-1.7207578,0.29710805,-1.0464274,-0.012986913,-0.5547788,-1.3408233,0.21346611,-0.33480528,0.69886804,-0.35966748,-0.8098314,-0.70329773,0.7566769,-0.46308255,-1.1956518,-1.332158,-0.4222459,0.53136605,-0.6531199,-0.5791373,1.1646695,-1.4715987,-0.42694724,-0.4122301,-0.03443628,-0.5684772,0.2064161,0.4749108,-0.1614762,0.07506388,-0.54191,0.049997598,0.08024631,0.3885955,-0.67330277,1.208279,0.37573332,-0.3493506,-0.49546766,0.38433632,0.51958704,0.21271808,0.6206681,-0.03992839,1.3366112,0.92371446,0.5798808,0.26405495,0.77480555,-0.70098674,-0.19307607,-0.79358965,-0.77077067,-0.1823621,-1.3735807,-1.3548154,-0.28894436,0.38130134,0.10934326,-0.60265875,0.17532411,-0.6792044,0.13474807,1.4599608,-0.2846815,0.23872666,0.15560545,0.46271488,0.33209354,0.081509545,0.6002507,0.22271107,-0.64749825,0.23523101,0.16559102,0.36726278,0.9785129,-0.11665189,1.1123794,-0.20400725,0.9855089,1.0089115,-1.4096723,0.46878308,-0.099703304,-0.44047582,0.1518893,0.4009564,-0.0117779,0.83619875,0.60089046,-0.38267297,-0.28296036,0.13877726,-0.2791542,0.34291995,-0.05717282,0.5464951,-0.510333,0.3023485,-0.010933891,0.30941504,0.8384929,-0.07053418,-0.36903578,0.5619424,0.60979,0.19248168,-0.08822325,-0.40175855,0.43123594,-0.61182636,-0.07518388,0.6444999,-0.2221373,0.57458246,0.118408784,0.2007179,-1.520882,0.37509263,0.1586735,0.7494895,0.82401615,0.9523011,0.35334122,-0.430853,0.41208556,0.59602773,0.030300915,-0.6312924,-0.1785273,0.20064515,-1.092659,-0.7019495,-0.44877094,-0.27498376,-0.14751396,0.4923772,0.077285096,-0.65906924,-1.0507089,-1.2189801,0.47583136,0.26078385,0.6753329,0.6247978,0.17949829,0.15587701,-0.014092848,-0.1140755,0.75548863,-0.8731942,-0.74889696,-0.61501276,0.18148567,0.5340458,-0.037308812,-0.09424282,0.012717456,0.10437331,-0.8211103,0.4598707,-1.1454232,0.1724831,-0.06844741,-0.27960676,0.34041703,0.07113159,-0.9776912,0.15253979,-0.18712063,0.37680486,0.24768099,-0.0012655333,0.9282832,1.1114134,0.28658357,0.7837682,-0.3875202,-0.009554246,0.27212843,-0.73700464,-1.1476369,-0.15396562,-0.06365182,-1.2346531,-0.6223591,-0.2609856,-0.6824558,0.9953943,-1.6167266,-0.08948106,-0.29235736,-0.77656007,-0.009771936,0.09814753,-0.5782401,0.11211753,0.94994885,0.74082613,-0.015224315,0.43413568,0.50933594,0.029882431,0.4928134,0.66924495,-0.99704933,-0.28093493,-0.5929501,-0.35511255,0.48611113,-0.51814795,-0.76592416,-0.34450266,0.4765865,-1.5106019,-0.099524945,-0.47301108,0.07579352,0.84632134,-0.5842661,0.81601506,0.2300958,-0.047265887,0.63848233,-0.1746961,0.118737176,0.81419253,-0.22069447,0.40748617,-0.33437657,-0.6753365,0.6329564,-0.46050927,-0.06704484,-0.2367295,-0.47630602,0.1835449,-0.2863502,-1.4623998,0.018236786,-0.4656885,-0.8792006,-0.589628,-0.19059812,-0.1957956,0.97629607,0.17619748,-0.1657372,0.23588362,-0.021932244,-0.121061146,0.6388407,-0.5205396,-0.56804144,0.34331885,1.2990932,-0.084373444,-0.54515916,0.4562286,0.072165444,-0.30594847,-0.36870366,0.39413083,-1.2443893,0.20751292,-0.647055,-0.7710367,-0.29505715,-0.69139916,-0.19651134,-1.1589755,0.7683221,0.06454778,0.09697077,-0.273991,0.19040379,0.3656577,0.07546187,-0.28688386,-0.54690826,0.10625112,0.2572108,0.67910224,-1.6122459,0.42240408,0.47213233,0.1655146,-0.067822084,-0.096901014,0.40403506,-0.28802395,0.116199136,1.1585096,-1.2035117,-0.93359214,0.218009,-0.43392894,-0.23470822,0.9029919,-0.28879035,-0.044820562,-0.4632843,-0.34645027,0.6011497,0.5530634,-0.673292,0.20996124,-0.17112924,-0.36553445,-0.26422945,0.68524873,0.027371,-0.48595288,-0.8668922,-0.2933348,-0.07598229,-0.010438144,-0.26974064,-0.79778534,0.009327099,0.84929496,-0.42978257,-0.21707931,0.96457493,-0.5772525,-0.52285284,0.18091348,0.8523071,0.9979729,-1.0968179,-0.07661271,0.4464253,-0.7113285,0.263495,-0.36054844,0.2156325,-0.90084505,-0.32778168,-0.036750074,0.17795719,0.3694479,0.07209264,0.27068222,-1.0424875,-0.9010217,-0.10907895,0.5376564,-0.18050675,-0.08743775,1.0853705,-1.2408534,1.4200411,0.2703372,0.17792486,-0.18871231,0.057285808,-0.45052332,0.42623156,-0.8167781,0.8643877,0.563291,-1.4450114,1.589068,1.4603288,-0.009012759,0.37583357,1.5646498,-0.21206573,-0.09500429,1.1085037,-0.41429752,-0.17376623,-0.758364,0.075552866,1.1782634,-0.36231962,-0.7130959,0.007869288,0.22667755,-0.21663198,0.37928593,0.6390662,-0.50315386,0.34513223,-1.1063844,-0.4723654,-0.11279936,0.5808532,0.014302194,0.49466932,0.6564687,0.19635342,0.7040888,-0.5719924,-0.67547745,0.42407712,-0.5656851,0.062445715,0.13190116,0.48860717,0.5270482,-1.0681129,-0.5040179,-0.65045226,-0.8044557,-0.2215105,0.0840067,0.120429754,0.42959654,-0.025114246,0.23352501,-0.43914348,-0.8103967,0.99254596,0.2471177,0.78643143,-0.79893816,0.2874909,-0.33212852,-0.46604165,0.2437017,0.8476738,0.34809178,-0.12678719,0.47078815,-0.37519103,-0.14910103,-0.4024793,-0.019912928,-1.0179274,-1.450003,0.36277807,-0.4906659,-0.18106039,0.1860137,0.82643855,0.124504134,0.18251847,0.7005239,-0.06624331,1.0130653,-0.3702471,0.37187493,0.53253335,-0.7833353,-0.18250993,-1.5974532,-0.4705622,0.4233916,0.090095714,-0.5429634,0.22622491,0.11797332,-0.042191856,-0.9063318,0.8735318,0.6138979,0.73687243,-0.5739986,0.4118716,-0.6265528,0.6221137,0.657516,-0.48450676,0.514411,0.6498153,1.4553317,-0.2832194,-0.917633,-0.31907284,-0.09843125,-0.90263546,-0.04235032,0.15319526,-0.01701817,-0.47372073,0.426524,0.62087506,0.42499977,0.3305374,-0.2666667,0.81449586,0.38362288,-1.4867219,0.45054662,-0.24974863,0.12000996,0.31720424,-0.14890207,-0.7880274,0.45433947,-0.5669119,0.5967171,-0.04745489,-0.1956296,0.45001274,0.2960999,-0.16870785,-0.349207,0.45358795,-0.13775128,0.19837874,-0.9451072,0.5887735,0.34078473,-0.22102955,-0.54432446,1.230164,-0.14825341,0.6835693,1.8940147,0.30371615,0.031100504,-0.15307096,-1.3784146,-0.39516544,-0.11917701,0.09401604,0.5280211,-0.56636125,0.05417712,-0.07639417,-0.56616867,-0.693488,0.4936942,0.16389485,-0.1573917,0.8329439,0.79362786,-0.19001783,-0.11022471,-0.07190065,0.8955901,-0.3721189,0.81788486,0.13711186,0.059494346,0.20645843,0.062013283,-0.33430535,1.5293157,-0.6589622,-0.35815603,1.097666,1.0993761,0.6631268,1.5652207,0.4658107,-0.46945465,-0.7794809,-1.0467832,0.8827527,0.4601211,-0.71899635,1.0719107,-0.72873473,0.07422975,0.661432,0.18860824,-0.27497435,-0.037327405,-0.015405916,-0.3580774,-0.15551092,-0.8532107,-0.27072847,-0.17081371,0.19448997,0.3154845,0.80539227,0.4876365,-0.72406405,0.3447373,0.5619257,-0.27730656,0.6605761,-0.6890604,-0.10370322,-0.43662626,0.19484943,0.6322849,-0.19547541,-0.0472932,-0.5897602,1.370419,0.8294742,0.64012814,-0.78261876,0.5400621,0.13291416,-0.07897491,0.122319415,0.3813329,0.08908127,-0.03939953,0.5795723,0.4840097,-0.3367051,-0.37315285,0.27246577,-0.5821017,0.3904714,-0.55285174,0.14287345,1.4291983,0.32307792,0.9054634,-0.96745855,0.26274687,-1.0441632,-0.122300364,-0.24303955,-0.7668301,-0.17448397,-0.18025294,-0.30325282,-0.042624697,0.87216675,0.4331151,0.8397541,0.06976134,0.8824948,-0.5680791,0.03176993,-0.3729109,0.5471312,-1.0896171,-0.2740347,0.27486625,-0.3881827,0.7540684,-0.0801559,-1.5874275,-0.973934,-0.4701764,-0.19450545,0.047751423,0.05183018,-1.6773373,-0.48946452,0.033369362,0.594894,-0.22802874,1.4447025,0.034451704,0.3710514,0.26856095,-0.5095131,0.513558,-0.18972789,0.15441656,-0.74005735,-0.093808174,1.1656067,0.756099,-1.0800948,-0.55322427,-1.7268355,0.27600712,0.21623237,0.4979457,0.21930595,-0.9563384,0.30344272,0.3112618,-0.24874453,-0.19327322,-0.11626631,0.084717736,-0.18155037,-1.1992033,-0.015085727,-0.48134223,-0.39014754,0.008226637,-0.02922833,-0.8420911,0.38010624,-0.44878602,-0.39628947,0.94011635,-1.6079371,0.3022313,-1.143319,0.56814325,0.9240402,0.2464719,-0.36206555,0.20199853,0.047407247,-0.40964928,-0.4349679,0.085239075,-0.21434954,-0.2697893,0.39809287,-0.013646524,0.0063885003,0.09838463,-0.017714098,-0.4650699,-1.0168421,-0.47032464,0.39084643,-0.24066395,-0.6517803,-0.17659429,-0.43855712,1.1960646,0.81105155,0.036859974,-0.7450376,0.3963766,1.2806504,0.1733017,0.66565466,-1.1346617,-0.033786207,0.26951882,-0.5017073,0.17136323,0.4309687,0.024167955,-0.9894184,-0.14339454,-0.30581138,0.33099,0.70180404,0.23637182,0.3015631,-0.7005425,-0.21969369,-0.06576813,0.0048166383,0.2775148,0.06996079,-1.042465,-0.24698748,0.07421351,0.80757475,-1.8526797,-0.36926103,-1.0283895,0.4263301,-0.66460925,-0.0956177,0.12280758,0.054176554,-0.50793594,0.19031885,-1.7560856,0.21863286,-0.19835857,-0.96444964,0.46293706,-0.24398118,0.8942702,0.15860383,0.26960227,-0.04612653,-0.022535421,0.55141747,-0.47033158,0.39000115,0.08368833,0.686826,0.21527302,0.82501084,-0.36909142,-0.37993723,0.041936487,0.18001355,-0.10340837,-0.32974386,0.13357618,0.19224027,0.15290606,0.046726637,-1.2805567,-0.8980187,1.1595334,-0.00095868483,0.43824613,0.5197188,-0.16856706,-0.43153903,0.1382375,0.5354898,0.42266095,0.4287113,-0.31005198,-0.51610136,-1.5018611,0.59187245,1.0839313,-1.2050534,0.5978301,0.4124376,0.816,0.0013860315,-0.86804557,-0.20193145,-0.0076708347,-0.4761537,-1.986982,0.61009854,0.8240378,-0.49824873,-0.8529738,0.6475437,-0.5186488,-0.92744315,-0.96530193,-0.10550171,0.31809217,0.6017722,-1.1688354,-0.97347206,-0.042311274,0.094281554,0.5311613,-0.53832203,-0.3355313,-0.60377926,-0.21199825,0.3360734,0.2376663,0.519419,-0.12558943,-0.5954853,0.018709756,-0.87565434,-0.80289125,-0.024537727,0.33391824,1.7111723,-0.3416701,0.26433617,-1.096745,-0.3131998,0.115657076,0.89494526,-0.023595687,-0.13907972,1.3330468,-0.08045174,0.053067338,0.42380017,-0.42680043,0.34989664,-0.6015246,-1.4278567,-0.38214973,0.06939367,-0.22878009,-0.51555735,0.09149012,0.71442115,0.5479322,-0.54666257,1.0024418,-0.90070534,0.17847945,0.21390793,0.054685246,0.5833057,0.9528368,-1.5030965,0.97637826,-0.99035114,-0.080801785,-1.3326373,0.22285163,-0.014993452,-0.34990492,0.8735433,-0.33981985,-0.47689188,-0.022338107,-0.51035696,0.083615586,0.3040341,1.0402216,-0.58338445,-1.0040339,-0.9064935,1.7787474,-0.69543445,0.5945709,1.5808371,0.6471114,0.5009049,0.44110042,0.7549456,0.13979378,0.17422557,0.78550357,0.2235027,-0.6795757,0.84908724,-1.1271616,-0.51778007,-1.1093755,-0.5690115,-0.08988555,0.118649095,0.37988365,-0.87057984,-0.36776257,-12.977873,-1.4943734,0.20850554,0.29346412,0.46867305,0.041596085,-0.12254607,-0.62505096,0.12303759,-0.52165884,-0.08553384,-0.9610736,0.34375364,0.33091497,0.22664438,0.53108823,-0.43630403,-0.4393432,0.49797052,0.03257677,0.7148684,0.4922518,-0.30842113,-0.076533206,0.41886237,0.081431165,0.29881257,0.111670405,-0.81977326,-0.19539562,0.5517173,0.7139783,0.4067558,1.179911,0.9409351,0.69620335,0.804633,0.017106656,0.0696176,-0.8408604,1.3377765,0.30378973,-0.9760375,-0.057688557,0.23489171,0.4424523,-1.4827945,0.041971385,-0.17998998,-0.6804534,0.59999347,-0.7982296,-0.70567,-0.36254925,-0.44888842,-0.54209113,-1.0004121,-0.37992036,0.6429138,0.19362515,0.04418782,0.9902536,-0.95381236,-0.24872702,-0.83852106,-0.21907203,-0.70229346,0.12309402,0.23421985,-0.83763677,-0.7708236,-0.07799916,-0.13126907,-1.270479,0.6584534,-0.00450252,-0.64301884,0.47373146,-0.63554996,1.7078549,-0.86162645,-0.16719657"
https://help.payactiv.com/s/article/Built-For-You-Welcome-To-The-Payactiv-Digital-Wallet,Who can use Payactiv products and services?,"Who can use Payactiv products and services?
Anyone can download the free Payactiv app and use it to...

- Get smart budgeting insights.
- Save on Rx prescriptions.
- Compare car insurance rates to find the cheapest one.
- ...and more!

Similarly, anyone over 18 in the United States can apply for the Payactiv Visa® Card* and take advantage of perks like 10 cents off per gallon at Murphy USA gas stations, discounted AMC tickets, and more! If you're interested in Payactiv Earned Wage Access, tell your employer about Payactiv or search and save jobs that offer EWA in the app.
EWA
Card
General
Offers & Discounts","-0.20734718,0.16743806,0.3266576,0.09208734,0.29979283,-0.13206428,-0.34924507,-0.4682281,0.2229866,-0.7181532,0.8619506,0.31305146,-0.34074646,-1.055517,-0.6089621,-0.5453463,-0.58241546,0.96283424,0.56034076,0.73048127,0.20546234,-0.519307,0.025889434,-1.3110603,0.75524217,-0.26985097,-0.42222255,0.4910903,-0.40933937,-0.072814606,-0.25909323,0.14305675,-1.6317875,0.005910326,-1.1209357,-0.23598361,-0.6350652,-0.9916208,0.26375926,-0.49651474,1.0969207,-0.50902015,-0.15481803,-0.5440325,0.48325795,-0.3517591,-0.28388274,0.20068228,0.320124,0.84653467,-0.36916918,-0.8262501,0.094959505,-0.9320679,-0.11422026,0.072762266,-0.20948046,0.2435157,-0.22175545,0.1149524,-0.20771284,0.6584608,-1.0674826,-0.6753764,-0.38421315,1.5007167,-1.2813948,1.784823,-0.07173313,0.7112332,-0.7270897,0.16422646,1.0072886,0.4063933,-0.10978307,-0.7057096,0.7946065,-0.29131657,0.67297673,0.13935582,-0.08848558,0.369098,0.5232011,0.08794917,0.07344057,0.3870351,-0.1282258,-0.78458184,-0.45846778,0.4489947,-0.08308998,-0.7407182,-0.3189228,-0.62221503,0.42048383,1.6114444,-0.41469282,0.045512274,-0.6996319,0.46293435,-0.01054357,-0.7808048,-0.21257465,0.89587724,-0.8344371,-1.1074715,-0.35811394,-0.2683773,1.2813399,0.0047224984,0.3460999,0.03695289,0.050467413,1.1337734,-0.72465646,0.14693421,-0.40161026,-0.5159971,0.2883483,-0.4556469,0.5745568,-0.34002596,0.66296846,-0.7318521,0.12020127,-0.5492209,-0.29803267,0.0776412,0.5594146,0.09463603,0.41627523,0.5680655,0.07013275,-0.61805665,0.3121748,-0.43551904,-0.34684944,0.62007445,0.6547861,0.014492745,0.6140336,-0.4326211,0.22883287,-0.3470999,1.2859825,-0.36982137,-0.22329776,0.65373313,1.5167165,0.48542994,-0.48167062,-0.57132906,0.031641603,-0.2563883,0.70659095,1.8635652,-0.3987542,-1.7104473,0.09946197,1.0460709,0.3480065,-0.3439265,-0.09417085,0.48329842,-1.0544084,-1.3552403,-0.7572074,-0.33229336,-0.21615832,0.043963157,-0.035341308,-0.08677157,-1.2515483,-0.60588217,0.64930856,-0.11852509,0.91069746,-0.16489115,-0.67104864,-0.25806805,0.23795739,-0.41018215,0.7143064,-1.3284242,-0.10163,0.32549638,0.54788154,-0.57114494,-0.1261494,-0.39136094,0.19647747,-0.28030005,-1.2889383,0.19626029,-0.8494572,0.27369297,0.7824218,-0.5575562,0.053483248,0.9912387,-0.37672198,-0.087834254,0.35366228,0.2010841,-0.12148709,-0.49365085,0.048435144,0.6087121,-0.40933195,-0.12620287,-0.03429517,1.5154525,0.7660206,-0.19142865,-0.7028573,0.86043745,-0.65186137,-0.65050393,-0.07205132,0.20645548,-0.077581055,-0.10907337,-1.2787068,0.09502797,-0.51352453,-1.5238863,-0.038782038,0.013881668,0.08636985,0.8152131,0.7645816,1.1019651,-0.61766857,0.06936115,0.5846772,0.11600059,-0.19424418,1.0222777,-0.45496672,0.486071,-0.58555365,-0.91993254,0.65973514,-0.7953162,-1.1499237,-0.2790455,0.9417461,0.22933337,-0.14020365,-0.55063653,-0.1299586,0.4460271,-0.79047495,1.1834853,0.40683123,-1.0097402,0.033231936,0.20041859,0.00034460425,0.32824492,-0.040736835,1.2211663,0.38590932,-1.322077,-0.23771988,0.28321418,-0.09415562,-0.8631315,-0.015348002,0.13326702,-0.43235153,-0.9200837,0.41788632,0.097791374,-0.5457885,-0.0103795305,0.103824385,-0.27898127,1.2051764,-0.47394437,0.28552264,0.1705208,-0.19520484,-1.0013777,-0.21231991,-0.042197015,-1.0075566,-0.46995693,0.2694286,0.06141904,0.31317237,0.2072655,0.0292845,0.3561651,-0.38476506,0.81487375,0.21759668,1.0392737,-0.618202,-0.97297907,0.20816445,0.15827587,-0.014550671,-0.7156702,0.7860563,0.1770733,0.09488635,-0.7409726,0.47140595,1.3475732,0.93416166,0.74389714,-0.8637752,1.8716998,0.11334506,0.32692555,-0.3947758,1.4654465,0.17392404,0.12780963,-0.37408477,0.12895648,0.19288328,0.8281411,0.07006147,0.40557715,-0.06429088,-0.44206733,-1.0196395,-0.23671705,0.39389542,-0.44803905,-1.2125909,0.16678706,-0.12979954,-0.51258755,-0.37041226,-0.0572896,-0.1581008,-0.22334126,-0.68333495,0.10063802,-0.21782658,0.13996565,0.040221635,0.5169003,-0.9976162,0.032358527,0.76255757,-0.08460298,0.27194828,-0.75628865,0.6674832,0.28183267,-0.2905847,0.21849585,0.18837205,0.5669511,-0.9077211,0.5271124,0.34031498,1.0248439,-1.727499,0.7047087,-0.10137802,-0.18081346,0.2713191,-0.39840296,-0.20753698,0.20377918,-0.59284323,-0.18660252,-0.61629564,0.22265981,0.013054434,0.22335517,-0.3897737,-0.22466184,-0.16779391,0.16361603,-1.0798849,-0.008251026,1.0138193,-0.1463761,1.7474455,-0.2037228,-0.55360526,0.9230519,-0.47367144,0.35847667,-0.10543847,-1.146268,1.2960217,0.4305632,-1.4640774,0.70422417,1.0101317,-0.12656105,-0.21563327,1.3303307,-0.11906722,-0.18763372,1.5876647,-0.7082628,-1.0352411,-0.76805115,-0.5258213,0.3020606,-0.028811067,-1.0182934,-0.043594874,-0.5577593,0.14069223,0.09462535,1.18122,0.59462,0.43446416,-1.4654295,-0.7428384,-0.5622676,0.5833365,-0.078527115,0.84060514,0.42654404,-0.32700235,0.16033281,-0.2119048,-0.9051257,0.27633396,-0.093287356,0.082472935,0.6076728,-0.37802997,0.7087529,-0.27189547,0.5963553,0.008352075,-0.8644592,-0.57347655,-0.063425064,0.28846198,0.040520526,0.044969633,-0.30945864,-0.4089619,-0.4425391,1.6444913,0.49515757,0.5454892,-0.21025386,0.11570789,-0.90402305,-0.43893996,0.00039574504,1.3284838,-0.84559155,0.079363,-0.37364528,-0.6576712,-0.28449452,-0.7856264,0.088942066,-0.046884384,-1.2216413,0.9308616,-1.0567559,0.24181418,0.6025028,0.82315046,0.004832022,0.39548516,0.2598666,0.1820287,0.16580008,0.50102633,0.12331902,0.79719615,-1.2379699,0.003822565,-0.5714468,-0.22332612,0.04725856,0.7995218,-0.013597801,0.42292705,-0.03404662,0.18688011,-0.691149,0.57713234,0.038150296,1.1175952,-0.51668394,-0.29101622,-0.53579414,0.31202486,0.8425087,0.5432259,-0.14228964,1.5960332,0.58507395,-0.32132378,-0.12196291,0.31063488,-0.33086973,-0.8473525,-1.2318493,0.824628,-0.4765635,-0.2653681,-0.04266689,0.43869293,0.49819052,0.3832193,-1.0445802,0.22636843,0.22147615,-0.7871109,0.48711494,0.080881156,0.5137365,1.1326863,0.687764,-0.40637842,-9.532273e-05,0.30939433,-0.015520379,0.6017638,-0.26824325,-0.07643793,0.43510738,-0.23632847,0.0920834,-0.29670244,1.0269616,0.24417725,-1.4859066,-0.05928877,-0.54410696,0.053579256,-0.45045707,0.35984993,-0.0609312,0.57599694,1.0637779,0.49386874,0.031326205,-0.08343651,-0.8658379,-0.77103937,0.6443938,-0.3094355,0.27647543,-0.5878773,0.07902939,-0.13213998,-0.22730574,-0.57255495,-1.563583,0.4531137,-0.049404774,1.0394617,-0.17316388,-0.2822915,-1.2088491,-0.3465696,-0.14792654,0.64980537,0.9128078,0.0190617,-0.022044953,-1.1301037,0.04654047,-0.28287637,0.7484049,0.05985457,-0.5033129,1.4683074,0.88452274,-0.13400812,1.3092192,0.033668086,0.080195844,0.18578143,-0.3559744,0.5574537,0.4472026,-0.115077645,-0.20783629,-0.6164216,1.0217055,-0.13552144,-0.5914833,-0.28693992,-0.3300544,-0.50378823,0.01842679,0.046592996,-0.26750365,-0.6299121,0.31507105,0.62187827,-0.09639736,0.2659294,0.728255,-0.18491864,-0.5096288,-0.12522407,-0.61775696,-0.46088812,-1.1046153,-0.08777681,0.11281887,0.7020154,0.36973956,0.53782845,-0.6326358,-0.08516066,0.8339586,-0.053703636,1.0816275,-1.8682458,0.51518804,0.32008058,-0.47952783,-0.3078078,-0.5344546,-0.27432978,0.24849305,0.111578956,0.95005393,-0.475963,-0.40136325,0.23234715,-0.074167,0.49118537,-0.03376963,-0.43210799,-0.226696,0.0036709905,-1.0302114,-0.77985054,-0.33252198,-0.5783111,-0.08201438,-0.06850876,-0.3329388,-0.030650064,0.23647851,-1.3162345,-0.30396923,0.7791073,0.6925021,0.3303426,-0.3924607,1.516191,-0.46070904,-0.23383555,0.17890973,-0.59080696,-0.21774621,-0.49283287,0.3058654,0.00170663,0.22585493,0.4108712,-0.4690172,-1.1183584,-0.19491124,-0.6393369,0.38157436,0.17850208,-0.4974469,-0.21810319,0.3581253,0.006575726,0.023741335,1.1405542,-1.0348872,-0.6078288,0.48356813,-0.48323023,0.56837213,-0.16757286,0.11441197,-0.25043643,0.4218765,0.60977393,-0.21038249,-0.2969857,-0.62538224,-1.2604287,-0.35810053,0.59397334,0.47615328,-0.8769847,0.16013096,0.8787607,0.27911368,-0.31759632,-0.52310574,-0.6395699,0.3079549,0.16575743,-1.2840898,0.39657477,-0.17857453,-0.63600457,-0.09292291,-0.115276694,0.27966,1.2097317,-0.05249027,-1.1816387,0.31562105,-0.42165375,1.0856662,-0.4323312,-0.48684287,0.9859365,0.7756454,-0.85486704,0.23984385,-0.07714138,-0.42425588,0.58132625,0.099848084,-0.07467007,-0.4944543,-0.51386505,0.3267092,-0.53721696,-0.3921701,-0.73718095,-0.5598189,-1.0512794,0.959686,0.18947396,-0.46972698,0.03466259,-0.1702417,0.8254279,0.53220445,-0.111768566,-0.8410093,-0.07792239,-0.20391215,0.8810202,0.56419766,0.8575919,-2.9156492,1.1587607,-0.13081346,-0.67629045,-0.82034534,0.099384256,-0.11920181,-0.49753433,-0.14670718,-0.10720289,0.66110843,0.03004667,-0.3659098,0.65086883,-0.28818312,0.9222814,-0.004405156,-0.22031972,0.2518642,-0.602178,-0.73100543,0.13742834,0.21471915,-0.86327684,-0.6814701,-0.66389215,-0.71830237,0.78036636,-1.5501875,0.86376494,-0.49297506,-0.13893707,-0.28869355,0.27118382,-2.0687907,0.2770323,-0.021559194,0.11325362,1.2288077,-0.2032724,0.8644326,0.036450732,0.123192035,0.33377153,0.028431326,-0.009112537,0.037748955,-0.45099702,0.23126124,1.3599559,1.0090513,0.045627043,-0.34230202,0.33283374,-0.025236592,0.87432295,-0.47255364,-0.48627657,-0.6436258,0.030094564,-0.015637182,-0.122493565,-1.6568666,-0.88013154,1.0643377,0.53154933,-0.053190283,0.5367405,-0.047404207,-0.3498861,0.21101746,0.8440571,0.33177727,-0.46684128,0.15327875,0.18781257,-0.26575652,0.19631155,0.68447536,-1.7775712,1.2659281,-0.22320454,0.13901421,0.10507773,-0.04941243,0.5497849,0.5205431,0.13729194,-1.0107332,0.038976323,0.2792337,-0.41230133,-0.8118273,0.45179573,0.050662875,-0.79242504,-1.6556722,-0.8183967,0.7045342,0.76333344,-0.5668514,-0.49805766,-0.55466324,-1.0793676,0.7835133,0.19456846,-0.6898103,-0.7991218,-0.41355896,0.2877776,-0.52820396,0.0837405,-1.0750477,-1.0446692,-0.4417816,0.24198458,-0.96928984,-1.0630623,0.2847275,1.4571159,-0.45987839,-0.831598,-1.2550889,-0.9820902,-0.5326839,1.2449807,-0.47878003,0.16582415,1.0708855,-0.12927411,-0.5267402,0.25643134,0.479819,0.88135165,-0.1876492,0.12822437,0.9196414,0.25129178,-0.08811861,0.6276551,0.5857926,0.848354,0.33246228,-0.34572896,0.17145394,-1.0889891,0.23802575,0.36738428,-0.10735518,-0.399778,1.1212671,-0.94713783,1.2131557,-1.0552635,-0.19580889,-0.44792604,0.08220333,-0.26842225,-0.16835332,-0.1224453,-0.7758173,-0.14448696,-0.12030764,0.09617227,-0.42109066,0.056915313,0.09580742,-0.24279904,-0.3570239,-0.7995611,0.28983313,-0.9675244,-0.18169683,0.76042247,1.0370378,0.47866777,1.1093278,-0.49453866,-0.31681523,-0.23255886,0.61326236,-0.0058655622,-0.7242895,0.9137187,0.2042631,-0.07894157,-0.7590763,0.022551268,0.23612235,1.6041822,-0.010706045,-0.6888573,-1.3460014,-12.8483305,0.45926917,1.1224823,0.0054262877,-0.63278776,-0.023630649,-0.47544557,0.10912858,0.110809565,0.08714761,-0.31310076,0.06393285,0.49592125,-0.46253705,0.5342766,0.12228412,-0.049419053,-0.2606641,0.15722808,-0.5659308,0.8972766,1.8716031,0.18971325,0.21224606,0.5598007,-0.03969425,-0.8655921,-0.22889915,-0.43683717,-0.18716013,0.08708425,0.9028893,-0.7862701,0.77319014,0.8489803,-0.25929177,-0.05924121,-0.075692415,0.27440554,-0.29551756,0.66126335,0.4221444,-1.2431424,-0.47159845,-0.09784168,0.83422536,-1.1787872,-0.2990025,0.025825456,-0.893845,-0.0641416,-0.6081258,0.089571185,-0.46010768,-0.81220603,-0.32471824,-0.62310475,-0.4108217,0.7805335,0.63290143,-1.6335422,0.18738428,0.26899898,-0.34674618,-0.2680838,0.019203864,0.093740344,0.593883,0.69285405,-0.1266306,-0.13381141,-0.67120945,0.2737823,-0.6458309,1.2141016,0.4027536,-0.8476559,0.23237367,0.1574375,0.50792015,-0.35623038,-0.44721442"
https://help.payactiv.com/s/article/EWA-Transfer-Timing,EWA Transfer Timing,"EWA Transfer Timing
Get your wages same-day or in 1-3 business days. Here's a breakdown of our EWA fees: 
Same-day transfers to the Payactiv® Visa Card* are free with paycheck Direct Deposit of $200 or more per pay period
Same-day transfers to the Payactiv® Visa Card* are $2.49 without paycheck Direct Deposit
Same-day transfers to a non-Payactiv account cost $3.49
Transfer in 1-3 business days to a non-Payactiv account for free
Important note: Bank transfers made after 12:50 p.m. ET are processed the following business day.","-1.0018256,0.033287168,-0.2216173,-0.5081897,0.5517087,0.60881245,-0.42436746,-0.3133903,0.4359935,-1.3976688,0.9836453,1.0819277,-0.6107538,0.13997337,0.46027184,-0.6357848,-0.60409474,0.7618437,0.17989752,0.2776772,0.068012305,0.29658756,0.11271578,-0.44206676,1.1042532,0.782261,-0.38047698,0.5332705,0.31743136,-1.187917,-0.5781202,1.1238878,-0.5680328,-0.6429456,-1.83579,-0.8000948,0.043949038,-0.4740239,0.4855471,-0.89644957,0.63773954,-0.28656498,-0.5155302,-0.4273759,0.7252004,-0.63369215,-1.4300649,-0.5519639,0.040368043,1.1345314,-0.020177245,-1.1467438,0.543773,-1.1747639,-0.5417093,-0.19845207,0.15950258,0.27348328,-0.117657706,0.04453671,-0.36973327,-0.14909849,-0.22995418,0.14502454,-0.28886777,1.0893581,-0.86703134,1.8013297,0.78053194,0.7047929,-0.13135158,0.1295155,0.8529302,1.1694163,0.3441986,-0.40124583,1.1895938,0.8805388,0.28241307,-0.31556535,1.5282184,-0.5472836,-0.28540576,-0.9125369,-1.0648692,-0.16277014,-0.45623845,-0.9949956,-0.30791008,-0.032089844,-0.0509893,-0.46746546,-0.8504357,-0.21807306,-0.5694169,2.2209382,-0.2226969,-1.590741,-0.77270734,0.8820479,-0.9918982,-0.29163396,0.089681044,0.6846004,-0.1086874,0.2859859,-0.19730638,-0.24694875,0.08533248,-0.17433444,0.9899288,-0.15160285,0.64248264,0.8258933,-0.06422008,0.16281256,-0.25518146,-0.45494002,1.0504276,0.17017277,0.3138472,0.3801287,-0.10286567,-0.54485,0.5270513,-0.008625105,-0.6335943,-0.8776236,0.37921798,0.60071814,-0.3278035,0.6961244,0.117359325,0.27762565,0.1971926,-0.17988586,-0.05953027,0.2888502,0.6107063,-0.50298476,0.0037185699,-0.1962346,-0.14097324,-0.022001252,0.67994773,0.51750875,0.039567858,-0.0006708205,0.2772662,0.041059796,-0.5671729,-0.60986584,-0.010956705,-0.009135574,1.3071015,0.7944951,0.9134759,0.17441896,0.61145866,-0.24038571,-0.09214686,-0.13327938,-0.71579474,-0.118512064,-0.41804168,-0.43253952,-0.3504789,-0.5128622,-0.4923985,0.39140075,-0.9879235,-1.2332478,-0.40278664,-0.9395807,0.5314634,-0.560933,0.22075541,-0.09895056,0.026738673,-0.1692825,0.18069077,-0.2308989,2.431346,-0.97883356,-0.4030935,-0.09036457,0.076497965,0.58335674,0.09167372,-0.33327794,0.7186179,-0.3719953,0.08379772,-0.1672283,0.07926595,1.2373012,0.12230535,0.50638723,0.39964813,-0.0040717795,-0.6889582,1.3412321,0.9153889,0.7100781,0.16213341,-0.7393694,1.3387202,0.20546721,-0.4513365,-0.009033054,-0.18619607,0.01605968,0.6499398,-0.2759656,-0.55567825,-0.09144637,-0.44408336,-0.53009915,-0.347192,0.06376785,-0.667325,-0.7089819,-1.523431,-0.22574024,-0.48356187,-0.7343063,0.44879073,-0.21568565,-0.5622535,0.23601183,-0.35119617,0.26189235,-0.8011153,-0.20429935,1.0475149,0.3410619,0.3148462,0.1795307,-0.9416149,-0.07626085,-0.71413326,-0.13539661,0.893575,-0.70056283,-0.84106416,-0.71647054,0.57499206,-0.10905114,0.05539675,-0.7562725,0.15099034,0.67568636,-0.97743773,1.9402748,0.16144219,-0.9335234,-0.0066932514,0.784909,-0.3797537,0.5874873,-0.43898517,0.9723802,-0.024391085,-0.99864894,-0.59285426,-0.1303839,-0.15389143,-0.4900022,0.008242324,-0.062539354,-0.020903856,-1.0615267,-0.6014948,-0.68374056,-0.5189124,-1.0350223,-1.0395606,-0.8286835,1.0811079,0.20624481,0.4222619,-0.5860547,0.7056431,0.0899332,0.99464166,-0.5839661,0.019449726,-1.3219252,0.9400549,-0.47086948,-0.62663925,1.1332254,0.39499027,0.3016675,-0.55585885,0.6199532,-0.46423084,0.6619199,-1.2816726,-1.6050667,0.7754863,0.31791225,-0.029258087,-0.95862114,-0.005963564,0.23414162,-0.30222496,-0.37886173,-0.70758986,0.57727814,0.5930685,0.2368443,-0.9107976,1.7910587,0.28199786,0.3061132,-0.44297245,0.8931292,1.6797006,-0.17026062,0.37212038,0.3380984,0.20869863,-0.20659217,0.1330137,0.88055813,-0.4117983,-0.48506021,-0.52785814,-0.16667512,0.865206,1.0988877,0.30408502,0.4614749,-0.13293941,-0.3590589,-0.89166,-0.17458037,0.040192854,0.20953447,0.79178107,0.35768926,-0.17822872,-0.19580016,-0.54321575,-0.4769703,0.03073351,-0.14944705,-0.2914055,0.010305375,0.3565144,-1.1155199,0.2893118,0.53870505,-0.20441765,-0.012928084,0.5309367,0.07945645,-1.8737843,-0.26552412,0.0361221,0.55909693,-0.8689269,-0.46183345,0.6712092,-0.06115718,1.1540785,0.59983194,0.57920736,-0.5867799,-0.9677911,-0.32052645,0.20777057,0.36434275,0.10158889,0.46609694,-0.43700933,-0.56481767,0.36522114,-0.31079283,-0.039324865,0.07569718,-0.12360889,-1.4464298,1.1516165,0.21260428,-0.019662991,0.6199134,0.18380503,0.78557444,-0.3057273,-1.9185103,0.59792244,-0.37087896,-0.8252957,1.2736434,1.1072757,0.23182417,-0.18864405,1.2716807,-0.0032086521,0.42162326,-0.3947602,-0.7556264,-0.47986233,-0.18688488,-0.26367852,0.5715617,-0.4792456,-1.391103,-0.084315404,-0.19413666,0.05166661,-0.2779504,-0.20720316,0.16052386,-0.6011223,-0.8580264,-0.7758152,0.07574253,0.8385749,-0.09896721,-0.08267395,0.515836,0.42756987,-0.13989782,-0.6577677,-0.27870858,-0.1851471,-1.1525402,-0.034280255,-0.2385928,-0.43947935,0.44827008,-0.35716033,0.123252064,0.46313888,-0.6274143,0.5789222,0.6601895,-0.5317216,0.32386494,-0.020086408,0.27238607,0.3432401,-0.4503226,0.91877747,1.4847232,-0.27677688,-0.6879438,-0.068611525,-0.3219583,-0.3450016,0.5832962,0.19192114,-0.047168307,0.37316737,0.8412545,-0.7620673,-0.13465914,-0.25070554,0.26570535,-1.0180724,-1.0610734,0.8935,0.17973572,-1.0423038,0.64919966,0.7403258,-0.13968906,0.009320282,0.19164652,-0.38600856,0.4934128,-0.12345753,-0.41646865,-0.16674893,-1.0687304,-0.62991905,-1.2228192,-0.5654004,0.5505465,-0.3036276,-0.4553292,0.18933691,0.4790371,0.17500469,-0.31438968,1.1145017,0.1074142,0.4849879,-1.1307507,0.029984087,-0.105276175,0.60660386,1.2635312,0.3614379,0.379388,1.7990102,1.1033726,0.98083305,-0.23336741,1.2323354,-0.5626704,-0.08991238,0.00043065846,0.110122,-0.5800773,-0.8520768,0.6134729,0.18965384,0.27192578,0.44970155,-0.14046761,0.44875833,-0.2721093,-1.2097968,-0.20296851,0.73989457,0.6584649,0.75337917,0.18332058,-0.73533076,0.81713927,-0.37588215,0.012710184,0.11721502,-0.6017783,-0.37972772,-0.3216673,0.23031007,-0.017687641,0.3811966,0.24156839,0.1862202,0.13757168,0.11907834,0.037950464,-0.811878,-0.23256707,1.4059349,-0.5415239,0.5552704,0.92425776,-0.039267555,-0.18377472,-0.65234184,-0.3080904,-0.78730017,-0.48574606,-1.0014191,-0.12766124,-0.33326814,-0.8867768,0.39764586,0.19467843,0.47192988,-0.81921613,-0.3273699,-0.39651513,0.5674912,1.3291895,-0.48149753,0.09608643,0.13266918,0.47757062,0.21509068,-0.2867872,-0.18016559,-0.063365914,0.55003595,0.6924492,0.36941877,1.7054054,0.29972416,-0.8586936,0.3793068,0.8601927,0.3137503,1.8606896,-0.3633983,-0.7790886,0.42764825,-0.48660755,0.02766624,0.8467916,-0.6249516,-0.1940981,-0.56748486,0.42058757,0.9444071,-0.3273693,-0.13098747,0.23462334,-0.5696152,-1.4294288,-0.75830305,-0.40228143,-1.0316943,0.28354025,0.23627736,0.52607745,0.6371735,0.6287425,-0.5487733,0.619178,0.9467186,0.37114155,0.34907323,-0.5644,-0.09940983,-0.73221236,0.110986665,0.48250094,-0.28714257,0.25443023,-1.0474956,0.16742729,-0.18365197,0.4534868,-1.231068,-0.066956416,-0.14182028,0.041999444,0.9684238,-0.47540715,-0.4661057,0.25761378,-0.09081781,1.3169681,0.10751096,0.64792013,0.8249998,0.116196916,0.9101791,-0.35018688,0.046276227,0.21540502,0.051278103,0.48907113,-0.081224754,0.1559925,-1.4992542,-0.2013222,-0.36826068,-0.7898896,-0.07311459,-0.35794726,-0.3288297,0.30842918,0.021868724,-0.5349353,0.4072826,-0.03940797,0.45794883,-0.074718885,-0.6819422,0.6394972,-0.654865,0.09062346,0.010406606,-0.26367098,-0.10710259,-0.029274758,0.9292643,-0.673048,-0.8283184,0.16095008,-1.0362564,0.37641412,0.16320899,-0.7512432,-1.104042,0.3945254,-0.18071353,0.15892409,0.09284823,0.35542595,0.8059481,-0.054533496,-0.5460712,-0.2178725,-0.003312599,0.1735045,-0.5560325,0.30934042,0.29895622,0.33988488,-1.0271924,0.028866114,-0.8062022,-0.3470524,0.4187531,0.58799964,-0.16088752,-1.1683837,0.16265103,-0.18035577,-0.3193525,-0.75592256,-0.17656973,0.3780242,-0.41779137,-0.49288777,0.11314967,-0.5453333,-0.06417591,0.454614,-0.04628527,-0.2266536,0.23824444,-0.3443389,-0.8053854,1.0544825,-1.2455628,0.32678106,-0.6694567,0.1631443,0.4322307,0.3885994,-1.5099909,0.694373,0.10642806,0.11128497,-0.03406344,0.6120222,0.27327543,-0.09863482,-0.20204607,0.22274153,0.47873712,-0.72357464,-0.6879186,-0.51745474,-0.30442265,0.09367517,0.93373734,-0.07728933,-0.16173196,0.33688694,-0.0017164033,0.23451787,0.5667998,0.21111117,-0.25986043,-0.24066292,0.95657367,0.7223127,1.912049,-0.8522392,0.12388727,0.3296856,-0.61405784,-0.36708504,-0.2351224,0.7117926,-0.3378429,0.44348922,0.028672073,0.42625937,-0.07022204,0.0049541676,0.513811,-0.2097869,0.12503159,0.24089132,-0.53374743,0.23658127,-0.30932224,-0.40295565,0.25605482,-0.16109566,-0.12351361,-0.6876126,-0.6448593,-0.49225426,0.73543966,-1.9442883,0.4909464,0.23023994,0.21032706,-0.7519786,-0.26409012,-1.2530112,0.47885936,-0.036016338,-0.60404176,1.1084878,1.2088778,0.6571365,0.32583824,-0.0091579035,-0.13860163,-1.5184419,0.4226944,-0.7174077,0.32732767,-0.2629476,0.81133187,0.2503535,-0.021820579,-0.37355384,0.059531372,-0.34040892,-0.7229123,0.786317,-0.12920041,-0.22663546,-1.3149729,0.14993083,0.198652,-1.3900524,-0.974041,0.577266,-0.25430447,0.35925955,-0.0024092048,-0.53761744,-0.35754013,0.101288356,0.5579262,-0.056365594,0.9388121,-0.75394267,-0.15035367,-1.5701351,-0.5954576,-0.09265006,-1.1635,0.7511097,0.5859672,0.22821721,-0.54409903,-0.96856165,-0.015472867,0.38372254,-0.37416828,-0.59163237,-0.3426689,0.26798475,-0.63969636,-0.87816644,-0.18140516,-0.45480272,-0.623103,-0.9892718,0.17610227,0.7762493,0.2394042,-0.5814746,-0.61517566,-0.026041893,-0.4586325,0.32341737,-0.32370844,-0.6714089,-0.29506552,0.19299613,-0.12228288,0.9382799,-0.102907375,0.07824779,-0.84616494,0.32439035,0.18141791,-1.0985045,-0.564674,0.95939887,1.0535749,-0.71228373,0.10570057,-0.48063314,-0.250928,-0.53908026,0.784798,-0.47262114,0.46757042,1.6611571,-0.67652565,-0.45075035,0.26502615,-0.24084525,0.6765261,-1.408863,-0.014977589,0.12861688,-0.13774884,0.44769663,-0.41876063,0.43315363,0.884943,0.75951296,-0.8272109,0.3114316,-0.5021843,0.17944779,-0.07459104,0.50240767,-0.06999637,0.56972766,-0.25297993,0.69372016,0.054965854,-0.008773863,-1.0423812,-0.47881252,-0.34958407,1.0472696,0.6274385,-0.3961207,-0.59957707,-0.37381423,-0.8273565,-1.4896959,0.15624896,0.8797207,0.72517097,-0.50846213,0.11320926,1.3745748,-0.65343356,0.21740997,1.0493493,0.941861,0.26934078,-0.1676093,-0.27526098,-1.2662591,0.3858661,0.5334629,-0.4909687,-0.2473639,1.4255662,-0.80280966,0.29279083,-0.7941913,1.3152777,-0.18368225,0.36649767,-0.25537705,-0.28319874,-0.8226869,-12.596969,-0.8272793,0.9508105,1.4640344,-0.25968263,-0.35508004,0.16461013,-0.30797422,-0.9568785,-0.5756067,-0.21998401,-1.0803012,0.6004288,0.45278877,0.37592143,0.027653225,-1.2552862,-0.12847656,0.73686725,-0.3454768,0.07134788,1.460986,-0.20230499,-0.13490246,0.09436088,0.21806248,-0.40363204,0.02092889,-1.1601545,-0.91330504,0.3082006,0.6501865,-0.78495586,0.8914543,0.07061196,-0.48103982,0.09332469,-0.25358516,-0.84676516,0.0027553588,0.87594837,-0.21187587,-0.33068907,-1.3677757,0.56128,-0.43961608,-1.3575342,-0.11506709,0.68151826,-0.8733993,1.2982137,0.21171516,0.024536539,0.13718164,-0.39124402,0.09230758,-0.6004902,-0.9514221,-0.14660913,0.61731404,-0.47791654,1.0273879,-0.027470602,0.15435699,-0.6168592,-0.12916376,0.28071266,-0.125811,1.6578212,-0.11716662,0.30933428,-0.55164206,-0.36700723,-0.27061403,0.8032853,-0.35017133,-1.3213419,0.906007,-1.0822128,0.7037637,-0.6136861,-0.05719988"
https://help.payactiv.com/s/article/About-Payactiv,About Payactiv,"About Payactiv
Anyone over 18 can sign up for the Payactiv digital wallet. Pay bills on time, set money aside automatically, and get intelligent insights into your spending. We also partner with companies to offer EWA as a benefit to their employees. We are a bank alternative and financial resource for American workers everywhere.
At Payactiv, we create products that empower you to participate in the economy you help create. CEO Safwan Shah co-founded the company in 2012 by creating Payactiv Earned Wage Access (EWA). Before EWA existed, the only way to bridge the gap between paychecks was with late and overdraft fees or predatory payday loans.
EWA
Card
General
Offers & Discounts","-0.65933824,0.74979806,-0.3046877,-0.2854579,0.18513419,-0.46999192,-0.84640396,-1.1099272,0.20648988,-1.1168591,0.7938921,0.60327584,-1.1743689,-0.22468564,0.11195263,-0.095628865,-0.92678076,0.9793737,0.15767732,0.3715907,-0.075188786,-0.2989617,0.4170484,-0.7076186,0.55556273,1.0080808,-0.034273695,0.12338105,-0.22554703,-0.666812,0.0013687611,0.25707376,-1.9407173,-0.1259383,-1.0656525,-0.3569223,0.28397492,-2.0131862,-0.012151809,-0.7066814,0.61033523,-0.60417324,-0.43929908,-0.18732655,0.30079487,-0.27869475,-1.2284193,-0.5182148,0.024517171,0.50384444,-0.9785608,-0.550242,0.105890006,-1.0878513,-0.118056625,-0.53103036,0.14376615,0.33641833,0.14406331,0.12828743,-0.021355279,0.5490917,-0.61991984,-0.2578405,-0.73009795,0.77143425,-0.59565824,1.6150148,-0.14105558,0.86504287,-0.9245588,0.98227406,0.53846455,0.21676731,-0.3155694,-0.13245636,0.41952443,0.4807757,0.5001663,0.116770744,1.4099531,-0.5831936,0.2518892,0.1748529,0.06212786,-0.07087282,-0.18947366,-0.9449718,-0.13432655,0.266917,0.05832936,-0.27944055,-0.7139495,-0.80797267,0.023443624,1.7308483,-0.7204172,-0.15891956,0.1456102,1.446432,0.094387725,-0.01959525,0.018723309,0.63363314,0.088535994,-0.9012135,-0.22460464,-0.36737567,0.42097923,0.4260089,0.6535759,-0.33846867,0.41609707,0.92800915,-0.9354018,0.09730058,-0.0035107909,-0.9159367,0.8307004,-0.2938817,0.37372512,0.5555483,-0.16867337,-0.37286812,0.505889,0.030205145,-0.19813,0.041588254,-0.34839344,0.5789085,0.49608716,0.59310406,0.03860973,-0.47996223,-0.09986601,0.03438312,-0.7747908,0.18573785,0.36670664,-0.6166849,0.30830893,-0.52095526,0.4434372,-0.65865207,0.26436952,0.22687389,0.063827395,-0.27440774,0.0494709,0.119568646,-0.7974365,-0.056498203,-0.04929395,0.02321383,1.2406613,1.5033544,0.2765066,-0.4662785,0.25041735,0.31343925,0.5303739,-0.32869175,-0.23609823,-0.31064835,-1.0907116,-0.9021983,-0.13011642,0.1184057,-0.46427765,0.4153029,-0.08009124,-0.6088232,-1.1518307,-1.531665,0.4011828,-0.022411168,0.33974892,-0.13111389,-0.47008795,-0.14123899,-0.27874964,-0.64618367,1.132735,-1.2132586,-0.77880806,-0.13654104,0.43251738,-0.2503785,-0.41148382,-0.3651852,0.24569884,-0.6066704,-0.8541393,-0.49772686,-0.6838347,-0.13513294,0.4694141,-0.9219016,-0.4850207,0.8197496,-1.1333702,0.47180912,-0.24658902,0.5130939,-0.026939929,-0.51786387,0.9906304,0.39698237,-0.2556644,-0.38079387,-0.3595326,0.80962425,0.1536918,-0.20693734,-0.44307247,0.6058952,0.22897837,-0.2168059,-0.28822577,-0.15963104,-0.20979315,0.2216343,-1.1394602,-0.0060854144,-0.37163872,-1.6954393,0.39379552,-0.0659198,0.37929994,0.8913266,0.43690205,0.22656873,-0.9309212,0.38998103,0.37319225,0.16524103,-0.28427702,0.42740232,-0.02879493,0.342435,-0.10329066,-0.8953487,0.30742964,-0.7382904,-1.4053305,-0.56049705,0.6198641,0.10171336,0.1257829,-0.56138444,0.30679983,0.85128546,-0.4731306,0.92144376,0.5859326,-0.25464162,0.42087883,0.46473363,0.014157176,0.43947226,-0.76950186,0.13309544,-0.3605752,-0.7291687,0.035424165,-0.6033591,-0.24321005,-0.73356473,0.21792659,0.37259614,-0.40750366,-0.6779048,0.37330812,-0.7221885,-0.9474875,-1.359608,-0.4365442,-0.7792791,1.2118832,-0.46888834,0.06603569,-0.24054764,0.30983374,-0.28659034,-0.039168857,-0.37160316,-0.9964004,0.23154092,0.25745222,-0.12695044,-0.53890234,1.0044197,-0.16197447,0.34922388,-0.44657525,0.6548058,-1.0041404,1.4161767,-0.9862674,-1.8500973,0.39268482,-0.1116478,-0.52395976,-1.4897387,0.6416677,0.4149902,0.20333537,-0.09952405,0.25951338,0.271676,1.3052198,0.25371417,-1.0927405,0.7458049,0.6573723,0.18275927,-1.1444186,0.78546757,-0.45474598,0.25710207,-0.17722039,-0.22197223,0.12665586,0.82407403,-0.026373409,0.80440617,0.24352546,-0.29105577,-0.18057373,-0.29284632,-0.11955442,0.31845653,0.38479045,-0.18005626,-0.28059158,-0.8577426,0.26833925,0.13098207,0.54038924,-0.08639201,0.024195239,-0.5573842,0.17818905,0.36974552,0.021378119,0.5855112,-0.89960426,-0.3835017,0.70662373,0.15969753,0.17108627,-1.0988803,0.4048917,1.1847188,-0.65635544,0.9041237,0.5753358,0.38389352,-0.5675403,0.41567975,1.2825123,0.6097179,-1.1329856,0.35195845,0.44276133,-0.7790767,0.08418407,-1.0344459,0.27018437,-0.32071137,-0.2204867,-0.4060203,0.088512,-0.051475048,-0.222911,0.18907392,-0.5659822,-0.36631727,-0.20240544,0.6595013,0.36162865,0.4023544,1.071359,-0.48119885,0.79398197,0.04155628,-0.17172396,-0.1648799,-0.094722435,0.02973513,0.3489474,-0.97365,1.2602568,0.47866577,-1.084495,0.98673064,1.7370137,-0.2634748,0.8020131,1.5990193,0.17375386,-0.29225823,0.7147105,-0.063535884,-0.7261512,-0.43724772,0.1665365,0.6711391,-0.2755167,-1.2145994,-0.20785765,-0.53027695,0.133147,0.122465044,0.65855825,-0.26678476,0.22650245,-0.8999975,-0.29546532,-0.596346,0.41271445,0.22149478,0.6811517,0.6335401,0.17091398,0.52120054,0.2949041,-0.7117296,0.15545392,0.1475698,0.091420725,0.44647765,-0.14388017,0.5265549,-0.7660494,-0.3494804,0.012038428,-0.78046286,-0.18912542,0.25024056,0.1383078,0.2291742,-0.32390124,-0.5663035,-0.06327577,-0.021119846,1.5364636,0.020064741,0.5839723,-0.50054944,-0.039941944,-0.62006414,0.448652,0.016845398,1.255696,-0.43716186,0.091175154,0.0086706355,-0.51221293,-0.19882487,-0.7935733,0.4989726,-0.11942831,-1.0299602,0.53394115,-0.66376203,0.45939338,0.6824275,0.11623494,-0.5956857,-0.09156,0.032020196,0.8881914,-0.0202002,-0.4309137,-0.094892986,0.38417944,-1.1982071,0.21273525,-0.9865686,-1.2005842,0.2041467,0.26554728,-0.46874282,0.220472,0.25573778,0.1703543,-1.1033759,0.40802723,-0.61412144,0.36010197,-0.79348314,-0.44725144,-0.55438274,-0.1284624,0.23059927,0.33349553,0.29422,0.62804997,0.99473816,0.2568718,-0.42500445,-0.18087041,-1.0221571,0.13226962,-0.5640931,0.59837246,-0.27968374,-0.7855723,0.39718446,0.5277675,-0.018975392,0.30107924,-1.0904522,0.50057256,-0.08631948,-0.45595458,0.47797439,0.4116364,0.79482013,0.10606974,0.22583015,-0.56275165,-0.2529311,-0.18767929,0.25161952,0.32495603,-0.09465387,0.3567871,0.46902835,0.011389865,0.25515446,0.0008544922,0.17548251,0.5626676,-0.9521096,0.670409,0.45224974,-0.022010967,-0.13655019,0.8317056,-0.1659359,1.0602342,1.4685944,0.60898024,-0.36608636,-0.35253438,-0.2528122,-0.45825803,0.40407252,-0.07012498,0.24721518,-1.2846128,-0.25164443,0.5835771,0.014659084,-0.22097939,-0.48950422,-0.571308,-0.4911554,0.87950766,0.9451877,-0.61675787,-0.11676018,0.17515166,0.28010494,0.6115733,1.1729475,-0.6592452,0.26662642,0.08730066,-0.18195216,-0.25730565,1.344832,0.16677709,-0.64663076,0.6269556,1.0837605,1.114465,1.8470113,-0.10525834,0.009442866,-0.13131988,-0.94304883,0.36514068,0.3920674,-0.18065828,0.78192866,-0.38650584,0.3452613,0.51701266,-0.43027604,-0.11425961,-0.25516295,-0.3765849,-0.44691205,-0.06837221,-0.0063696317,-0.5219492,0.32552683,-0.083573714,0.3502302,0.22635058,0.54545265,-1.1827921,-0.3529467,0.22329436,-0.58783233,0.03200297,-1.3088433,0.28979644,-0.30050844,0.61982465,0.47242573,-0.20041378,-0.06165433,-1.1333902,0.20947072,0.36026418,0.42419785,-1.1469265,-0.6381567,0.84383464,0.26441061,0.71355045,0.116031915,-0.17261751,0.120879754,0.44362906,0.8478768,-0.39466822,-0.21932822,0.7750415,0.32204014,0.23204426,-0.817884,-0.22503033,0.29739666,0.44130895,0.57146347,-0.32075417,-0.38640112,-0.7122981,-0.5830804,-0.5230908,-1.0348395,-0.10587905,-0.17432919,-1.5923847,-0.19759461,0.14817815,0.16494265,0.6392112,-0.14172766,1.819334,-0.6078386,0.14270353,0.16396876,-0.2503863,-1.1035488,-0.6097333,0.7620623,-0.51544696,0.494363,0.77309173,-0.5394932,-1.0381968,-0.20320743,-0.95005,0.7480831,-0.3169536,-1.1146364,-0.14157225,0.945102,-0.16030028,0.24205162,1.1402043,0.17496052,0.050587427,0.086045146,-0.35701123,0.3815923,-0.6145763,0.34372535,-0.5151913,-0.13764325,0.596147,0.19526348,-0.5236391,0.13398662,-0.9626442,0.040284783,1.0141197,0.4396102,-0.27510664,-0.97225523,0.20941934,-0.18607758,-0.061848164,-0.5710807,0.095722705,0.32518458,0.014146328,-1.6224548,0.6894523,-0.157034,-0.0022779927,0.1432254,-0.44824082,0.18699306,1.6739802,0.049704805,-0.6159833,1.2102478,-0.5435952,0.98823303,-0.9360659,-0.3559032,1.2749392,0.56678987,-0.5566155,0.6026978,-0.332444,-0.30378172,0.47095945,-0.570336,0.11274055,-0.14102215,0.4989745,-0.36886802,-0.21102501,-0.8482828,-0.17566337,-0.41163862,-0.6994081,0.33143362,0.2665662,0.086346574,-0.39508453,-0.52332604,0.07468604,0.72675836,0.026143854,-0.18699858,-0.15793493,0.44926733,1.349972,0.18312739,1.0054482,-1.9284366,0.6897439,0.34793025,-0.3928666,-0.11383438,-0.13826424,-0.13884974,-0.28613943,-0.5222026,-0.78563404,0.99779814,0.34625024,0.06471639,0.8673532,-0.058156952,-0.48566747,0.46505582,-0.15488209,0.40721762,-0.18559432,-0.6469743,0.64146876,0.18322727,0.31309158,-1.0721788,-0.30051494,-0.8322609,0.38634542,-1.7178642,0.089947596,0.013359372,0.46186876,-0.013096176,-0.35227215,-1.5202527,0.12884472,-0.3178888,-0.20253302,0.4326951,-0.1271056,0.18845442,0.34849823,0.26890218,0.44605228,-0.21861202,0.28611645,-0.6488895,-0.037343636,0.023166165,0.61356634,1.4157269,0.2674674,0.30320194,0.113576934,0.47071627,1.1331425,0.20827991,-0.06797987,-0.51460284,-0.1864708,-0.111385055,-0.020861804,-1.317398,-0.6779152,1.1984539,1.107614,-0.49565905,0.34780514,0.12314235,0.23484719,0.25208998,-0.040061995,0.38976598,0.4361003,-0.16806595,-0.56044674,-0.68668914,-0.13908392,0.62410086,-1.3839853,0.5525827,0.6321165,0.6137556,-0.35637248,0.07716086,0.34401062,0.13525255,0.35844713,-1.402204,-0.32402518,0.9448945,-0.20205182,-1.0745645,-0.13850033,-0.12886256,-0.38363647,-1.4763553,-0.51928866,0.3623792,0.26857054,-0.7351847,-0.7126911,0.47140574,-0.009656049,0.61835515,-0.010028519,-0.4906086,-0.70442563,-0.7405603,-0.097414926,-0.32168904,0.41504672,-0.47829333,-1.2824262,-0.32167932,-0.565358,-0.5485252,-0.50181305,0.25684157,1.6375921,-0.51629084,-0.22562583,-1.4353321,0.05741633,-0.014573991,0.58392924,-0.399865,-0.11024906,1.0142937,0.17324498,-0.32801405,0.6506458,0.49771452,0.5725163,-0.64786756,0.013353586,0.42392677,-0.18703803,-0.45921314,-0.124001846,0.72047246,0.8249817,1.0139245,-0.40178072,0.5943175,-1.3360305,-0.39965248,0.19222769,-0.13333456,0.20925844,1.0401046,-0.59700674,1.2816205,-0.56584865,-0.21235019,-0.47582287,0.24833511,-0.13223013,-0.34941375,-0.24778973,-0.75757736,-0.4216158,-0.31257176,-0.29670823,-0.428473,0.3686192,0.6563683,-0.26713625,-0.17612667,-0.9554516,0.17380567,-0.5725096,0.1128475,1.3019592,1.0733931,0.47079524,0.8100576,-0.30714288,0.022034004,-0.9580748,0.53324443,0.01792758,0.33053374,0.89708984,-0.41899002,-0.36942023,-0.6166892,0.31661338,0.33092284,0.30888045,0.68939924,-0.78816795,-0.51600087,-13.454125,-0.11136137,0.7780921,-0.27150324,0.02663188,-0.43701527,-0.4476512,-0.18612622,0.030875355,-0.41140002,-0.29292017,-1.2504067,0.10654576,0.14122213,0.4665038,0.088282175,-0.4240142,-0.6503149,0.36443323,-0.043717634,0.6929096,1.5251862,0.014980897,-0.11759086,0.06631006,0.63032746,-0.36840856,-0.27866992,-0.91329104,-0.01518482,-0.1351834,1.1493546,-0.3077619,0.31388545,-0.09849172,-0.100883335,0.028199255,0.21061823,-0.1528875,-0.8972488,1.9880455,0.86433935,-0.99899215,-0.7883421,1.0786024,0.591263,-1.1602426,0.55616564,-0.71298033,-0.34617996,-0.36701804,-0.8287095,-0.8251153,0.49379644,-0.16402304,-0.6135042,-1.1450137,-0.20587316,0.38956553,0.6441182,-0.5137422,0.097021446,-0.35356024,-0.19947664,-0.8428025,0.0088942535,-0.24054186,0.6617685,1.1539842,-0.58138037,0.3947222,-0.82404083,0.15453507,-0.544032,1.0815227,-0.38069606,-1.2279127,0.14081699,-0.749061,0.9004307,-0.972757,0.038721204"
https://help.payactiv.com/s/article/Employer-No-Longer-Offers-EWA,Employer No Longer Offers EWA,"Employer No Longer Offers EWA
We're sorry to hear that your employer has cut ties with Payactiv. You can also find a job that offers Earned Wage Access in the Payactiv app! Save and apply to jobs in one place. We're here for you if you have any other questions about accessing your earned wages when you no longer have access to this benefit.","-0.8685676,0.23963174,-0.51562333,0.1878837,-0.058291357,-0.12235522,-0.41060275,-0.4793294,1.3329246,-0.6574311,1.0547404,0.5342006,-1.2809726,-0.7284895,-0.40921727,0.22560477,-0.8680815,0.7625736,0.70247036,0.5529347,0.08851145,-0.07905984,0.517111,-1.2882774,0.75002587,0.32638186,-0.27178818,0.30721682,0.5879681,0.046237692,0.60594857,0.5507817,-1.3349568,0.8908218,-0.93466926,0.34316057,-1.1588274,-1.2588136,0.45504692,-0.53045994,0.50114536,-0.590451,-0.10872127,-0.61455256,0.8957879,-0.32225186,-1.5169842,-1.1975064,-0.28859368,0.9015521,-1.0805013,-0.8987958,0.6849585,-1.4494617,0.19135743,-0.30251664,-0.04450013,-0.5820762,0.62496704,0.37771213,-0.16672724,-0.12073392,-0.581241,-0.2960212,0.009840338,0.54426444,-0.6227756,1.386331,0.15570387,-0.28647628,-1.0636294,0.5017599,0.8020866,0.27919233,0.5934803,0.28608072,0.42070943,0.49598747,0.40778947,0.36570904,1.2107075,-0.9141581,0.07745831,-0.7072508,-1.135992,-0.33750486,-0.93392456,-1.339846,-0.2772211,0.3623264,0.09815187,-0.6851269,0.02898291,-0.417125,0.40713108,1.4043994,-0.21432748,0.1474501,0.08196513,0.5367386,0.0460373,0.3047278,0.022105403,0.42449397,-0.91186285,0.43931285,-0.35310435,0.43193978,0.5155071,-0.022297345,1.4188282,-0.42094368,0.32781956,0.9671316,-1.5482775,0.097813144,-0.32564446,-0.74981815,0.45016453,0.22818023,0.13085878,0.66179484,0.8483702,-0.9527342,0.057587784,-0.17411187,-0.40031505,0.2950071,0.20207417,0.41387945,-0.2107804,0.4001999,-0.15346849,0.30921477,1.1706238,-0.5119592,-0.53439635,0.41026294,0.19219285,0.23189877,0.2134324,0.25844485,0.20121422,-0.94476604,0.023592416,-0.27387267,0.35858515,0.51099825,0.7179975,0.93850654,-0.6431647,0.403395,0.3250057,0.25067946,0.95198715,1.3113328,0.07551662,-0.37836674,0.09366009,1.0157028,-0.34117848,-0.8913066,-0.14836,0.39543486,-0.7425881,-1.1375651,-0.87402403,0.4940202,-0.10404684,0.36090863,-0.14014399,-0.607919,-0.8264323,-1.2978113,0.8390379,0.04962594,0.73090076,0.29164368,-0.011276253,-0.5501562,0.4407204,-0.05432114,0.57836896,-0.91750336,-0.86339027,-0.4379157,0.55499953,0.39390463,0.16551359,0.048052028,0.22710691,-0.36497605,-1.3996273,0.68521637,-0.6629609,-0.24887127,-0.105434604,-0.42461377,0.13574079,0.044632357,-0.94882643,0.48645535,0.6569896,0.115864865,0.0020238534,0.14302799,0.48254403,0.2292171,-0.45392528,0.3261207,-0.38303787,0.92860955,0.042733938,-0.45184445,-0.5153627,-0.033819877,-0.19150667,-0.72185826,-0.7042896,-0.029315598,-0.72041285,0.58415663,-1.7837176,-0.15435557,-0.19908744,-0.4262119,0.5981241,0.2506609,-0.20714305,0.718507,0.7053989,0.85739523,-0.0820225,0.71976066,-0.13956255,0.27813202,0.16512221,0.87067276,-0.3691179,0.4637465,-0.039496772,0.29445806,0.31611976,-0.60260546,-0.84536916,0.2464743,-0.108677074,-0.55332386,0.3691709,-0.31962314,-0.0675551,0.6028849,-1.0412534,0.9154923,0.51364183,-0.12790203,0.37255383,0.41642112,0.61132836,0.5048748,-0.08781023,0.6025703,-0.3605759,-0.45705193,-0.11563126,-0.20099112,-0.115214296,-0.26676553,0.01755251,-0.0063088536,-0.42150778,-1.6232185,0.35625112,-0.42851886,-1.0519017,-0.60895,-0.052264463,-0.31104547,1.215669,0.21043845,-0.6467644,0.4623566,0.82177067,-0.35809356,0.075315036,-0.9505887,-0.30404094,-0.13708623,0.75598824,0.2982597,-1.0199335,-0.14315638,-0.24231589,-0.07017063,-0.7155346,0.8777158,-0.4790814,0.15675685,-1.0966815,-0.979307,0.5781486,-0.09822005,-0.22494231,-1.1794102,0.6994134,-0.11199045,0.124307945,-0.74664855,0.45385757,0.0981341,-0.31996804,0.05091593,-0.45802063,0.44704723,0.83094454,0.5002947,-0.8907203,1.1748258,0.31576583,0.40615606,-0.45445466,-0.18307364,0.12458437,0.025357708,-0.35770556,0.57197475,-1.3332115,-0.68893415,0.42354733,-0.2615382,0.3066934,0.20781225,-0.006761059,-0.48892313,0.05682084,-0.7715084,0.008176453,1.078325,-0.5211815,0.015113249,-0.47162387,-0.07849918,-0.7218613,0.8886577,-0.44888535,-0.4702385,-1.2453132,-0.22327799,0.93396306,0.13639538,-0.58840615,-1.0087011,0.44682905,0.70993686,0.036011375,0.2492828,1.0990593,-0.37779376,-1.2119367,0.84284836,0.6289824,0.76063424,-0.6478567,0.3977,0.18388006,-0.63790274,0.43582922,-0.15334108,0.2601114,-0.3820126,-0.23578149,0.30074695,0.056661814,0.56491643,-0.3761316,0.11388982,-0.89215434,-1.1431756,-0.3545897,0.2718945,0.028804317,-0.4588556,0.9512775,-0.86890936,1.2591212,0.39851612,-0.19270836,0.21481588,0.37636864,0.10520544,-0.16631852,-1.1836648,0.9132994,0.14917362,-1.847468,1.484679,1.4182531,-0.037617758,0.6748142,1.0977278,0.19160555,0.72909606,1.2608349,-0.37299395,-0.6772474,-1.0127307,0.11675434,1.8358295,0.110796556,-1.0501207,0.10276602,0.043578267,0.16907653,0.35327983,0.031446233,-0.5239826,0.59994394,-1.1409645,-0.5888407,-0.23257455,0.4504679,0.060149327,-0.010150252,0.5179284,0.14427648,1.0694695,-0.63776624,-0.47970065,0.79635787,-0.5230329,0.48810428,0.16072556,0.22533414,0.8558974,-1.1853132,0.088296264,-0.27656272,-0.8652314,-0.60191494,-0.7283746,0.12708978,0.404091,0.1807662,0.3633036,-0.3829816,-1.2399986,0.6727817,0.13112736,0.5853031,-0.20270818,-0.2644512,-0.8599194,0.14133011,0.81677127,0.94026065,0.15584289,0.102536865,0.6695817,-0.14888147,-0.66877127,-0.69474095,0.078102805,-0.5986966,-1.630327,-0.09396511,0.32276914,-0.40010005,-0.15409866,0.6699178,0.46126646,0.32431144,0.88134956,-0.30625778,0.6857379,0.39779818,0.11357172,0.5540251,-1.0642341,-0.458104,-1.2197678,-0.32515877,0.038990192,0.2023384,-0.8248168,0.3982755,0.42680627,0.4863997,-0.7411085,0.9100427,0.15231673,0.59444374,-0.32074648,0.5598127,-0.79579866,0.54741216,0.9899266,-0.15711543,0.51885635,0.5962533,1.9220786,-0.5267765,-1.3315064,-0.14748883,0.03385307,-0.62668973,-0.24151513,0.19353974,0.35981834,-0.66857415,0.50087297,1.2335913,0.17566459,-0.082007565,-0.46261635,0.5569401,-0.16493115,-1.7952908,0.5133529,0.09238284,-0.40577978,0.086548954,-0.06125538,-0.5283729,0.9680993,0.2452513,0.17780307,-0.13386878,0.09375431,0.13066623,0.351914,0.06673967,-0.255941,0.5955326,0.22550079,0.3350833,-0.8178432,0.2105041,0.09107122,-0.03973479,-0.5741559,0.39055818,0.03525327,1.0572567,2.0250933,0.3539394,-0.045654044,-0.09231924,-1.4497217,-0.654645,-0.123086706,-0.6091709,0.34283733,-0.6512989,-0.13165492,-0.3904186,-0.3613889,-0.6451086,-0.22535272,0.16613875,0.11814678,0.14050025,0.62829584,0.0051751584,-0.39918524,-0.0023718178,0.381926,-0.5488945,0.2402562,-0.49019784,-0.19003126,0.34800896,0.3266862,0.032392606,1.7609315,-0.68375194,-0.7595004,0.93356615,1.0237763,0.14312148,1.450304,0.18818662,-0.18387237,-0.31870008,-1.1449413,1.2542539,0.94341666,-0.53415906,0.862611,-0.32239524,0.3706886,0.5454936,-0.15286398,-0.89597106,-0.473975,-0.19770594,0.21692449,-0.49610654,-0.40253457,-0.9680503,0.38310367,0.13700956,0.40560654,0.37047416,0.3644578,-0.2656925,0.10371084,0.8505971,-0.50874764,0.65863913,-0.39045987,-0.21260682,-0.84858066,0.7615271,0.6782718,-0.32454026,0.46507403,-0.87394106,0.681429,0.785117,0.48202246,-1.3936869,0.65273124,0.48452556,0.19838235,-0.036475822,-0.15978013,-0.048903473,0.23523135,0.24424627,0.62339395,-0.34676847,-0.1020331,0.6097517,-0.4146672,0.21311443,-0.1795936,-0.47635418,0.9261779,0.23890118,1.0503603,-0.35826027,-0.8505913,-0.8212285,-0.286473,-0.073595546,-0.39833438,-0.37188667,-0.26642722,0.008294895,-0.18248647,0.5781034,1.0054221,0.39009923,-0.036079593,0.4867573,-0.83330506,-0.34027052,-0.24148755,0.22494027,-1.0289272,-0.32532644,-0.16047685,-0.3173104,0.6609324,0.4366749,-1.4650315,-1.1387075,-0.2774229,-1.0545386,0.33254647,-0.3578142,-1.7693456,0.06558283,0.32456112,0.36504567,0.012142339,0.8037808,-0.36269963,0.3478262,0.12913421,-0.19359383,0.37369695,-0.025884014,0.39387545,-0.25680453,-0.16004582,1.4707443,0.2768254,-1.127115,-0.84808403,-1.0031921,0.4659295,-0.092802554,-0.20762473,0.5238115,-1.2457623,0.33781,0.17995773,-0.4070203,-0.70222545,-0.14235012,-0.1905123,0.11139698,-1.7645558,-0.29291347,-0.08161807,-0.7168281,-0.20791882,0.21035609,-0.8218429,0.7976806,-0.29790533,-0.40310156,0.61931235,-2.1766655,0.4661628,-0.6796066,0.43075353,0.7012224,0.39337236,-0.584398,0.30837142,-0.29388207,-0.7763397,-0.26581004,0.04100176,-0.34340462,-0.47723153,0.5277606,0.30657563,0.3388939,-0.07348907,0.14241001,-0.717713,-1.1772435,-0.3489629,0.47952864,0.03939905,-0.45183018,-0.28447413,-0.1414012,-0.11881875,0.8845409,-0.18271281,-0.6333838,0.30074176,1.2165966,0.5889632,0.66652,-1.6127604,0.75766516,0.5337316,-0.79600286,-0.582363,0.3332907,-0.053039566,-1.0148542,-0.89561987,-0.4134113,0.16197892,0.43242225,-0.250495,0.68105346,-0.772672,0.43811148,-0.09036109,0.2791165,0.7429536,-0.18498203,-0.89618653,0.1461345,0.15945086,0.007923454,-0.94102186,-0.6907804,-1.4790244,0.63542837,-0.7884807,-0.026048273,0.35748634,-0.093464665,-0.37208855,0.32650754,-1.8427329,0.21139368,0.044790845,0.002112303,-0.1610028,0.061445326,1.3657477,0.32863003,0.22066087,0.3467176,0.4375881,0.14175278,-0.39211044,0.46206662,-0.057624392,0.709253,1.0707865,0.68958414,-0.10400517,-0.70139897,-0.59207916,0.97400576,0.040698487,-0.2931909,-0.024515055,-0.08615111,-0.2577613,0.6998316,-2.0141296,-1.2772025,0.8510419,-0.14068457,-0.22807379,0.60196507,-0.13148984,-0.59727323,0.09848398,0.25735003,0.17914915,0.439817,-0.52772397,-0.64030766,-1.4029619,0.3902465,1.2930477,-1.7926003,1.1358676,-0.26938456,0.92443347,-0.020717464,-0.3255389,0.105426565,0.36025262,0.07659195,-1.5357634,0.37021968,0.43770683,-0.30671787,-0.61262506,-0.0369488,-0.870857,-0.507122,-1.4006917,-0.48734668,0.5770136,0.7482521,-1.0248591,-0.75635195,-0.11453558,0.18850629,1.0674826,-0.42610398,0.20217761,-1.0106119,-0.57512623,0.65328515,0.22097747,0.4674189,-0.19359273,-0.49387825,0.2777617,0.4481895,-0.5894243,-0.72763515,0.5977198,0.87264246,-0.2883411,-0.10210055,-1.0158921,0.007909849,0.30362785,0.3909119,-0.5129141,0.031295814,0.9262591,0.16413915,0.020647816,0.9857329,-0.18557462,0.09491834,-1.1742631,-1.0972726,-0.21297908,-0.1308054,-0.5246139,-0.08895745,0.29845405,0.91240597,0.39125758,-0.410922,0.29045543,-1.3199646,0.38574994,0.40765017,0.2001269,0.55544204,1.4551978,-1.3549191,0.7808073,-1.1800985,0.333797,-1.1171198,-0.02785907,-0.1665041,-0.41720074,0.12660235,-0.4956492,-0.4269095,0.16489208,-0.023203358,0.09936182,0.22903767,0.41283163,-0.6077935,-0.2966903,-1.1726933,1.1356986,-0.668977,0.7071123,1.5262178,0.78533375,0.4342129,1.0855702,0.41563886,-0.3841419,-0.14777255,1.1019578,-0.3007499,-0.42916656,0.94804,-0.4647481,-0.49351603,-1.0596253,-0.020620078,-0.16544423,0.1387177,-0.10623259,-1.1635151,-1.0523089,-12.326405,-0.49162614,0.43384504,-0.15804166,-0.102797516,0.04550519,-0.89157695,-0.47712338,-0.07104203,0.17435266,-0.05088769,-0.8173535,0.7024507,-0.5142841,0.24615963,0.6887103,-0.44088936,-0.71217936,0.26885587,-0.097628504,0.7421091,1.6373184,-0.005335219,0.2046768,0.58327913,0.66340744,-0.03686647,-0.117426656,-1.0924915,0.70303637,0.42704332,0.2402479,0.11329682,1.0143548,1.3068794,-0.33476782,0.48526376,-0.34512526,-0.16792014,-0.31544173,1.6599406,0.18171258,-0.95866036,-0.6292162,0.54348534,0.8314952,-1.3301351,-0.5894124,-0.2309348,-0.44189405,-0.26956445,-0.17985043,-0.3057046,-0.6030359,-0.44593376,-0.5862168,-1.4077023,-0.5913249,0.8300924,-0.008384071,-0.62326944,0.97424275,-0.7452753,-0.19631341,-0.9076657,-0.71512896,-0.7406842,0.9629435,1.1604007,-0.3998322,-0.88114023,0.21145205,0.068293005,-1.5719368,0.408554,0.5210932,-0.64419514,0.28872794,-0.8453692,1.5108572,-0.6858027,-0.7220232"
https://help.payactiv.com/s/article/EWA-Fees,EWA Fees,"EWA Fees
You worked hard for your money, and with Payactiv, you won't have to pay more than $3.49 to access it on your schedule. Here's a breakdown of our EWA fees:
Same-day transfers to the Payactiv® Visa Card* are free with paycheck Direct Deposit of $200 or more per pay period
Same-day transfers to the Payactiv® Visa Card* are $2.49 without paycheck Direct Deposit
Same-day transfers to a non-Payactiv account cost $3.49
Transfer in 1-3 business days to a non-Payactiv account for free

Important notes: Bank transfers made after 12:50 p.m. ET are processed the following business day. Your employer must be a Payactiv client for you to access your earned wages through Payactiv.","-0.6522907,-0.11286198,0.0602089,-0.49273774,0.2675619,0.4034631,-0.85280347,-0.24169318,0.28416383,-1.2471628,0.890114,1.1296598,-0.74287313,-0.040818132,0.54862857,-0.36810023,-0.7580928,1.133523,0.3044878,0.54612863,0.08171929,0.21637252,0.1270091,-0.3064434,1.1719247,0.4695722,-0.39059788,0.8464822,0.24668995,-1.0339434,-0.23486915,0.7986976,-0.86726844,-0.4533401,-2.093862,-0.86269104,-0.12967096,-0.6873652,0.35232538,-0.9523765,0.33804628,-0.35635275,-0.16127424,-0.52224463,0.6380586,-0.26700363,-1.3037581,-0.45810235,0.028629713,1.0039072,-0.2072181,-1.1553655,0.44319376,-1.0246054,-0.33671337,-0.16589326,0.2914258,0.15963495,0.090303704,0.1039262,-0.15147497,-0.20535052,-0.10538773,0.14029068,-0.64548707,1.3099942,-0.9767477,2.1723304,0.66336894,0.8234771,-0.21320184,0.2592442,0.85640293,1.2387222,0.24704811,-0.406231,1.3482679,0.48660922,0.5899161,-0.42493275,1.418792,-0.65514135,-0.124335945,-0.6416198,-0.9383571,0.21377571,-0.19158314,-1.005933,-0.20308115,0.1742213,-0.057306565,-0.579199,-1.0025791,-0.1997487,-0.22191507,2.3403137,-0.36337975,-1.3940887,-0.58803064,0.885315,-0.7791773,-0.35047013,0.025833547,0.78863186,-0.0768148,0.057333887,-0.27396902,-0.34479642,0.2027491,-0.2306687,0.92139643,-0.2480879,0.7361649,1.1088231,-0.34289554,0.1801057,-0.20271553,-0.50292623,0.91661286,-0.07820888,0.40855247,0.057538796,-0.0076175854,-0.65861654,0.4230158,-0.011944696,-0.6751255,-0.56603545,0.36163464,0.6109828,-0.25650337,0.62102103,0.20001452,0.32556674,0.4087959,0.04783465,-0.28938568,0.53311807,0.71540904,-0.418194,0.06350978,-0.26883042,-0.15473902,0.068563916,0.67583126,0.33664352,0.12223421,0.036270432,0.47576278,0.20407456,-0.75429034,-0.7395948,0.2566491,0.033894043,1.2615895,0.9513745,0.68156797,-0.11299209,0.49702552,0.006689906,0.26348615,-0.00011564791,-0.6830729,0.10091737,-0.39040145,-0.73032176,-0.48349005,-0.16134587,-0.1799592,0.48502478,-0.8180275,-1.1852189,-0.6833053,-1.1732013,0.6158153,-0.6136421,0.35735935,0.0031467602,-0.036834486,-0.01862368,-0.05754938,-0.65929633,2.272324,-1.1716342,-0.28232926,-0.37003332,0.14708811,0.32411218,0.034925655,-0.33854097,0.7474499,-0.6737081,-0.10114712,-0.14108567,-0.057363465,0.7332946,0.24839291,0.2970332,0.08180323,0.18464929,-0.8084047,1.3324358,1.0474023,0.71498764,0.009154778,-0.67088985,1.353759,0.34005308,-0.656764,-0.16176675,-0.11684053,0.2899415,0.6209312,-0.20865215,-0.45113668,0.021453863,-0.65470034,-0.36672518,-0.34465745,0.032445945,-0.54754144,-0.6713258,-1.4612107,-0.14466543,-0.4540822,-1.1538601,0.059294492,0.019149229,-0.061736926,0.58028835,-0.2233011,0.32055724,-0.79773575,-0.13254413,0.85195273,0.40349182,-0.041552044,0.042579964,-0.7900868,0.22644049,-0.52664304,-0.1676605,0.7764001,-0.79665256,-0.9583243,-0.605235,0.5939755,0.22823319,0.30671722,-0.84539896,0.32618394,0.5047617,-0.68243515,1.7910849,0.439993,-0.9568583,-0.16200395,0.74060404,-0.4879552,0.48162156,-0.54058087,1.083909,0.0114481,-1.2340302,-0.33924967,-0.21058333,-0.0954046,-0.7257235,0.270594,0.2059913,-0.11368435,-1.1147985,-0.3471563,-0.5396513,-0.60901433,-1.2411814,-0.6433093,-0.74555796,1.0715554,-0.09035713,0.4277169,-0.43936563,0.82916945,0.046379805,0.83519197,-0.3681924,-0.17215171,-1.4033122,0.738118,-0.31708682,-0.071879424,0.9075637,0.13549566,0.48806778,-0.51184946,1.0013834,-0.25711083,0.84286857,-1.3668786,-1.7191768,0.4548146,0.3613457,-0.098456465,-0.9986474,0.32610655,0.15491459,-0.22004724,-0.51558304,-0.46284664,0.60564274,0.73260075,-0.023246005,-0.81765115,1.7296987,0.34466183,0.5287013,-0.42801082,0.9306793,1.3819357,-0.066257104,0.134507,0.22884126,0.2566956,-0.14991184,0.25385392,0.91451406,-0.61027974,-0.18720059,-0.6273535,-0.11850879,0.5892056,0.74922127,-0.2080484,0.20123538,-0.10483326,-0.38108146,-0.61021936,-0.500483,0.13619806,0.07422625,0.7984053,0.19188195,-0.34936202,-0.09408191,-0.20662823,-0.34772247,0.07081038,-0.3557173,-0.009552702,-0.027362764,0.42462662,-1.2436923,0.4460335,0.4551623,-0.06584656,0.14156246,0.5368269,0.1596359,-1.6805716,-0.28916958,-0.08875907,0.43189391,-1.1297334,-0.15697661,0.7607348,-0.2410113,1.2806767,0.40564972,0.70129913,0.08375208,-0.89121675,-0.29663062,0.13924164,0.22173642,0.0029724948,0.27097055,-0.5346161,-0.7271726,0.17258106,-0.2279934,0.03746375,0.2627272,0.47458383,-1.056899,1.1520704,0.43067697,-0.008962706,0.7710051,0.15815216,0.97078824,-0.3717851,-2.0844448,0.6786875,-0.25267592,-0.96368957,1.3065404,0.9203744,0.10678621,0.042098753,1.2727363,-0.067229986,0.3127847,-0.35349298,-1.0702875,-0.9578161,-0.4725842,0.07840613,0.85265976,-0.56412745,-1.4759142,-0.18943496,-0.2347957,-0.08682123,-0.40335077,-0.2239979,0.095418185,-0.6725824,-0.7394644,-0.8926026,0.026122227,0.9338784,0.09964754,0.18739581,0.44288376,0.31283844,-0.17621848,-0.40327662,-0.38047776,-0.05013988,-1.0529323,-0.17261735,0.07197572,-0.6374308,0.6118159,-0.36133367,0.5272424,0.23439233,-1.0873632,0.3303486,0.42547327,-0.41881743,0.1895448,0.028694421,0.39231667,0.24850723,-0.38879845,1.339343,1.4035889,-0.025159884,-0.59379447,-0.22134408,-0.38691974,-0.5880946,0.4537743,0.704842,-0.24472554,0.27015328,0.8394806,-0.78472495,-0.07879828,-0.4734479,0.14700222,-0.76609945,-1.2955596,1.0809542,-0.034103572,-0.80197084,0.6538013,0.50489193,-0.06660638,0.087314405,0.037923314,-0.12560773,0.25594288,-0.12604107,-0.3704669,-0.023208842,-1.2414647,-0.6918827,-1.3659551,-0.44141775,0.73607826,-0.06451592,-0.37344667,0.17763941,0.05479779,0.36824033,-0.4422601,0.7803984,-0.118205495,0.38117993,-1.1236633,-0.017309472,-0.5033628,0.3660212,1.1513706,0.4738868,0.19804361,1.8778079,1.0785456,0.9447322,-0.47667736,1.0235264,-0.6991179,-0.08229194,-0.3017955,0.10385346,-0.6312423,-1.0514859,0.34880856,0.39422953,0.5141575,0.5156157,-0.27582482,0.580129,-0.5976344,-1.1054258,0.0813469,0.8761173,0.5047614,0.5385746,0.08537349,-1.0629109,0.606001,0.048908614,0.13430367,0.05009908,-0.7255038,-0.27303293,-0.14287221,0.47948512,0.1178366,0.23301184,0.39569464,0.3336689,-0.3175215,0.33689034,0.05895278,-0.59872943,-0.47726047,1.3450835,-0.75541717,0.44070357,1.0400718,0.15195736,-0.039260134,-0.56060904,-0.16473757,-0.765239,-0.1519193,-0.9461623,-0.13689508,-0.5268433,-0.7715596,0.45662507,0.14906189,0.3136546,-1.2012974,-0.09928092,-0.054746695,0.80217606,1.148018,-0.4145468,0.038084544,0.26800078,0.45362806,0.41508687,-0.29415452,-0.26042125,0.023464128,0.5702576,0.47054386,0.44772252,1.799848,0.3538582,-1.1817923,0.4679892,0.70986956,0.05740341,1.8657526,-0.2313711,-0.5615071,0.49061573,-0.70389175,0.17680372,0.93792206,-0.49948713,-0.072640404,-0.76804554,0.44810763,0.93921566,-0.24813238,-0.27455923,0.07352771,-0.6543471,-1.5875702,-0.5634965,-0.20894252,-1.1833087,0.32700294,0.24900542,0.35408655,0.27954078,0.77824014,-0.75322396,0.5621908,1.029806,0.08896184,0.050299417,-0.3591163,-0.2710597,-0.52319145,0.17107706,0.4062204,-0.15115832,0.45952004,-0.9035537,0.08753523,-0.20130327,0.30862293,-1.2611806,-0.17621274,0.22646949,-0.06843696,0.9659534,-0.5693722,-0.5664487,0.30334198,-0.094795585,1.5169526,-0.23838535,0.39917797,1.044998,0.35654485,0.6131742,-0.42866912,0.019087665,0.2838759,0.19945608,0.6648916,-0.029156871,0.049587145,-1.6462862,-0.2140032,-0.2702698,-0.87225115,0.16644627,-0.34181145,-0.34693354,-0.009857208,0.0698001,-0.12273225,0.32750222,-0.24300382,0.78205204,0.26741284,-1.0110677,0.8012169,-0.5568658,-0.1612975,-0.24950916,-0.28380072,0.19624406,0.15296099,0.870381,-0.41793245,-1.0115511,0.33302385,-0.86548847,0.47056946,-0.11436947,-0.6938222,-0.93914473,0.64010835,-0.08693436,0.07908416,0.4280504,0.11002091,0.65598947,-0.0102527365,-0.71370757,-0.3527646,-0.16538484,0.39966834,-0.53299475,0.42812526,0.22442682,0.3040126,-0.8846179,0.17815576,-0.67528546,-0.41384023,0.70814675,0.51017874,-0.3547381,-0.99587446,0.33064637,-0.27175072,-0.82038945,-0.8012786,-0.4063139,0.16120014,-0.41035742,-0.94102824,0.36914364,-0.32809687,-0.3710708,0.03248873,0.011544637,-0.23198181,0.23569399,-0.15739281,-0.65738165,1.1156352,-1.2863431,0.43460426,-0.6101035,0.061586663,0.40858382,0.28159726,-1.5969725,0.65557134,0.2149463,-0.13442688,-0.076502845,0.54268587,0.17945923,-0.3972151,-0.34192306,0.0980228,0.20661287,-0.8427477,-0.75871557,-0.3870274,-0.34289014,0.17068815,0.8906297,0.15372333,-0.40632355,0.30604285,0.3210129,0.39373985,0.41353694,-0.23603429,-0.107125275,-0.16169171,0.99452966,0.79420835,1.7071414,-1.2784442,0.24715388,0.38539302,-0.4899854,-0.31961992,-0.20131679,0.4457888,-0.3993814,0.48768207,0.1282649,0.5185551,-0.12398813,0.027323604,0.611955,-0.39793915,0.18047392,0.30528712,-0.53030026,0.20939033,-0.49280393,-0.4153645,0.27212825,-0.19944993,-0.08403985,-0.7084513,-0.56245625,-0.67357314,0.7666338,-1.7811095,0.47437215,0.20891897,0.0051599145,-0.5771653,-0.19253686,-1.4595865,0.65654105,-0.0077883266,-0.44669694,1.079611,1.2149236,0.36388844,0.4922892,0.015369855,-0.017199084,-1.2090389,0.32492724,-0.61871207,-0.034710765,-0.13830145,0.6695432,0.62133545,-0.21693821,-0.4072625,-0.10967797,-0.14330734,-0.327927,0.72438663,-0.23555468,-0.19243306,-1.3162311,0.038871724,0.15032175,-1.7564509,-0.8264569,0.47602704,-0.04354371,0.30619174,0.21265173,-0.58510727,-0.14779422,-0.02683799,0.45512867,0.17333323,0.6503687,-0.7120102,-0.17255461,-1.4430118,-0.6402201,-0.25810137,-1.4043993,0.8115491,0.5726531,0.42173815,-0.6264317,-0.98836315,0.055979073,0.4911074,-0.31214553,-0.879347,-0.38822237,0.48214877,-0.6586747,-0.9583025,-0.33453315,-0.14455418,-0.5873593,-1.4028625,0.041226655,0.8659454,0.22682318,-0.6508739,-0.34300554,-0.19161794,-0.476711,0.57902616,-0.2766836,-0.42386058,-0.37686837,-0.14422698,-0.02478832,0.8742923,0.05717884,-0.14120695,-0.8217714,0.28675193,0.29456246,-1.4125478,-0.52082694,0.9968996,0.91231936,-0.6319554,0.018184543,-0.4020068,-0.36262837,-0.40538704,0.92890203,-0.6965024,0.14420632,1.3347701,-0.39438766,-0.23602045,0.42897028,-0.04504724,0.8214944,-1.2106316,0.28850484,0.44564676,-0.19306049,0.13558133,-0.27400422,0.5324881,1.0794148,0.38437676,-0.49087626,0.20715007,-1.0440818,0.28284675,-0.13799605,0.30580595,-0.13590957,0.72259885,-0.46356383,0.87433803,0.15257274,-0.022300154,-1.0585264,-0.24522671,-0.30659685,1.16667,0.6348025,-0.5247376,-0.542529,-0.46283776,-0.6350489,-1.4132476,-0.17609927,0.8938536,0.7964358,-0.4552638,-0.08317108,1.0101813,-0.23743568,0.16687009,1.1362537,1.4415027,0.20393339,-0.16973208,-0.29805872,-1.2093878,0.05336781,0.662101,-0.57120824,-0.26411536,1.278156,-0.5903862,0.17128511,-0.9450076,1.1617258,-0.045733783,0.8197183,-0.1613402,-0.10918087,-0.77561295,-12.420163,-0.36548054,0.9583033,1.2067199,-0.4663357,-0.2167153,0.076359645,-0.17360216,-0.89098907,-0.48651916,-0.54663503,-1.2000957,0.47718233,0.116076395,0.58483315,-0.08018959,-1.1165721,-0.122684464,0.60105294,-0.38654983,0.11702231,1.5528964,-0.39312768,-0.28499395,0.35285234,0.5983881,-0.56400037,-0.094080955,-1.0197788,-0.9287957,0.18932615,0.7022093,-1.0237793,0.9287532,0.12271856,-0.4813812,-0.09422978,0.39401746,-0.8546012,-0.24415162,1.197039,-0.29714596,-0.7197481,-1.191462,0.6022841,-0.006936131,-1.5900109,-0.08979021,0.5353538,-1.1575066,1.1200862,0.0072449893,0.06215179,0.35653564,-0.11529145,-0.3942684,-1.0482943,-0.7941181,0.015231147,0.8435073,-0.6500992,0.8081559,0.0756689,-0.063237645,-0.7420502,-0.16682927,0.28577012,-0.14607607,2.020802,-0.1499241,0.019863605,-0.7381139,-0.19996324,0.06317684,0.6125274,0.08317829,-1.2293367,0.86368936,-1.2831138,0.5896218,-0.57412994,-0.4033214"
https://help.payactiv.com/s/article/Payactiv-EWA-Isnt-A-Loan-Its-Your-Money-On-Demand,Payactiv EWA Isn't A Loan: It's Your Money On-Demand,"Payactiv EWA Isn't A Loan: It's Your Money On-Demand
Earned Wage Access (or EWA) is an employer-offered benefit that gives you access to a portion of your paycheck before payday. We invented EWA in 2012 to provide financial flexibility and may help with financial stress between paydays for hardworking Americans like you.

EWA is not a loan. It's your money on demand. The money you get with EWA will come out of your regular paycheck. For example, Eric's typical payday is the 30th of each month. If he accesses $100 of his earned wages on the 15th, there will be $100 less on payday in a few weeks.

If your employer hasn't signed up for EWA yet, tell them about us! We'd love to see how we can help give you and your coworkers access to your earned wages.","-0.9260111,0.629296,-0.88634014,0.014559984,-0.43963373,-0.26694584,-0.6296991,-0.8162416,1.5059135,-0.7170797,0.66178244,0.51570517,-0.8789924,-0.41080514,0.5188301,-0.62895334,-0.4870411,0.9158809,0.8900819,-0.17565,0.31302842,-0.21283378,0.05501215,-0.47181278,0.7599801,0.26907367,0.38262194,0.6011417,-0.007736087,-0.6612667,-0.27683336,0.46086332,-1.6926533,0.10828335,-1.1724404,-0.48688042,0.16580933,-1.0732454,-0.18127804,-0.47703773,0.31373176,-0.6645825,-0.7911699,-0.6318723,0.5880724,-0.64414436,-1.2078593,-0.69765127,-0.48910633,0.69009525,-0.99340224,-0.78621185,0.93111736,-1.2996294,-0.40630057,-0.262895,-0.04091465,-0.42529202,0.1651341,0.49430817,-0.2513604,0.18164574,-0.12426835,-0.18069112,-0.22627538,0.8607102,-0.85682344,1.5500258,0.1330668,-0.32885367,-0.22016558,0.2647912,0.2496536,0.6493022,-0.05666834,0.1665365,1.4286877,0.8785296,0.02333469,0.47283182,1.1374528,-1.0846806,-0.69786996,-0.83768916,-0.4889361,-0.5645809,-0.78806776,-1.0634544,-0.38283074,0.089730725,0.020401046,-0.75075424,-0.459157,-0.75643706,0.11359979,1.8358048,-0.4791851,0.025203139,-0.014924549,0.7115781,0.048888966,-0.1313381,1.222142,0.22857894,-0.71873343,0.24984217,0.3261476,0.19703965,0.96157134,-0.30173308,0.8456206,-0.16192116,1.0372442,0.98570096,-0.9170927,0.62265116,0.28316793,-0.93762016,1.0489526,0.29164678,0.056515828,0.8659983,0.8598665,-0.48396823,-0.20760906,0.21830362,-0.024608284,-0.06900172,-0.01878679,0.6260339,-0.7946447,0.20178546,0.21696867,0.23553044,0.23326325,-0.074519396,-0.4949938,0.10804244,0.5069101,0.38943923,0.3595626,-0.561983,0.6873837,-0.53099173,0.00030357763,0.4869389,-0.06532681,0.4350748,0.05853598,0.16588561,-0.8856041,0.34523833,-0.008061573,0.25211674,1.0089477,0.71829605,0.17197488,-0.24953768,0.016802356,0.06081292,0.24049297,-0.3926999,-0.53074044,-0.16904801,-0.8687018,0.02033268,-0.13965935,-0.36017752,-0.16533637,0.43293142,-0.29282793,-0.5156793,-0.70506513,-0.7994555,0.48783106,-0.12368419,0.31586236,0.3825512,0.15578958,-0.0031589866,0.02163501,0.028063506,1.4382312,-0.8097131,-0.3462688,-0.10819505,-0.17306112,0.48373383,-0.26574028,-0.22643927,-0.06485264,-0.18066251,-0.29998404,0.384102,-0.7812144,0.21822886,-0.22306816,-0.31320438,-0.052040666,0.059850164,-1.311811,0.23206073,-0.17588182,0.4766592,-0.048004255,-0.064238966,1.2566916,1.154768,0.10589261,0.76413876,-0.52361524,-0.16768843,0.3138434,-0.4308523,-1.2367418,0.06886674,-0.5957618,-1.088358,-0.7520237,-0.09128428,-0.7754122,0.6314621,-1.0334504,0.11625865,-0.24448048,-1.0188807,0.19740598,-0.49600983,-0.29354507,0.10647484,0.38505822,0.6812834,-0.5904933,0.17295074,0.2582735,-0.66141045,0.24990076,-0.2809409,-0.15264563,0.08522034,-0.62003833,-0.28349763,0.14921807,-0.826143,-0.31975642,-0.009878129,0.46903065,-1.4036226,0.2966575,-0.53800887,0.004449308,1.1045215,-0.40474632,1.3343188,0.15355885,-0.2812483,0.4740523,0.6245637,-0.16614766,0.58589655,-0.2424074,0.5627242,0.25300252,-0.30963027,-0.3760518,-0.44735765,-0.05178861,-0.54781127,-0.44868284,0.2522202,-0.16997308,-1.3080051,0.4761011,-0.70514196,-0.56097347,-0.7245934,-0.51759446,-0.44768023,1.258443,-0.13166445,-0.10268173,-0.10507626,0.2018457,-0.30196562,0.85111594,-0.026238322,-0.5023789,-0.12391253,0.90080047,-0.05557611,-0.455129,0.4146261,-0.27717006,0.0025231568,-0.15973319,0.57143927,-1.040236,0.48478156,-0.9072273,-1.056648,-0.29677004,-0.06593199,0.4587081,-0.95377845,0.5743673,-0.15219471,0.10645582,0.26292658,-0.5394163,0.66733927,0.7151315,-0.41741562,-0.52961683,0.33160526,0.19893952,0.00023065135,-0.876184,0.59766716,0.11813968,0.28053588,-0.23095937,0.17330872,0.5996356,-0.26820546,-0.12658596,0.86924887,-0.8973274,-0.63178194,0.3429159,-0.48445097,0.075981714,0.9879419,-0.34956065,-0.26410753,-0.36728796,-0.3461054,0.7238332,0.5272074,-0.76928437,0.17315096,0.18448398,-0.55043757,-0.44270122,0.43013367,-0.2768848,-0.11359338,-0.5323635,-0.6263185,-0.4041848,0.18188009,0.1453594,-1.2495487,-0.24975884,1.0947678,-0.6344536,0.15844274,0.79053116,-0.31454977,-0.47430405,0.5762042,0.92832637,1.219779,-1.5699426,-0.1709451,0.055574477,-0.7346879,0.413961,-0.25775817,0.5060887,-0.61958313,-0.40174404,-0.16869105,-0.04449097,0.18257755,-0.34776428,-0.4656882,-0.5295406,-1.005685,0.18194212,0.22630036,0.47089693,0.0005032867,1.0356499,-1.1340251,1.2686727,0.50708675,-0.30866545,-0.55886996,0.008015707,-0.389113,-0.15290505,-1.3419186,0.9867318,0.6676825,-1.2018737,1.4267519,1.3312664,-0.049990773,0.46469855,1.6086673,0.018634938,-0.23121756,0.79938114,-0.39109147,-0.038999453,-0.45739105,-0.3064582,0.9264255,-0.7972509,-1.0489728,0.05819518,0.04867617,0.22616583,-0.10730816,0.6854794,-0.25748315,-0.07880931,-1.115506,0.078467004,-0.116743505,0.6728194,0.26878726,1.0481634,0.37936977,0.30194008,0.23536852,-0.2622678,-0.747378,0.1780977,-0.31787243,0.04478766,0.700776,0.09560667,0.21769254,-0.43674904,-0.75670314,-0.80103457,-0.7520942,0.7580489,0.67054206,-0.19571638,0.18851355,-0.29645753,0.015621647,-0.053951908,-0.7287473,1.3833276,0.6977688,0.5625904,-0.96935457,0.694808,-0.18929438,-0.55222434,0.48183373,0.90581965,-0.11084384,0.029522426,0.25885302,-0.49241263,-0.15957226,-0.08668694,0.54363126,-0.8496676,-1.1476493,0.3816448,-0.34309533,-0.25073126,0.2773002,0.23707275,-0.19500253,-0.09142299,0.378122,0.44393694,1.0353116,-0.84357035,0.23922803,-0.3154916,-0.94639987,-0.4251575,-1.7052277,-1.0077307,0.2233424,-0.15363543,-0.6638732,0.653571,-0.35869518,0.16179597,-0.436452,0.86499876,0.44008303,0.7161676,-0.46508116,-0.10476078,-0.11522372,0.2543264,0.8321712,0.069617525,0.459974,0.908248,1.5301514,0.2936349,-0.9858758,0.40602678,-0.41686666,-0.051273055,0.41782704,0.41507092,-0.31185392,-0.28330714,0.42311725,0.45208168,-0.15045238,0.67583877,-0.27180713,0.9946341,0.085146576,-1.3554987,0.0072475616,0.03235951,0.37987325,0.25415662,-0.2790885,-0.75356877,0.24954183,-0.31146282,0.5986153,0.05967873,-0.23195744,0.24839792,0.6312284,0.15740688,-0.20334359,0.47540697,0.061891675,-0.19698803,-0.983433,0.7007839,0.27467602,-0.3610428,-0.49386334,1.3956965,-0.48769373,1.1267687,1.8165501,0.49306884,0.006673202,-0.42091352,-0.15117833,-0.51180357,-0.4037241,0.5795018,0.2386667,-0.7200524,0.13912563,0.100989275,-0.08587644,-0.5255627,0.20554726,-0.31916904,-0.058409262,1.0365521,0.6273118,-0.43464082,0.030935455,-0.07174773,0.77323663,0.21581177,0.35725385,0.040621206,-0.21030077,0.4935276,0.35187912,0.22334206,2.0297086,-0.61101586,-0.37238973,1.0709791,1.3415816,0.6648741,1.8669349,0.38351908,-0.28960586,-0.92855597,-0.6730481,0.38906193,0.98833454,-0.8846954,1.0608045,-0.879431,-0.23195751,0.3908368,-0.2993802,-0.014010757,0.17356323,-0.543143,-1.0715042,-0.23502423,-0.7719698,-0.27457494,0.0023747087,0.21322955,0.6086368,0.23674975,0.29867357,-0.46998233,0.2374624,0.3621386,-0.114283755,0.7144507,-0.86596346,-0.15858006,-0.16594443,0.6089395,0.17313057,-0.17326006,0.20888804,-0.6327145,0.5643804,-0.18027525,0.849015,-0.8878157,0.039101783,0.23167297,-0.45882416,0.16532475,0.28864753,-0.03972794,0.02400117,0.20020771,1.0429236,-0.43548965,-0.23516826,0.23325041,0.43230164,0.63513863,-0.659805,0.45206052,0.63432944,0.40446904,0.73060936,-0.223702,-0.2892924,-0.9395016,-0.084817596,-0.4178701,-0.75953436,-0.15595722,-0.25973308,-0.5778078,0.083996296,0.9418371,0.28126314,0.27876484,0.096160226,1.2771245,-0.11745629,0.011389822,-0.25949132,0.44893092,-0.82339686,0.008247718,0.5569727,0.02537416,0.3627737,0.1327681,-0.943549,-1.3176439,-0.018831894,-0.30861616,0.50145227,-0.35648078,-1.4138633,-0.27941722,0.73747385,0.45021528,-0.2900099,1.3736627,0.047873586,0.47975594,-0.017305113,-0.47854865,0.7611561,-0.058138225,-0.6614676,-0.7618492,0.2909128,0.9555098,0.4635689,-0.19410473,-0.41406405,-1.6045872,0.38983417,0.79170454,-0.31486455,0.14533697,-1.101114,-0.020928808,-0.08188401,-0.645651,-0.14515826,-0.44106498,0.27734578,-0.20611194,-0.8706262,0.03211026,-0.34155217,-0.04433889,0.28533086,-0.35614318,-0.49004015,0.73954725,-0.35973823,-0.42171168,0.9363259,-1.1632988,0.034513105,-0.7807773,0.40250307,1.1481969,0.36535537,-0.42310888,0.49987364,-0.16924313,-0.47092107,-0.030594196,-0.08569107,-0.0053455546,-0.119653516,-0.009364594,-0.31905213,-0.16738276,-0.3783005,-0.074678816,-0.4751345,-0.5131011,-0.17334281,0.7547372,-0.23347989,-0.50204057,0.05895617,-0.7188659,1.2189238,0.884633,-0.27880347,-0.42542204,-0.25801203,1.1501119,0.1107508,0.864212,-1.4787172,0.029634148,0.28366113,-0.43752798,0.29656082,0.012610476,-0.11305376,-0.33918366,-0.16737619,-0.662617,0.4831572,0.35623112,0.1949351,0.2647174,-0.6310291,-0.5664146,0.03749208,-0.6775369,0.26013914,0.1461872,-0.42363077,0.13868454,-0.26380962,0.5154407,-1.294754,-0.53152853,-0.6704067,0.6860673,-1.0077127,-0.08723381,-0.42556366,0.14312592,-0.7454021,0.23839259,-1.5357826,0.2650631,-0.4240134,-0.95247704,0.7732557,-0.12318873,0.94991744,0.29418784,0.18459588,0.22960395,-0.5105247,0.54087245,-0.6346894,0.3724925,-0.1930078,0.3714921,0.5784197,0.38019136,-0.16129354,-0.73763794,-0.0062777847,0.1502948,-0.057907075,-0.17234945,0.05349973,-0.3656547,0.29249105,0.16493496,-1.3994759,-0.75449497,1.9516274,0.36688635,0.55909467,0.51447225,-0.54897887,0.09117976,0.22124016,0.48093733,0.32501644,0.26564437,-0.09403494,-0.69805026,-1.7168555,-0.09512938,0.9010488,-1.0894606,0.8539848,0.84700626,0.6514868,-0.44297677,-0.93536264,0.033941664,0.15285295,-0.37732828,-1.7085003,-0.16580091,0.64898103,-1.0755849,-0.8592792,0.6291406,-0.4040416,-0.8999491,-1.3045547,-0.39275166,0.56325287,0.44614342,-0.67215127,-0.670528,0.0100142155,-0.27348715,0.6183368,0.28279987,-0.075028636,-0.62130183,0.07963358,0.37492862,0.5187364,0.6918735,0.258985,-0.55846226,0.12904102,-0.48582655,-0.6838778,-0.034106344,0.38485256,1.2001005,-0.6086612,0.28093213,-1.5702878,-0.3850228,-0.52888256,0.73418236,-0.16255412,-0.31851256,1.4982097,-0.05975821,0.29587883,0.690182,-0.503315,0.2822748,-0.6758455,-0.57704806,-0.046952453,-0.3933567,-0.18060349,-0.58996624,0.17464405,0.8827915,0.79066515,-1.0011996,0.8014761,-1.0008272,0.002983138,-0.05943347,-0.071068645,0.06987827,0.6296836,-1.2483076,1.0035039,-0.73760945,-0.114928395,-1.3682961,-0.081978545,-0.20510304,-0.13478424,0.49925518,-0.11194295,-0.29591313,0.13643411,-0.13426098,-0.047487214,0.19520712,1.0661519,-0.2401317,-0.76899624,-0.2017411,1.5734807,-0.7196133,0.8983459,1.0590692,0.89541364,0.5754874,0.36397278,0.81955665,0.08274558,-0.3087336,1.1346413,-0.14592883,-0.7189028,1.1078258,-0.9123652,-0.5493707,-0.78474957,0.16446596,-0.50373816,-0.0292124,0.052656606,-0.6913016,-0.44714,-13.367687,-1.2501215,0.32577953,0.5065421,0.57233936,-0.2897187,-0.18754083,-0.4933551,-0.21651067,-0.57760584,-0.5153475,-0.931959,0.10437147,0.36291504,0.24337177,0.6092486,-0.6986113,-0.35360536,0.5910462,-0.106459804,0.11914889,1.002463,-0.29343033,0.53807104,0.41705555,0.2994774,0.038655594,-0.16504215,-0.8068199,-0.4073122,0.06769483,0.6786028,-0.05221335,1.2513822,0.15581103,0.24869466,0.55957735,0.07052286,0.02349332,-0.91678655,1.0929782,0.24990901,-0.8306887,-0.011315972,0.4481721,0.5880956,-1.183316,0.2515309,-0.15775198,-0.5553853,0.3168667,-0.83391464,-0.6318088,-0.39167893,-0.24870482,-0.2998011,-1.3374857,-0.009356715,0.4572333,0.78887594,-0.57782966,1.2634772,-0.93216825,-0.2984866,-0.8397093,0.23297898,-0.25552547,0.17596574,1.210982,-0.8292854,-0.5530546,-0.876671,-0.048356242,-1.3110769,0.5464834,-0.38874876,-1.4832621,0.38991302,-1.1602261,1.5764256,-1.1495781,-0.38675857"
https://help.payactiv.com/s/article/How-to-add-money-to-your-Payactiv-Visa-Prepaid-Card,How to add money to your Payactiv Visa Prepaid Card,"How to add money to your Payactiv Visa Prepaid Card
There are five ways to load the Payactiv® Visa Card*.
Set up direct paycheck deposit 
Access your earned wages for free or low-cost (only offered with partnered employers).
Manually transfer funds from another bank account.
Load cash funds onto the card with a Moneypass ATM.
Load paper checks with Ingo Money.
Note: If you received a Payactiv Prepaid Card from your HR manager, you can only load your card through paycheck Direct Deposit.","0.55551696,-0.3130051,1.0484309,-0.026089627,-0.36394304,-0.053248025,-0.7969098,0.6970725,0.12937017,-1.2648529,1.0145742,0.5727651,-0.20223346,-0.22918797,1.1609292,0.0026310682,-0.38138652,0.78628063,0.538077,0.35268936,0.21447384,-0.90995204,-0.18829863,-0.0023276657,1.6209627,-1.0096982,-0.4985623,-0.07161146,-0.6445328,-1.659956,0.12571812,-0.3074646,-1.269173,0.20476389,-0.6269431,-0.398886,0.48429298,-0.7766025,-0.13231428,-0.897281,0.36782303,-0.5463191,0.27497303,-0.56819606,0.6753514,-0.42783323,-0.84042156,0.5961625,-0.36156058,0.48507336,-1.1922157,-0.5293782,-0.061073385,-0.33806705,0.34215575,0.18283479,-0.06699489,-0.72308105,-0.15356791,0.52177864,-0.40993756,-0.17243832,-0.7166706,-0.56632924,-0.9098869,1.805472,-0.97270834,1.7829064,-0.46632758,0.6386787,0.49460125,0.3542241,0.46823633,1.2953339,-0.12343411,-0.4804507,0.7224098,0.18796378,0.36002666,-0.029604211,0.88481164,-0.0034836084,-0.21519494,0.30368316,0.68837494,-0.2566901,-0.5223273,-0.694518,-0.14830339,0.17205285,0.30820364,-1.1852783,0.57975405,-0.7067566,0.094578326,2.135529,-1.3864596,-0.34398943,0.0022056103,0.10781578,-0.04941681,-0.6002491,-0.38893384,0.5461787,-1.2452054,0.2609357,0.573507,0.553085,0.9805175,-0.41063938,0.5619118,0.17696516,0.90449184,0.39326176,-1.1146691,0.15646951,0.3046403,-0.5626826,0.09367761,0.23310146,0.06109924,-0.14499709,-0.36791956,-0.9976694,-0.15844378,-1.0602362,-1.3584301,-0.55813545,0.033494323,0.9798052,-0.10415497,-0.2472697,0.02569826,-0.36433136,0.67654556,0.27685037,-0.4149019,0.5650931,0.75522166,0.45628452,-0.026728958,-0.26438504,0.20442098,-0.064978994,0.36478186,0.48278725,-0.24896863,0.051601112,0.6437804,0.0009357296,-0.518075,-0.4885912,-0.37831283,-0.2776442,0.9294102,1.1379241,0.44361353,-1.2406176,1.491362,0.28215688,0.020365477,-0.8411272,-0.12675586,-0.04316634,-1.1462308,-0.26777178,0.044335157,-0.124998264,0.42263293,0.8297461,-1.3224998,-0.8392772,-0.6118561,-1.4882494,0.5512092,0.39164048,0.57553196,-0.07770423,-0.61380464,-0.45677814,0.08598646,-0.7112398,0.8350478,-1.0595342,0.30385804,-0.35201195,-0.2646976,-0.64129716,0.12928633,-0.16508502,0.14539686,-1.1716958,-1.1087817,-0.112803,-0.5523704,-0.37955165,0.4118847,0.036418766,-0.20447423,0.34862223,-0.54991347,0.25159606,0.38678196,1.003403,0.26059467,-0.27729982,0.5382432,-0.19444393,-1.3540211,0.39992818,0.68371016,1.21293,0.07665968,-0.17624821,0.35648477,0.88578564,-0.8977723,-0.8183301,0.17497176,-0.41327435,-1.0145799,-0.6111427,-0.71337163,0.45075944,0.088498145,-1.0372777,-0.13974944,0.0099300295,0.56375843,1.2724749,1.210261,1.052561,-0.6467094,0.16516942,0.26887497,0.2572464,-0.1436907,0.36105907,0.26952207,0.8276014,0.14849855,-0.85463125,1.0118815,-1.7141119,-1.3300784,-0.44474846,0.002439496,0.09783861,-0.22187571,-1.283809,0.096998274,0.62285733,0.29807803,0.52592564,-0.0020635948,-0.6163324,0.26686049,0.363191,0.20233741,-0.13228285,-0.35342032,0.7211193,0.10107525,-0.608247,-0.1830554,0.5138322,-0.4565172,-1.677256,0.5144937,0.5227952,-0.4593191,-1.0056481,-0.3063278,-0.9245343,-0.24634731,-0.9542572,-0.20109998,-0.55098623,1.7324039,-0.71883297,-0.063646436,0.04869929,0.6662769,0.026983649,0.20845538,0.27225766,-0.1420809,-1.2438,0.9929389,0.2104408,0.93116677,0.32139903,0.31365502,0.16929619,-1.131156,0.18617538,0.5213702,0.724878,-0.66892684,-1.3491806,0.7880594,-0.28692693,-0.6009529,-0.8606132,0.7335098,-0.67203456,0.43435562,0.22644542,-0.7380078,0.7483884,-0.2717746,0.6485113,-0.3941942,1.2966044,1.0645354,0.7712024,-0.17740482,0.61239386,0.42957705,0.41272455,0.011083394,-0.44210535,0.19835258,-0.7747853,0.53490245,0.48397908,-0.02297704,0.6234475,0.22103707,-0.35961807,0.06843309,0.60605115,-1.127359,0.6896242,0.83692753,-1.0016439,0.46073714,-0.13861075,0.8688392,-0.1975519,0.47928122,-0.44963783,0.38097358,0.17876527,-0.018762097,-0.22355951,-0.6770928,-1.192487,0.94144356,0.16307986,0.17534374,-1.0026946,0.67106843,-0.004341617,-0.39214665,-0.4557515,-0.32817656,0.64426684,-1.4192709,0.35204342,-0.09785437,0.34028515,-0.7795267,0.9289417,1.2131625,-0.5427768,0.50369847,0.39723316,0.800417,0.08929019,-1.3607986,-0.1311928,-0.086879626,0.014197573,0.21039271,-0.29144892,-0.6571571,-0.7384577,-0.5900525,0.76281995,-1.2160391,0.23010883,-0.32903844,-0.12597106,1.0175261,0.43666944,0.13791205,0.14411588,0.35877988,1.4713013,-0.3482939,-2.164757,1.1149845,-0.73626333,-0.6905105,1.2109655,0.33222556,-0.25392598,0.65074307,1.0168839,-0.30230767,0.1448816,1.0620314,-1.1899426,-1.3619916,-1.4915744,0.21613735,0.8306688,-0.7094436,-0.8099293,-0.2786289,0.40844172,-0.1819646,-0.09373214,-0.7420616,-0.52117074,-0.099541195,-0.42297775,-0.61976886,0.01752763,0.2215836,-0.050843313,0.8655234,-0.25652093,0.5568327,-0.51471275,-0.16938178,-0.44508582,-0.3457374,-0.5044654,0.16250141,0.95266205,-0.3569717,0.26398236,0.3957386,0.60823786,0.08753468,-0.35805786,-0.23494577,0.11672965,0.67348003,0.040450703,0.73252386,0.19797885,-0.9561727,-0.017001031,1.3787544,0.8097608,-0.5129713,-0.5557677,-0.25049406,-0.84990895,-0.56911004,0.4968913,1.0507584,-0.5999185,0.312246,0.07209466,-0.89981043,-0.56122065,-1.3055211,0.38242695,-0.8623011,-1.5415418,0.933255,-0.719789,0.47978467,0.55058044,0.7146029,-0.22459692,-0.78137934,0.6061489,-0.29008287,0.7826796,-1.0826361,0.6042199,0.1860682,-0.93073606,-0.6264738,-0.91400516,-0.67266834,-0.19024563,-0.282409,-0.6793835,0.3736137,-0.027246669,0.490731,-0.38559312,-0.25506514,-1.0254467,-0.35304666,-0.8517858,-0.36744735,0.14753932,0.11998877,0.47159106,0.15924142,0.06539684,1.0675348,0.7933076,0.61174357,-0.37832686,0.17168409,-0.08412409,-0.8108095,-0.4995142,0.58214474,-1.3841426,-1.0335183,-0.1283136,0.22213581,0.292198,0.7357583,-0.6480517,0.9043529,0.5525458,-1.118478,0.697352,-0.0151335,0.83342445,0.6290723,-0.21852182,-1.7699174,0.66115767,0.45633718,0.8896403,-0.5172274,-0.2040921,-0.59036,-0.36480683,-0.173252,0.2945181,-0.41945833,1.212715,0.95753,-0.9961452,0.13612527,-0.5272076,-0.56845886,-0.67964107,1.6278622,-0.49383748,-0.027227402,0.94434226,-1.1027356,-0.14965366,-0.018875398,0.1843913,-1.3632493,0.3736014,-0.9672039,-0.8382767,-0.84092814,0.038165078,0.16013458,-0.21515399,-0.25935593,-0.9005608,-0.13070711,0.19454016,0.37633508,0.6448874,-0.31707743,0.055204444,0.16276367,-0.15012121,-0.23195992,-0.17935933,-0.76603574,-0.010603685,0.14171727,-0.9293113,-0.07825317,0.922455,0.6580894,-0.7197419,1.000491,0.8301772,-0.14786565,1.6897767,-0.4418462,-0.27976072,0.15550582,-0.966573,1.0251683,0.30474207,-0.5540554,0.7459529,0.07281709,-0.2934886,0.30904186,0.18357886,-0.47298196,0.10313999,-1.3072573,-0.2525778,0.38948372,-0.42145967,-0.7382891,0.894312,0.6399535,-0.2086832,-0.16606997,1.163845,-0.46716005,-0.77480805,-0.2810061,-0.44807428,-0.0062010027,-0.6087524,1.0863127,0.19730996,0.31231096,-0.7062521,-0.01377552,-0.2541989,0.14434713,0.6228264,0.12171452,-0.39806134,-0.57614416,0.19426605,-0.057189852,-1.2425843,0.02603726,-0.5158789,-0.73185563,-0.14870225,-0.55270153,1.3951803,0.1157516,0.22432394,0.35990506,0.27348793,1.0645126,-0.9500444,-0.14898261,-0.17125237,0.6627742,-0.40856493,0.20399931,-1.1373022,-1.4775605,-0.028677328,-1.0347002,0.021495987,0.6565307,-0.48595342,0.117627785,-0.82750523,1.3702656,-0.35575423,-0.05145134,-0.73898214,0.76357365,-0.16634467,-0.0644176,1.1613532,0.02462314,-0.94066685,-0.26765448,0.64382976,-0.39592043,0.0076329038,0.5484217,0.11854632,-1.2781465,0.18179654,0.32218963,0.98398215,0.6206936,-1.0347404,0.061509937,0.3435754,-0.24912676,0.8619779,0.62699026,-0.6230189,0.35209274,-0.1938654,-1.0081011,0.87640667,0.091858745,0.4194425,-0.96272486,0.28793877,0.7404597,0.1321603,-1.2224116,0.65328497,-0.5165245,-0.27554458,-0.57534325,-0.3332429,0.1645573,-0.55719066,0.14351866,0.033101566,-0.5234792,-0.36295235,0.7418063,0.7100811,-0.27397922,-0.8165239,2.0942645,-0.50963944,-1.2074533,-0.102125436,-0.43850148,0.0388961,1.0605594,-0.1731195,-0.50393,-0.28684112,-0.84321207,0.880444,0.15520985,-0.969764,-0.18713515,0.26208794,-0.72416025,0.20197314,0.16955517,-0.08509384,0.49898627,-0.088156596,0.497059,0.012346901,0.037974726,-0.14549226,-0.36306927,-0.2415872,-1.1544372,-0.38903773,0.5943091,0.045997143,0.7978162,1.1187087,-0.34502825,-0.23908329,0.39118773,0.8127647,0.3054592,-0.43634188,-0.16415878,0.089698255,1.0946723,0.8858407,0.36961615,-1.698704,1.4579332,-0.1236331,-0.7289329,-0.5506841,-0.17361644,-0.7182461,-0.30995673,0.35823676,-0.20206636,0.80113477,0.09254113,-0.8753076,0.98505646,-0.32372773,0.6960226,0.52972674,-1.1272547,-0.5964212,0.16257405,-0.14323024,0.4235493,-0.4338549,0.21508926,-0.06783329,-0.8031998,-0.29869086,1.5351692,-1.7864742,0.98192847,0.2799623,0.46815196,-0.21373123,-0.49572542,-1.0537715,0.864287,-0.4442728,0.54417896,1.1984602,-0.11187087,1.2178035,0.8119902,0.19118783,-0.025843933,-0.26789534,1.1556625,0.6875691,-0.22844577,-0.14193998,1.2102206,1.1044728,-0.49159688,0.5315137,0.51047254,-0.06379314,0.12339775,0.98012507,-0.6447485,-0.20741317,-1.0236834,-0.88226444,-0.09276374,-0.6193177,-0.5423319,0.93568647,0.5489477,0.068655044,0.13968864,0.51265,-0.8834563,0.26080364,0.6583657,-0.80385965,-0.34630346,-0.5003619,0.5143224,-1.2961427,0.12612297,-0.04751976,-1.6764895,0.69464433,1.05599,0.11465025,-0.39727384,-0.98656154,0.3404786,0.55728185,0.19537038,-0.80784357,-0.5916184,0.59542507,0.29832184,-0.30801472,-0.33242145,0.6289865,-0.19675606,-1.2245952,-0.1204402,1.075095,0.08323335,-0.78339225,-0.6854845,-0.30468574,-0.7361528,1.8013383,0.85954016,0.0441439,0.06787638,-0.76609385,0.21585998,-0.17028695,1.125254,0.2603549,-1.3863001,0.09334988,0.9115002,-1.1033828,-1.2536821,1.01137,1.0407305,-0.38190448,-0.24523322,-1.3335892,0.30423543,-0.5126055,0.9271674,-0.20649882,0.22780225,0.717828,-0.53895414,-0.1730422,0.68333715,0.5240534,0.3621202,-0.44266403,-1.440023,0.7136123,0.6545905,-0.58532333,1.6082665,0.8336658,0.78902215,0.505721,-0.116670266,0.54324967,-1.0496945,-0.59595895,-0.20936838,-0.31338117,-0.55133814,0.62256294,-0.35894185,0.41367674,-0.4297272,-0.24748594,-0.22889124,-0.10960814,-0.096365824,0.86254364,-0.5519924,-0.8021804,-0.05831133,0.100314856,-0.11682466,-0.63815343,0.06580266,0.28609464,0.36369127,0.20974882,-0.08528697,0.65301615,-0.5341234,-0.27199638,1.5586083,1.0761737,1.2944754,-0.6911302,-0.58866745,0.37299225,-0.7770162,0.99276346,-0.21023914,0.051083885,1.2104049,-0.49944195,0.36265373,-0.9039863,0.51700544,-0.11840351,0.98696935,-0.5281676,-1.0915228,-0.43293872,-10.820067,-0.5345762,0.5121481,0.38039735,-0.019551516,-0.19655922,0.67889035,-0.6754188,0.007283792,-0.16476242,-0.52974594,-1.9900687,0.12448798,-0.60500234,0.32681245,-0.46012583,-0.9283281,-0.7011624,0.079860255,-0.49349517,-0.09845406,0.899802,-0.12543008,-0.50130415,-0.24960798,0.17235573,-0.6051884,0.1995343,-0.29667363,-1.2399455,0.46949518,0.6772259,-0.4334731,0.8361008,0.82192284,-0.3789349,-0.54462075,-0.8972242,0.12827943,-0.5852564,0.30605668,0.6545796,-0.006378889,-0.182908,0.59565485,0.20388627,-2.4095309,0.094573036,0.3370147,-0.10004529,-0.21597382,0.07290585,-0.055380642,0.05743628,-0.3592857,0.0783537,-0.7226299,-0.21936262,-0.11432469,0.9180128,-0.43219534,-0.2438773,-0.7238927,-0.32517374,-0.5627367,-0.625768,-0.32189262,0.6726389,2.0777326,-0.40834004,0.6891886,-1.0152233,-0.593271,0.34335005,0.5296623,0.6181731,-0.54067695,0.99682826,-0.6732151,0.3513684,-0.45881647,-0.7313471"
https://help.payactiv.com/s/article/Card-Not-Working-How-to-Troubleshoot-Common-Card-Issues-For-a-Successful-Transaction,Card Not Working? How to Troubleshoot Common Card Issues For a Successful Transaction,"Card Not Working? How to Troubleshoot Common Card Issues For a Successful Transaction
Is your card not working? This can happen for a number of reasons, but there are a few steps you can take to troubleshoot the issue.
  The first thing to check is whether your card is activated. Many cards require activation before they can be used, and if you haven't activated your card yet, that could be the reason it's not working. To check if your card is activated, call the number on the back of your card or the activation number provided by the issuer. Follow the instructions, and once it's activated, it should be ready to use.
  If your card is already activated and you're still having trouble using it, the next step is to check if there are sufficient funds on the card. If you don't have enough funds on your card, you may need to load more money onto it to complete your transaction. You can do this manually by transferring funds from another account or signing up for paycheck Direct Deposit, which automatically loads funds onto your card.
  If you're having trouble using your card for the first time:
Check if your card is activated by calling the activation number provided by the issuer.
If your card is not activated, follow the instructions provided to activate it.
If your card is activated, check if there are sufficient funds on the card.
Load funds onto your card manually or set up paycheck Direct Deposit to automatically add funds.
  If you continue to experience issues, give our card team a call at 1-877-747-5862. ","0.17029181,-0.6628769,-0.112337954,0.42019346,0.6596108,-0.31878337,0.09867813,-0.025104903,-0.2204108,-0.19220187,1.2939285,0.46416393,0.3976795,-0.8392981,0.45611355,-0.64471936,-1.0649866,0.59736145,-0.3474315,-0.060986824,0.39176393,-0.87260056,-0.20424469,-1.6443809,1.6955236,-0.4743207,-1.6883621,0.3216259,-1.4737172,-0.24324414,-0.14190137,0.23632692,-0.8531053,-0.29146254,-0.5469637,-0.7408369,1.4808981,-0.99383795,0.09562685,-0.32176343,0.65905225,-0.11613671,0.0028546154,-0.72404593,-0.08842205,0.08355038,-0.15499522,-0.065347716,-0.80219454,1.4495025,-1.1182115,-0.5700804,-0.66213644,-0.41328847,0.38843936,-0.17003343,-0.4664419,0.400297,-0.32738245,-1.1065202,-0.19111286,0.4942505,-0.7875799,-0.1742275,-0.4449305,2.070497,-1.4285756,0.7907172,-1.0409241,0.26996955,0.7612709,-0.24145444,-0.71922255,-0.41618595,-0.8012475,-0.47684616,-0.27137643,-0.313244,-0.37905067,0.09567464,-0.06969243,0.25161624,0.30551013,0.82747036,-0.84412754,-0.028042471,-0.4270092,-1.2324857,-0.23136316,-0.90372795,0.6391741,-1.657366,0.28748226,-0.34080312,0.17857462,1.2388109,0.0035910308,0.23078914,-0.9743098,-0.009495106,-0.7459706,-1.0690844,0.3601811,0.8464954,-1.7456274,-1.8765355,0.15233493,-0.32491118,-0.25503206,-0.2733824,0.37112296,0.33871946,-0.5723903,0.25990453,-1.8403188,0.16902757,-0.020057779,0.7896402,-0.06779148,-0.7381866,0.99961025,0.641319,0.796435,-0.024172753,0.4521325,-1.0604169,-0.030016229,-0.539252,0.80115175,0.63740665,1.8891829,-0.012214866,0.62288946,-0.5752084,0.21050325,-0.31811345,-0.6366121,0.41386923,0.7199346,-0.30465788,-0.08779645,0.009970665,-0.084662355,0.74614346,0.27555096,0.029658489,-0.39902985,-0.21507005,0.657498,0.4361546,-0.52777725,-0.3180185,0.007886767,-0.13021633,0.9551984,0.8038784,-0.45844927,-1.2209846,0.6281221,-0.35694915,-0.7776846,0.2784344,0.19195086,-0.25304347,-1.1365159,-0.81995094,0.22270125,-0.42943454,-0.5864004,0.82279116,-0.4753794,0.39575657,-0.14359967,-0.042724073,-0.25707272,-0.7554449,0.15430593,0.44707644,-1.9801054,0.713737,-1.2628093,0.4261764,0.11625675,-0.8355143,-0.2711977,-0.19220647,-0.08421356,0.4251027,0.09191187,0.1974981,1.1175892,-0.7565876,-1.8335344,-0.3282808,-0.7701995,0.5517113,0.8503468,-0.487024,-0.3418666,-0.9129252,-0.7761472,0.078576714,-0.35571212,0.5418289,0.26565075,-0.18583117,-1.6704818,-0.004802808,0.25311565,0.5659415,-1.114017,0.78457326,0.17451352,0.14580317,-0.4536218,0.39178693,-0.99025947,-0.7630957,-0.06811928,0.123631835,-0.7806735,-1.1473695,-0.37055334,-0.3149789,-0.0029953718,-0.8915053,0.39740312,0.66958207,-0.34395295,0.17668518,-0.3515026,-0.6228988,-1.3527815,0.41794765,-0.30196995,-0.24482195,0.49416834,0.58829254,-0.19023097,0.18926075,0.5079504,-0.8037408,0.28830916,-1.495063,0.002774477,-1.2584007,0.6101132,-0.8765756,-1.0193559,-0.5979174,-0.9040047,0.19601037,-0.9036775,0.86445624,-0.105694436,-0.83381414,0.02186311,0.6611014,0.87976635,-0.6297142,0.118318945,0.39022562,0.42956722,-0.15187201,0.660503,0.13586527,-0.45565003,-1.9101967,1.3402481,0.38435978,-0.50588477,-0.113961026,0.08205761,-1.5364863,-0.30590943,-0.8898441,0.42451292,-0.8660755,1.1747414,-1.5515494,-0.14015423,0.2695152,-0.9290624,-0.18632786,0.067256205,-0.38665614,-0.6237818,-0.51895183,0.5786011,-0.689075,1.1151925,1.4099712,0.6999998,0.38100258,-0.024746645,0.45390952,0.5128307,0.8274372,-0.52872163,-0.19338335,0.8551533,0.72506714,-0.100334845,0.052604407,0.87389636,-0.19294505,0.39772317,0.029585257,-0.145903,0.29676384,0.3710064,0.9548249,-0.49425972,1.493198,1.1535727,0.5707061,-0.9047484,-0.11996503,-0.1353611,-0.5355548,1.1505991,-1.2985432,0.015380658,-0.08229517,0.1936824,0.14412151,0.27103096,-0.091366924,-0.0656105,0.4004227,0.45893574,0.3157338,-0.041491687,-0.22021873,-0.3560342,-0.36414048,-0.4110445,-0.58493686,1.659876,-0.2753708,0.6149665,-0.27783987,0.15192427,-0.48807728,-0.98940897,0.39345193,-0.4613465,-0.8118688,0.3876115,-0.13424635,0.82765317,-1.1270086,0.09192146,-0.49064502,-0.057824474,-0.93057156,-0.5806839,1.5772054,-0.19341683,0.6424191,0.8166975,0.58036053,-0.21573447,0.971248,-0.20658183,-0.08409177,0.21983059,-0.87446314,0.79021674,-0.31952757,-0.66550434,-0.014647145,-0.2226629,-0.30428535,-0.33409527,0.23291567,0.27494204,-1.3867484,-0.24339154,0.42937472,-1.0241386,0.9031452,0.041384473,0.2459773,-0.08176306,0.3118784,0.47557032,0.24644506,-0.7951021,0.02134885,-0.12103818,-1.9409854,1.7200834,0.29346982,-0.3567733,1.7920815,1.4305097,-0.47173935,-0.02287867,0.9773375,0.30895618,0.40313718,1.2180766,-0.3425659,-1.0817128,-0.48024422,1.261529,0.5910804,-0.9718547,-1.3392322,-0.016423099,0.65357155,0.21356803,-0.2682404,-0.9432318,0.9671041,0.7868236,-1.2922747,-0.0731312,-0.882838,-0.2966556,0.12641092,0.73873895,0.6241937,-0.023195628,0.022473063,0.30014727,-0.11236089,0.18709677,-0.029974934,0.3894539,-0.03552761,0.029594228,-0.78774893,0.2835003,-0.73027456,0.04678497,-0.26469547,-0.83392185,0.375432,0.5766777,-0.19911091,-0.30386704,0.2594806,-0.853717,0.14659607,1.0892671,0.4965531,-0.90687466,-0.6295392,0.76072,-1.5300983,0.12943527,-0.49583635,-0.022129059,-0.38721722,0.5106624,0.8658117,-0.4203912,-0.007460721,-0.424619,0.8927097,0.40680432,-0.9808055,-0.7070948,-0.24502622,-0.5211432,0.27502468,0.68432367,-0.11285014,0.67505723,0.85713756,-0.61015743,1.2479894,0.062804215,0.32387596,0.5047324,-0.2983134,0.113134384,-1.151146,-0.9809443,-0.4135614,0.4065908,-0.42323515,1.4896692,-0.035396576,0.4274168,0.5012856,0.6449004,-0.7014439,-0.040279776,-0.9815239,-0.23778126,1.276421,0.002665639,0.11739464,0.3040849,0.78211296,1.4274226,0.03402625,0.6459534,-0.030221738,0.9087984,-0.2693995,-1.1303691,-0.857318,0.9593693,0.046043754,-0.7427459,-0.34902453,0.08811173,-0.27143082,-0.09609004,-1.0872306,0.01353205,0.20477377,-0.116228,0.43334725,0.6712735,0.25854307,0.13384119,1.0934348,-0.68777955,0.41868174,0.16808301,0.9796293,0.8915017,0.3899771,-0.9937897,0.16109523,0.017924152,0.8585968,-0.26998574,1.2480221,0.27168036,-0.0061955154,0.76075804,-0.51293516,-0.43226856,-0.8457568,0.061216056,-0.64625853,-0.25592825,1.1845204,-1.4391599,-0.35349083,0.31641966,-1.3153082,-1.233794,0.4397127,-1.3227003,-0.16702873,-1.6065089,-0.5219275,-0.05160526,-0.06541546,0.3279706,-1.1705848,-0.16183932,-0.48456877,0.4346859,-0.10389665,0.075816646,0.6301257,-0.8612912,0.37979174,-0.47784722,-0.57186884,-0.5999496,-0.38311002,-0.5043783,0.42041165,0.16610658,1.2735586,-0.0033096522,-0.14734292,0.14400966,0.7432033,-0.24953902,1.08806,-0.5704673,-0.41881973,0.68109894,-0.027807906,0.861859,0.9736416,0.05012617,-0.020364527,0.3629749,0.21964931,-0.34640795,0.47484916,0.37222046,-0.4037136,-0.12686896,-0.2066374,0.4836013,0.45298916,0.4328956,0.92363393,0.70787275,0.72272664,0.86588126,0.91947186,0.19738674,-0.8908127,-1.3475112,-0.026695669,0.52887213,0.051472202,0.0007072091,0.2002645,-0.3749635,0.23219869,0.78970367,0.66291976,0.47509328,0.34066594,-0.62397397,0.0049099177,-0.12181186,-0.47207206,0.6024176,-0.7016883,-0.37638688,-0.7553902,-0.4063772,-0.35840595,-0.7269722,1.3919663,0.501317,-1.1620363,-0.40870202,-0.762641,0.5677077,0.08935888,-1.0163292,-0.5766881,-0.504218,-0.4773717,-0.70281065,-0.72750574,-1.3595996,-0.42587078,-0.88295484,0.4105776,0.07663832,-0.3057668,-0.56225604,-0.1982832,1.0385835,0.119541526,0.31821015,-0.31823188,0.5465369,-0.06173846,-0.029675767,0.04044344,-0.44591814,-0.05601625,-0.5959926,0.6490326,-1.5257072,-0.7880595,-0.49109367,1.1666732,-0.44851872,-0.2835932,0.030980773,0.54809666,1.1836488,-1.2190245,-0.38834816,-0.08576083,-0.103678524,0.19437756,1.1405127,-0.6938743,0.2398278,-0.78909755,-0.18824881,0.46866885,-0.41318357,0.52101773,-0.3178662,0.17650487,-0.43219715,0.76368797,-0.16205254,0.17178534,-0.745843,0.40934616,0.7449252,-0.28880227,1.2972839,0.21987157,0.6172539,0.6562069,0.5280958,-0.16668975,0.97357416,0.8804921,0.6117282,-0.69320583,1.484688,-0.1917194,-0.7679731,0.8074456,-0.43043965,-0.56807446,0.0762347,-0.7419792,-0.8494176,-0.45110446,0.48766458,2.1498375,-0.120928794,-0.5690433,1.3137981,0.139632,-0.1968311,0.47268736,0.28393638,-0.12909709,0.41001958,-1.2401534,0.18684398,0.33005497,-0.790053,0.8443743,-0.06425254,-0.40286243,-0.6399642,-0.9793102,1.4224942,0.67735535,0.44487363,-0.4060427,0.06533268,-0.4224176,0.35853848,1.0289592,0.13126884,-0.3336811,0.2924207,-0.35469624,1.0878278,-0.7978636,-0.56015736,-1.5443906,-0.021210968,-0.29123425,0.30098513,-0.038047373,-0.533889,-0.17392558,-0.49868667,0.110058606,-0.7547797,0.36997834,-0.38874307,-0.47562408,0.9342372,-0.8429925,0.48037946,-0.047535934,-0.7070832,0.25842935,0.49285197,-0.460599,0.5766951,0.0581109,0.52157927,-0.28490964,-0.36920208,-0.98894775,0.30290583,-1.5282956,1.5301425,1.0495726,-0.39304256,0.6888061,-0.5176278,-0.00012381375,0.099810585,0.49033186,0.35230482,0.56218183,0.41683316,0.7853872,0.751822,-0.7996742,1.5224,-0.87139577,0.3337523,-0.086501315,-0.44390884,-0.75838697,1.953035,1.2054725,0.29192394,0.34147948,0.50665873,-0.48884252,-0.23377421,0.53403074,0.054789647,-0.3509988,-0.13797493,-0.44110394,-0.14336357,-0.21897738,-0.3595343,1.0326626,-0.24746269,0.3049189,0.42176193,0.734116,-0.24741074,-0.767644,0.41305953,-1.0434399,-0.57348865,1.3689798,0.866562,0.2504803,0.087069884,-0.48718223,-1.8116947,0.47767505,0.8069938,-0.049611017,0.13020946,-0.26914778,0.6585513,-0.62466425,-0.31114766,-0.049358703,-1.0089419,0.49931717,1.0114672,-0.057778835,-0.99696887,-0.3998028,-0.059304066,0.42177936,-0.36678803,0.21511377,0.6006511,-0.5192658,-0.8110489,-0.67398226,-0.25219774,2.2263525,0.10172074,-0.22645286,0.015146524,-0.35867074,-0.35481212,0.3705176,0.5787903,-0.8131291,-0.3480085,-0.38901475,0.9849836,-0.83524626,-0.44836086,-0.82574856,0.28194654,-0.24622618,-1.1081632,-1.5094075,-0.57712394,-0.58937216,0.4110631,-0.58638996,-0.24656747,0.78857404,-0.43943384,0.014842207,-0.7694479,1.2804372,0.25160733,-0.8322892,-1.0858593,0.32850137,-0.32705733,0.032647893,0.9050195,0.48198965,0.4596234,0.69468653,0.057441484,-0.44702917,-0.89847255,0.78594285,0.47003722,-0.12730928,-0.4431459,0.71375406,0.124618545,0.075183935,0.71515036,0.17509474,-0.9389662,0.053885043,-0.5901755,1.1857648,-0.82737917,-1.1941309,-0.250586,0.11015105,0.19650961,-0.86185366,0.9410364,0.55129117,0.05620029,-0.41750145,0.43696177,0.084404245,0.1851328,-0.0988905,1.2530322,1.3928927,0.40643486,-0.42595112,0.012956634,-0.6413251,0.47927436,1.5323793,0.13771535,0.6779066,1.1053147,0.08816504,0.09222764,-0.92438096,0.6663489,0.16882668,0.8454457,0.11086154,-0.23949808,-0.22529408,-10.188319,0.5469658,0.252456,0.5910846,-1.6263635,-0.04550507,-0.31878245,-0.51963234,-0.7004018,-1.3407153,0.3970158,0.31424212,-0.5605047,-0.6403464,-0.54350716,0.4200561,-0.5367786,0.5914508,-0.60852784,0.08286746,0.8946702,0.8541115,0.6391727,-0.5716728,-0.55279803,0.37367153,0.48323637,-0.17536092,-1.0426041,0.08249251,0.5011989,0.7524471,-0.74290097,0.90578204,0.52249646,0.12902397,0.13305107,-0.63396966,-0.04097481,-0.21558666,-0.3825966,-0.39738417,-0.5143191,-2.3278444,0.2506443,0.12858078,-1.9146268,-0.4842664,-0.55507445,0.501259,0.11528746,1.5629725,0.5573063,-0.65947163,-1.1832173,-0.37507185,0.2674519,-0.4885042,-0.1978611,0.7838206,-0.81798357,-0.4459111,-0.013618682,0.30537015,0.5110224,-0.90992385,-0.15110205,1.7811158,1.3072749,-0.34942558,1.7028042,-0.64465666,0.3724083,-0.9121085,1.459842,-1.1588074,-0.5270957,0.12460995,-0.22962116,0.10515234,-0.6763677,0.27558166"
https://help.payactiv.com/s/article/Getting-Cash,Getting Cash,"Getting Cash
Visit one of 37,000 MoneyPass® ATMs nationwide to get cash for with no withdrawal fees. You will be charged a small withdrawal fee if the ATM does not display the MoneyPass logo. In addition to this fee, you may be charged an additional fee by the ATM network.","-0.19320694,-0.8378854,0.25209802,-0.4577103,-0.073489204,-0.6577906,0.06698324,-0.5843211,-0.6106641,0.039919354,-0.1385557,1.0459255,0.9721083,-0.4847894,0.10250218,0.61486536,-0.74083984,0.268005,0.4370958,0.1476337,0.32596564,-0.2661808,-0.10122216,-0.4091227,1.5491561,-1.055932,0.015587591,-0.12564565,0.062281474,0.060184136,0.121727705,0.35426563,-1.9053794,0.36757118,-2.7254064,0.26398987,0.6774695,-0.57812655,-0.5854478,-0.26519364,0.9991157,-1.5317097,-0.54707813,0.09614061,0.20485958,0.5579142,-0.2281843,0.092023954,-0.39651313,0.5850665,0.33514675,-0.047996886,0.4961062,-0.91432434,0.6286743,0.49115288,0.77535784,-0.7612552,-0.41338566,-0.36981088,-0.13536744,0.0011349618,0.2084563,0.28721312,-0.48502553,1.8791457,-0.43352294,1.6021359,0.14455585,-0.034841776,1.038983,-0.26935333,0.45064014,1.173666,-0.046205238,-0.32845402,0.24988629,0.24902143,0.19085585,-0.77813065,0.54789364,-0.9744544,0.24642217,-0.3617384,-0.32815918,-0.48665413,0.4810264,-0.050501294,-0.3101224,0.30242836,0.08470982,-1.0507009,0.9152849,-0.7964914,-0.6803017,0.49870324,-1.0247294,0.8980493,-0.0046632215,0.5279028,-0.64618635,0.14833613,0.5733154,0.85502654,-0.25554255,-0.67868567,0.25003645,1.1331046,0.12917292,0.55215114,-0.4744666,-0.03574933,-0.055536117,0.16654536,-0.63266253,0.45156455,0.10220707,-0.5600752,0.7237737,-0.98547137,0.19576845,0.3124318,-0.546216,-1.2260978,-0.30380294,-0.7929571,0.102207825,-1.2133771,0.6223176,0.42561498,0.5593849,0.09471144,-0.12677374,-0.2861601,0.034618154,0.4795922,-0.6576229,1.0383399,-1.1891518,0.94686365,0.13770604,1.0889255,0.6081312,0.5092343,0.35030642,0.38078225,0.1194133,0.07801516,-0.09759863,0.24246712,-0.28102592,-0.42941558,-0.90412986,0.19060473,1.5417025,0.042260356,0.25501394,-0.31599534,-0.8955445,-0.11107302,-0.26285106,-1.4776009,0.73726517,-0.6716449,0.39395577,-0.95955324,0.7752042,0.41586068,0.13281661,0.56727576,-1.4796453,-0.14280623,-0.06901746,-0.5256796,-0.28566658,0.0023505837,0.122129954,0.5593353,-0.6666485,-0.5735774,-0.1700749,-0.02608627,1.2078812,-0.49927786,-0.25507855,0.2960903,-0.06694296,-0.3211765,-0.64233166,0.42997086,-0.31174523,-0.30866966,-0.28367627,-1.1676369,-1.4711628,-0.2667277,-0.26966769,0.10960513,-0.37156868,-0.8553706,-0.12858479,-0.3083169,0.9983735,1.1226996,0.9852073,-0.032963775,0.040169455,1.0288615,-2.0058346,0.9527637,-0.13690382,0.6113225,0.6263751,-0.009309635,-0.24896768,0.23723546,-0.50676554,1.0094439,0.55574095,0.09392813,0.26957464,-0.40370536,-0.6669942,-1.1183838,0.32868868,-2.3037899,-0.0778076,-0.9338184,-0.09362644,1.3878839,0.6393286,0.69635797,-1.2695725,1.5565653,0.3173125,0.6406076,0.4268244,0.24204971,-0.8866422,0.52779454,0.27271944,-0.13634361,0.018329078,-0.9044976,-0.43763718,-1.1283361,-0.7771181,0.066432595,0.18964438,-0.5870368,0.39789492,0.0125838965,-0.33644736,1.0204351,0.523322,-0.72434545,0.7660052,0.3570329,-0.768081,0.80494106,0.23357461,0.18427745,0.27991724,-1.4392763,-0.47947878,-0.030690916,-1.954283,-0.35218352,1.0215245,-0.67713296,0.26675895,-0.58184624,-0.09914816,0.74675274,-1.1025848,-0.16581029,-0.40254906,0.031089619,1.5500587,-0.3836276,-0.121059984,-0.23085524,0.87629825,-0.91233206,0.6373614,0.2455838,-0.6864527,-1.0620513,0.08742052,0.07974413,-0.09806781,0.07763321,-0.004595019,1.016968,-0.49912912,-0.033577442,0.066294506,0.8260913,-0.01784907,-0.5440784,-0.9098513,1.0588822,-0.34082258,-0.43689936,0.6088226,0.104161635,-0.40389886,0.2154781,0.38129982,0.27919242,0.67251164,0.9468955,-0.13774447,0.6740882,-0.15565614,0.43701002,0.51680785,0.30189013,1.268213,0.34759408,-0.80125725,-0.19203211,0.33139613,0.30812052,-0.13322476,1.1258252,-0.7140716,-0.88981557,0.16848563,0.61651546,0.04238274,0.13470355,-0.7296416,0.34257197,-0.6785862,0.08057989,0.8548031,-0.11003825,-0.046801474,-0.62914973,0.48227337,0.09267527,-0.058952987,0.7326478,-0.17992261,0.44181997,0.902124,-0.23249868,0.3118235,-0.015475482,0.12419298,-0.86262035,0.3453701,0.22028369,-0.6134603,0.6464017,0.5070002,0.29841837,-1.1188377,0.34654903,0.13330756,0.19071913,-0.19986062,0.39163557,-0.0035740435,-0.4054921,0.69926566,0.6198002,0.25026798,0.9385937,0.19128755,0.3936193,-0.33204097,-0.5498741,0.52335757,0.07063412,-0.72051734,-0.6312985,0.7545737,0.35571876,-0.50947076,1.0443431,-0.2582191,-0.6664827,0.35315934,0.07882495,-1.2188338,-0.49155927,-0.43855804,-0.65057445,-0.3380965,-1.722819,1.1300197,-0.102512494,-0.5116446,-0.22833982,0.18617949,-1.022602,0.07961862,0.4884921,0.6415236,-0.30651718,-0.89983785,0.35101062,-1.5661007,-0.06951687,-0.51722455,0.19027466,-0.11254014,-0.3839517,-0.1257387,-0.0033132546,-0.09752023,-0.23356557,-0.15916167,-0.24343726,-0.42517883,-0.5748001,-0.5444904,0.27663097,0.04339491,0.12389453,0.6694739,-0.2942826,-0.70021343,0.967762,0.13335866,-0.11209297,-0.100009695,-0.4428729,0.12386979,0.8604384,-0.7563983,-0.12582257,-0.049887907,0.24760637,1.5685622,-0.7758648,-0.99963063,0.91856503,0.08639653,0.47596663,0.58064336,0.35491192,-0.5204314,-0.19378386,1.2788616,0.541196,-0.24103469,-0.65537065,0.19060194,-0.7524948,-0.2127715,-0.3859959,-0.0030158982,-0.9869092,-0.032804556,0.0665424,0.05595485,0.51177406,-1.354332,0.75365967,0.24292278,-2.0504553,-0.076186195,0.48729762,-0.14694086,-0.253267,0.3718964,1.5360531,0.27324232,-0.81305087,-0.20770428,1.1066588,0.66311586,0.31790414,0.41892755,-0.16808634,0.5911611,0.2316626,-0.72077966,-0.5969232,-0.41310492,-0.08725714,0.63936406,0.0115759745,0.32464987,-0.4292845,1.0230336,0.29563874,1.0866159,1.075046,0.20317428,-0.06376468,-0.77968097,0.22316365,-0.32597968,0.36519536,0.71633655,0.6974135,0.90096873,-1.0023156,-0.18631658,-0.93204474,-1.4385828,-0.5109161,0.86111313,-0.023541704,-0.36353147,1.8126237,-1.3410871,0.60476,0.6146813,-0.11976769,-0.058318205,0.4912758,-0.9864985,0.3125586,1.1238737,0.50311726,0.9079851,-0.21218635,-2.2476685,1.4649453,0.79516685,0.7366443,0.7377044,-0.6479444,0.20497197,0.27400288,-1.2152576,0.5008012,-0.05325649,0.28106984,-0.44669464,-0.21074788,0.29138896,-0.17107609,-1.1000308,-0.7126396,0.028785609,-0.5356834,0.08942001,-1.1634107,-1.4896493,-0.48483002,-0.65577227,-0.80979645,-0.42730302,0.5477001,-1.6365759,-0.1805357,-0.365175,0.36397183,-0.757371,-0.33569312,-0.24656641,-0.33845127,0.6537032,-0.52653587,0.35753137,1.0134603,-0.3573649,0.119310185,-0.11538483,1.0184083,0.021630786,0.09874202,-0.08545105,-0.5285686,-0.19038928,0.1610461,-0.5274936,0.83650905,-0.076586746,-1.3798524,-0.35125053,0.16421786,-0.77274704,-0.02502843,1.1675845,-0.13257611,-0.13748068,0.46685892,0.0028749257,-0.046878178,-0.6131446,1.1947799,0.43870988,-0.19063185,-0.14122377,-0.34571555,-0.962557,-0.2145861,-0.7587234,0.9949013,-0.009143442,-0.0048469678,0.563309,0.03671123,0.26508272,0.010409802,1.5133078,0.24513209,-0.7474217,0.7168261,-0.53829974,-0.19694968,1.164786,-1.0967103,0.67926115,-0.23477267,-0.7966668,-0.9247479,0.6464551,0.6845522,0.27809379,0.23084396,-0.05669169,-0.8535195,-0.9533757,-0.30625242,-0.24378826,-0.09335125,0.12994567,-0.7793478,-0.69465643,0.14353445,1.0590852,0.6530001,-0.8637597,0.047368526,-0.08187713,-0.19379082,0.4078042,0.53212476,-0.3044922,-0.677542,0.095607705,0.2647529,-1.4179354,0.60340106,-1.951694,-0.7464723,-0.39241558,-0.58254755,0.008432277,-0.29234967,-0.7512178,0.09621303,-1.2317091,-0.5919706,0.116912745,-0.38853344,0.36746374,0.39181232,0.62187517,-0.3039439,-0.5508945,-0.7405991,-0.08762687,0.26379243,0.07707621,-0.40391082,1.1164348,-0.4161361,-0.25227413,-0.13364059,0.17198226,0.22081065,0.0018270463,-0.36933511,0.60642684,0.49407783,0.654799,0.4886343,1.3229849,-0.17159542,0.8397603,-0.5004675,-0.17261943,-0.0110620335,-0.49552554,0.12691922,0.57934445,0.8849501,0.58986485,-0.07896164,-0.24318588,0.74077165,-0.70807076,1.0681028,0.44812524,-0.33143958,0.0425615,-0.92545825,0.3329296,-0.5127998,0.41845122,-0.3650021,-0.8390643,-0.46960908,0.33666974,-1.5802084,0.6561475,-0.640926,0.85073775,0.2599557,-0.22941892,-0.010849096,0.3239788,0.30344307,-1.2594713,0.14877118,-0.10824081,1.662876,-0.5827231,-0.7762641,0.82519335,-0.13100754,-0.5105821,-0.37966323,-0.28322497,-0.64584,1.2242765,1.0283828,-1.7687429,-0.27574614,-0.025235705,0.63606155,-0.26493427,-0.12596527,0.41873097,-0.846095,0.22228464,0.37265766,0.09267561,-1.3690046,-0.53549486,0.13545007,1.3281174,0.33972183,0.58300567,-1.4355443,0.6047559,-0.8694273,1.1567967,0.21756808,-0.39326587,-1.2539409,-0.26336467,0.71430695,-0.118567266,-1.0002925,0.60963136,0.4168604,0.06826274,0.11941877,0.3634358,0.10693176,0.017767664,-0.25187144,0.74764025,-0.18557265,0.6794037,-0.2437236,0.02151889,0.21471848,0.4981898,-1.3182639,-0.05799991,0.11702038,0.27767524,-0.44898245,-0.61789733,0.2025162,-0.87221783,-1.1850629,0.075995855,0.26359352,-0.089316994,0.9032503,-0.2707786,-0.6185284,-0.32287836,0.34799275,1.3244658,0.85002846,1.371567,0.15514502,0.13279408,0.4988195,0.1955739,-0.10032978,-0.39190182,-0.40444428,0.57450813,0.7573537,0.22895876,0.49758738,-0.0025944738,-0.6145596,0.0951607,0.01664716,-0.91613525,-0.40431276,-0.70837003,0.32513416,-0.60100913,0.13234012,-0.5234282,0.37079054,-0.4953516,0.69489485,0.9276956,0.038549542,-0.15839897,0.008261032,-0.86484283,0.5905795,0.14003098,-0.726611,0.6473665,1.2809772,-0.3910372,-2.4769895,-0.23792425,1.1590986,-0.9186736,-0.10318646,-0.07998705,0.5020573,-0.03749436,0.27879083,-0.11527416,0.4163546,1.3624189,0.52924925,0.3248379,0.14951845,-0.008261129,-0.3216079,0.2580849,0.22116703,-0.7950387,-0.3743531,1.016534,-0.08521575,-0.09169526,1.7324445,-0.17233692,-0.84824216,-0.25738794,0.71540374,-0.26818836,-0.92253315,-1.7634275,0.03840065,0.41942352,0.13988711,-0.08658308,-0.5341136,0.68268144,-0.66048515,0.957797,-0.93685246,-0.2246996,0.1239236,0.23804986,-0.2337689,0.0025108755,-0.112239525,0.73415613,0.042748094,0.5418183,-1.0695326,-0.26066968,0.006375921,-0.039471075,-0.42475995,0.6155202,0.26355422,-0.4916353,-1.2765115,0.79080796,-0.19742991,0.24165541,-0.23825318,0.09840686,0.8250792,0.29755062,-0.36817893,-1.4235889,-0.7685746,0.6356399,-0.6733727,0.46521688,-0.912258,0.16658734,0.85197586,0.071113065,0.6922878,-0.74135673,-0.1076884,-0.45862466,0.7611102,0.14289391,1.3242574,-0.38093847,0.049435288,0.26498216,0.010390788,-0.3169812,-1.1626377,-1.7213273,0.036503408,1.4682468,0.5228107,0.4264485,1.1462762,-0.72530186,-0.7886742,0.45480645,1.1079687,0.027358875,-0.08125368,-0.08079153,-0.79200685,-0.36467797,0.54225296,0.6887529,-0.19061773,1.245215,-0.11128759,-0.6745123,-0.11185875,-0.8874765,0.08722119,0.3726978,0.37097123,-0.37152717,0.35178906,-11.040289,-0.6113506,-0.7678915,0.0027343333,-0.07489537,-0.04320144,-0.78349525,0.50926787,0.011051789,0.36018634,-0.4075417,-1.6460005,0.28501666,-0.27019083,-0.07023597,-0.3495277,-0.18537638,0.43174314,1.0203861,0.6908031,0.59545124,0.55408216,0.33304572,0.48300928,1.7084402,-0.1943493,-0.86120355,-0.80414295,-0.79022044,-0.45304203,-0.5517524,-0.53650695,-0.95692414,0.32440966,0.64061326,-0.83243895,0.40191227,-0.23806769,-2.0040464,0.22596028,1.1868407,0.09079518,-0.19408053,-0.7013163,-0.5454502,-0.038342405,-1.7896845,-0.51293916,-0.56939876,0.3498292,-0.5709538,0.45874375,-0.17243217,-1.3084437,-0.762375,-1.1553946,-0.5468344,0.4211992,0.10305236,0.5429901,1.0472268,0.13946858,-0.44640347,-0.7066481,-1.1359482,-0.010005221,-0.036633857,0.9192026,0.9780426,0.43807805,-0.44463122,-1.6216491,-0.6709151,-0.986143,-0.07101188,0.21607181,-1.4108357,0.53640884,-0.37907717,-0.029893145,0.75409883,-0.8488608"
https://help.payactiv.com/s/article/Adding-your-Payactiv-Visa-Card-to-your-Digital-Wallet,Adding your Payactiv Visa Card to your Digital Wallet,"Adding your Payactiv Visa Card to your Digital Wallet
Once your Payactiv® Visa Card* is approved, your digital card will be ready for immediate use. To set it up, open your device’s wallet settings, and add a new card. Use the card number shown in the Payactiv app to add your Payactiv Card to your digital wallet. You can now tap your phone to pay with your digital Payactiv Card. It even works before your physical card comes in the mail!","0.44449344,-0.018089592,1.3648599,0.5449414,0.11365333,-0.9843604,-0.7979442,0.76991296,0.37900013,-0.566949,1.8526781,0.013192508,-0.49752635,-0.85682106,-0.32475838,0.22211611,-0.58781433,0.16202456,0.3319188,0.5281766,-0.046540663,-0.917549,-0.05668141,-0.9562129,2.5841506,0.18597142,-0.97634286,0.00047802832,-0.72860944,-0.5296863,0.278231,-0.22093275,-1.2847034,-0.08992107,0.046382606,0.23832491,0.16686761,-1.0776417,-0.5639826,-0.5091585,-0.5672903,-0.61831105,1.2347594,-1.0745894,0.2622913,-0.07277964,-0.3295356,0.01510568,-0.28395295,0.6930903,-0.31784266,-0.800644,0.47909856,-0.23839489,-0.024803042,0.71441454,0.06153687,0.31163275,-0.12025008,0.054106347,-0.3214469,-0.641082,-1.4860511,-0.81760705,-1.2697471,1.6063788,-0.76632667,2.2173622,-1.1218939,0.53154516,0.0033638775,-0.11361019,1.0113292,0.4545971,0.23450907,-0.96937436,-0.22690403,0.048660107,0.305108,0.18553953,0.74211395,-0.21578997,0.514475,0.636217,0.14741448,-0.27226254,-0.30991393,-0.574758,-0.401084,-0.017167836,-0.3334237,-0.33105963,-0.03223548,-0.3776297,0.32555273,1.3355012,-1.8907914,-0.35789162,-0.95325,-0.059403665,0.18278755,-0.35208583,-0.03321345,0.4702027,-0.5710689,0.12090165,-0.18701892,-0.1559142,0.9903995,-0.21781102,0.62441194,-0.30722976,1.1066476,0.5485971,-0.89082456,-0.116178855,-0.24643974,-0.6059256,0.6292572,0.042530134,0.2907775,-0.47187918,-0.3311538,-0.6514976,0.15752517,-0.35115206,-0.7418574,-0.3398197,-0.24508306,1.0936581,0.6344938,0.23781495,0.030137718,-0.3159615,0.2509389,0.28695145,0.22978301,0.12704623,0.57021976,-0.48285705,0.098246455,-0.7071471,-0.29093742,-0.5557775,0.97158194,0.016262293,-0.47077966,0.253988,1.0965725,0.693866,-0.61369014,-0.2818371,-0.034539938,0.2236657,1.3235822,1.3256032,0.4917472,-1.5533309,0.738974,0.3930654,-0.12305656,-0.13731715,-0.17285715,0.40582424,-1.4167655,0.062077876,-0.5786324,-0.69031274,0.40724403,0.89466363,-0.6579865,-0.51064825,-0.52850133,-1.9047288,0.55810535,0.195902,0.34730706,-0.6918109,-0.85669255,-0.8603755,0.012195379,-1.6564921,-0.030457549,-1.5545311,0.8166392,0.07420133,0.48536512,-0.33933634,-0.13376282,-0.6549755,0.70102346,-0.9374693,-1.7024847,0.13140018,0.10726398,-0.7569974,0.77367604,0.17747538,-0.1969179,0.6518788,-0.3153345,0.21062922,0.7892553,0.2352325,0.30310383,-0.04307677,-0.13571769,-0.4460866,-0.6926018,-0.8432723,0.36429572,1.2560126,-0.6983713,-0.20215733,0.580718,0.6908844,-0.6941969,-0.48923916,-0.3390742,0.09495957,-0.1886059,-0.20256393,-0.7679419,-0.026533905,-0.3786294,-1.2216116,0.10395228,-0.59187496,0.734922,1.192195,1.0142487,0.10145144,0.05041936,-0.3590296,0.08666055,0.20106697,-0.40281698,0.8158042,-0.4347894,0.80538255,0.42909497,-1.1933138,0.47407305,-1.0372894,-0.97845834,0.3363289,0.38646293,0.24086252,0.30331072,-1.3227098,0.6919913,0.85008144,0.31575036,0.71772593,-0.3043242,-0.057278454,-0.2503317,0.19561832,-0.25392616,-1.2363467,-0.5018631,0.234579,0.4233753,-1.1329765,0.4232167,0.8121854,-0.27819112,-1.2418009,0.6165072,0.6685661,0.15204418,-0.44600958,-0.7223742,-0.74679446,-0.33875602,-0.55776316,0.34926054,-0.30318978,1.4284602,0.07099129,0.32603335,-0.10528351,0.2188995,0.2833054,-0.4717616,-0.33202663,-0.11041869,-0.26234496,0.2704965,0.17549394,0.28010455,1.0904272,-0.09938381,-0.010862958,-0.64384633,0.30069298,0.27403897,1.4237717,-0.35324705,-1.9293685,0.70721626,0.07156751,-0.62355334,-0.629395,0.76204646,0.29231912,0.57642186,-0.29864645,-0.90909374,0.19796702,0.22155584,1.2650281,-1.0005167,0.9844591,0.9208322,1.2341214,-0.10398646,0.0028479472,0.524778,0.59889966,0.3668096,-0.3579492,-0.5364053,-0.6042438,1.0524988,0.5709007,0.19626991,0.3308323,-0.65567255,-0.22397962,0.46534887,-0.27738893,-0.3122323,0.5143574,0.9887878,-0.7070562,0.5646565,-0.46040422,1.1356639,0.30273107,0.55248046,-0.77139664,-0.042635508,0.39007822,-0.008086398,0.121282935,-1.4191043,-0.44727054,1.5820112,-0.08875674,0.60883373,-0.8602764,0.4134911,0.03216958,-0.3236061,-0.7293554,-0.22858435,1.0439346,-0.9119349,0.46970087,-0.18012756,-0.3097393,-0.7926847,0.51888996,0.45709112,-0.38558054,-0.121392325,-0.06303317,0.33104587,0.4147696,-1.014614,-0.32466552,-0.90525776,-0.39101356,-0.36322197,0.17509547,-0.6238464,-1.0794445,-0.7483713,0.95376545,-0.5050368,0.13517836,0.16299272,-0.3051602,1.0522044,0.2190519,-0.0960726,1.1124424,-0.3332016,0.9454418,-0.24830312,-1.8681198,0.03942825,-0.45595035,-0.16048276,0.8027977,0.3812039,-0.058492824,0.48563677,0.5544323,-0.14860365,0.61717534,1.0338867,-1.0680205,-1.8309005,-1.2480707,1.1033571,0.85302895,-0.6751128,-1.5741647,-0.3355325,0.58499336,0.049892955,-0.19886178,-0.76733685,-0.46886668,0.017724782,-1.0463879,-0.8964764,-1.1073171,0.1650112,-0.16356134,0.72340035,0.16137071,0.21074118,-0.672715,-0.4579327,-0.7418564,0.26883635,-0.35336488,-0.060801685,0.5960822,-0.52235925,0.4917141,-0.084933065,0.3690745,0.21456383,-0.17502926,-0.49084926,-0.44487295,0.31228063,-0.31929034,0.44836265,0.439994,-0.4126987,-0.1191301,1.7328954,0.29010308,-0.25972497,0.01240439,0.6010922,-0.6854559,-0.41609827,0.076550774,1.4989417,-0.5439096,0.27570543,0.3371538,-1.065881,-0.7990399,-1.2990562,1.0085242,0.0112393275,-1.3550247,1.2814428,-0.26049075,0.38530868,0.8904022,0.6919309,-0.3056153,-0.30262583,0.2726189,-0.25810218,-0.124665745,-1.1830212,0.33288148,0.39966694,-1.1498579,-0.49230742,-1.0203626,-1.0004331,-0.5705417,-0.3573982,-0.93418884,-0.015579071,-0.008372441,0.8196181,-0.34011108,-0.26514757,-1.0681037,-0.3165643,-1.0763428,-0.3867615,-0.07176707,-0.455345,0.62525564,0.102536686,-0.22042477,0.315903,0.3050143,0.43390003,0.16669258,-0.49622142,-0.6234427,-0.9331846,-0.9452732,0.7926001,-1.2062953,-1.3980249,0.1232775,0.61125565,-0.2864706,0.26537094,-1.4117304,0.4549385,0.6831463,-0.07192446,0.84703094,-0.09710677,0.4051732,0.5679261,0.060010374,-0.9880426,0.0922335,0.8421858,0.42805904,-0.043348316,-0.19093274,-0.78366363,0.43370876,0.782727,0.43316156,0.27536315,1.7201201,1.2404112,-0.89674264,0.8332734,-0.100612015,0.09863864,-0.1503653,0.46716928,-0.7988034,0.23468632,0.59607077,-0.31953478,-0.4807952,0.38194698,0.31581092,-1.1937802,0.2481944,-0.9601707,0.16849837,-0.87168205,-0.06588246,-0.30265316,-0.06312015,-0.10027611,-1.0806127,0.500022,-0.14110729,1.586532,1.1503778,-0.076917864,-0.14287509,-0.14230564,-0.20068355,-0.022491258,-0.048277296,-0.88563854,0.17607573,0.20765574,-0.5841751,-0.7115971,0.40914616,-0.21973306,-1.1581674,1.0288469,0.3329447,-0.49977383,1.3049537,-0.49427992,0.057985157,0.52007926,-0.6377572,0.45224422,0.59256136,0.027776811,0.5836152,0.037220716,-0.24504083,0.77429175,-0.62398964,0.044492558,-0.1029536,-1.0913725,0.06073221,0.39807537,-0.25676304,-0.37698132,0.7477817,0.45960882,-0.3911819,-1.0683848,0.7752555,-0.1803201,0.1541034,-0.20922956,-0.93503076,-0.806264,-0.86927426,0.650126,0.41145742,0.6708173,-0.3808229,0.45977783,0.32899296,-0.4498619,0.40262476,0.31315875,-0.002699554,-1.7547119,-0.15812059,0.18638352,-0.4789347,-0.16058029,-0.43316844,-0.367154,-0.10488932,-1.1653111,1.8782287,-0.4284976,-0.4919197,0.26369965,-0.22903447,0.47309965,-0.35689044,-0.2655185,-0.32482588,0.948123,0.25441217,-0.33433986,-1.1404275,-1.0258437,0.24353364,-0.8325533,-0.101561844,0.529973,-0.0054507405,-0.12389727,-0.72825646,1.1994207,0.25893196,-0.12729892,-1.7019329,1.4751799,-0.37241608,-0.23790905,1.0592467,-0.5146689,-1.1383587,-0.27991632,0.31151974,-0.4895034,0.08170246,0.28009498,-0.2179048,-0.74545085,0.042726025,-0.8542059,0.79115784,0.5435948,-1.1680984,-0.33595973,0.2514877,-0.47028008,0.5178487,-0.037707716,-0.9941461,-0.6279452,0.002476491,-1.054833,0.6451159,0.17163582,0.8246579,-0.3229604,0.8990877,0.92397475,-0.38406095,-0.5996937,0.65464616,-0.8730636,-0.4455249,-0.067585126,0.27507704,-0.23864299,-0.44035906,0.43702418,0.67383564,-0.96141684,-0.7462439,1.2346063,1.1723561,-0.26851705,-1.3104556,2.7531075,-0.5768109,-1.2029911,-0.71936494,0.023702204,0.010896623,1.4228214,-0.20078386,-0.19644064,0.0036655888,-0.0869835,1.2126389,-0.076533034,-0.6740672,0.21129699,0.2097853,-0.38698763,0.03688752,-0.010086328,-0.23757544,0.283678,0.13102809,0.40958607,0.61418724,-0.025931627,0.045157366,-0.2176737,-0.99099183,-0.90142053,-0.54094,0.4595305,0.806181,-0.08196325,0.5233554,0.06792254,-0.66148746,0.7809294,0.0062844306,0.28227073,-0.15358675,0.00054718554,0.9664259,0.90250224,0.8861147,-0.31050175,-2.0508893,1.324983,-0.45142347,-0.7786856,-0.20399159,-1.0706882,-0.38973624,-0.49086523,-0.55861866,0.662976,0.60086894,0.11066441,-0.61243045,0.42335272,-0.20369379,0.71909803,0.56876594,-0.32091242,-0.4263215,-0.3133492,-0.1329507,-0.07336138,-0.11410701,-0.12954254,-0.14883214,-0.67220587,-0.15001121,0.3541751,-1.7242022,0.5365021,-0.031610657,-0.24785867,-0.07144042,-1.2533993,-1.0630263,0.14235671,-0.7711833,0.7974722,1.3062812,0.13356915,0.8298178,1.0975882,0.32969686,0.92638123,0.30749243,0.48859063,-0.11242031,-0.547675,-0.4555987,0.96956646,1.114845,-0.0984356,0.6961026,0.61874443,-0.33532104,0.168175,0.64416426,-0.9764871,0.122597106,-0.624656,-0.41342288,0.6290095,-0.062447004,-0.8319536,0.35191244,1.2897092,-0.36221725,0.5426524,0.422109,-0.5863335,-0.46008554,1.0771539,0.071285725,-0.40802586,0.024716794,1.1923406,-0.2607907,0.61933446,-0.3208283,-2.292648,0.6028742,0.7506981,0.51401496,-0.26870066,0.31563112,0.5191214,1.0192494,0.7943852,-0.71803886,-0.61866647,0.762183,0.51851875,-0.15011202,-0.57159376,0.16754174,-1.3604087,-1.186754,-0.32483593,0.8387214,0.2437377,-1.1027601,-0.66465497,-0.51505095,-0.5464853,1.6401877,0.45877472,0.39713183,-0.1196804,-1.1345896,-0.4654626,0.035409033,1.3372834,-0.62005645,-1.0320016,-0.116181165,0.9780188,-0.88940346,-0.7355016,0.8375766,1.4846245,-0.36460495,-0.7380259,-0.84453535,0.3267466,0.13790156,1.2870175,0.27099913,0.115243435,0.5975197,0.11983851,-0.12783843,0.1287344,0.9110205,0.6419175,-1.370641,-1.2269076,0.713607,0.503337,-0.2724653,1.1067878,0.3605526,0.93940413,0.47030064,0.5987335,0.8776927,-1.4596627,0.07757406,-0.21683355,-0.14196712,-0.48873863,0.8822493,-0.48735756,0.5760723,0.05392538,0.13896565,0.13389413,-0.004745722,0.29041755,0.36463267,-0.88556933,-0.60796404,-0.034584567,-0.20969442,0.02865563,0.04404047,0.33805794,-0.14606962,0.07420135,-0.40561378,-0.7418503,-0.1960958,-0.5159153,-0.16735913,1.3921531,1.171045,0.42858163,-0.021778584,-0.60750633,0.1822935,-1.1969819,0.76327926,-0.19540419,0.13274723,0.5297766,0.31383103,0.8209675,-0.3077218,0.80038714,0.01954832,1.7140635,-0.5178704,0.08081232,-0.79810536,-10.411773,-0.09773477,0.84747463,0.33935726,-0.25940275,-0.32275003,0.9319694,-0.034248844,0.084255695,0.013480976,-0.51040745,-0.5792717,0.5375514,-0.5454145,0.61077905,-0.48651758,-0.94543076,-1.4399348,-0.056075998,-0.2990629,1.0106485,1.5777339,-0.46447426,-0.26864377,-0.5172546,0.06377481,-0.038859993,0.1393607,-1.2741821,-0.45175445,-0.44364804,0.9336989,-1.2069929,-0.078114696,0.90329224,-0.23953909,0.19016829,-0.9948644,0.7238842,-0.34474808,0.22160868,0.5024877,-0.09395489,-0.95207566,0.6538515,0.10546209,-1.4183128,-0.33906293,0.24768844,-0.6807884,-0.07949491,0.6808281,0.4878059,0.25036293,-0.6276587,0.26685947,-0.6875426,-0.121792994,0.6082726,0.86070466,-0.42305282,-0.4289139,-0.056985922,-0.5673762,-0.27231252,-1.0814847,-0.012627646,0.038517043,1.5923651,-0.35263184,0.311054,-1.145266,0.520746,-0.1650193,0.45165962,0.69445807,-1.1011435,0.5680588,-0.651982,-0.21685836,-0.72796386,-0.48342013"
https://help.payactiv.com/s/article/Built-For-You-Welcome-To-The-Payactiv-Digital-Wallet,Who can use Payactiv products and services?,"Who can use Payactiv products and services?
Anyone can download the free Payactiv app and use it to...

- Get smart budgeting insights.
- Save on Rx prescriptions.
- Compare car insurance rates to find the cheapest one.
- ...and more!

Similarly, anyone over 18 in the United States can apply for the Payactiv Visa® Card* and take advantage of perks like 10 cents off per gallon at Murphy USA gas stations, discounted AMC tickets, and more! If you're interested in Payactiv Earned Wage Access, tell your employer about Payactiv or search and save jobs that offer EWA in the app.
EWA
Card
General
Offers & Discounts","-0.20734718,0.16743806,0.3266576,0.09208734,0.29979283,-0.13206428,-0.34924507,-0.4682281,0.2229866,-0.7181532,0.8619506,0.31305146,-0.34074646,-1.055517,-0.6089621,-0.5453463,-0.58241546,0.96283424,0.56034076,0.73048127,0.20546234,-0.519307,0.025889434,-1.3110603,0.75524217,-0.26985097,-0.42222255,0.4910903,-0.40933937,-0.072814606,-0.25909323,0.14305675,-1.6317875,0.005910326,-1.1209357,-0.23598361,-0.6350652,-0.9916208,0.26375926,-0.49651474,1.0969207,-0.50902015,-0.15481803,-0.5440325,0.48325795,-0.3517591,-0.28388274,0.20068228,0.320124,0.84653467,-0.36916918,-0.8262501,0.094959505,-0.9320679,-0.11422026,0.072762266,-0.20948046,0.2435157,-0.22175545,0.1149524,-0.20771284,0.6584608,-1.0674826,-0.6753764,-0.38421315,1.5007167,-1.2813948,1.784823,-0.07173313,0.7112332,-0.7270897,0.16422646,1.0072886,0.4063933,-0.10978307,-0.7057096,0.7946065,-0.29131657,0.67297673,0.13935582,-0.08848558,0.369098,0.5232011,0.08794917,0.07344057,0.3870351,-0.1282258,-0.78458184,-0.45846778,0.4489947,-0.08308998,-0.7407182,-0.3189228,-0.62221503,0.42048383,1.6114444,-0.41469282,0.045512274,-0.6996319,0.46293435,-0.01054357,-0.7808048,-0.21257465,0.89587724,-0.8344371,-1.1074715,-0.35811394,-0.2683773,1.2813399,0.0047224984,0.3460999,0.03695289,0.050467413,1.1337734,-0.72465646,0.14693421,-0.40161026,-0.5159971,0.2883483,-0.4556469,0.5745568,-0.34002596,0.66296846,-0.7318521,0.12020127,-0.5492209,-0.29803267,0.0776412,0.5594146,0.09463603,0.41627523,0.5680655,0.07013275,-0.61805665,0.3121748,-0.43551904,-0.34684944,0.62007445,0.6547861,0.014492745,0.6140336,-0.4326211,0.22883287,-0.3470999,1.2859825,-0.36982137,-0.22329776,0.65373313,1.5167165,0.48542994,-0.48167062,-0.57132906,0.031641603,-0.2563883,0.70659095,1.8635652,-0.3987542,-1.7104473,0.09946197,1.0460709,0.3480065,-0.3439265,-0.09417085,0.48329842,-1.0544084,-1.3552403,-0.7572074,-0.33229336,-0.21615832,0.043963157,-0.035341308,-0.08677157,-1.2515483,-0.60588217,0.64930856,-0.11852509,0.91069746,-0.16489115,-0.67104864,-0.25806805,0.23795739,-0.41018215,0.7143064,-1.3284242,-0.10163,0.32549638,0.54788154,-0.57114494,-0.1261494,-0.39136094,0.19647747,-0.28030005,-1.2889383,0.19626029,-0.8494572,0.27369297,0.7824218,-0.5575562,0.053483248,0.9912387,-0.37672198,-0.087834254,0.35366228,0.2010841,-0.12148709,-0.49365085,0.048435144,0.6087121,-0.40933195,-0.12620287,-0.03429517,1.5154525,0.7660206,-0.19142865,-0.7028573,0.86043745,-0.65186137,-0.65050393,-0.07205132,0.20645548,-0.077581055,-0.10907337,-1.2787068,0.09502797,-0.51352453,-1.5238863,-0.038782038,0.013881668,0.08636985,0.8152131,0.7645816,1.1019651,-0.61766857,0.06936115,0.5846772,0.11600059,-0.19424418,1.0222777,-0.45496672,0.486071,-0.58555365,-0.91993254,0.65973514,-0.7953162,-1.1499237,-0.2790455,0.9417461,0.22933337,-0.14020365,-0.55063653,-0.1299586,0.4460271,-0.79047495,1.1834853,0.40683123,-1.0097402,0.033231936,0.20041859,0.00034460425,0.32824492,-0.040736835,1.2211663,0.38590932,-1.322077,-0.23771988,0.28321418,-0.09415562,-0.8631315,-0.015348002,0.13326702,-0.43235153,-0.9200837,0.41788632,0.097791374,-0.5457885,-0.0103795305,0.103824385,-0.27898127,1.2051764,-0.47394437,0.28552264,0.1705208,-0.19520484,-1.0013777,-0.21231991,-0.042197015,-1.0075566,-0.46995693,0.2694286,0.06141904,0.31317237,0.2072655,0.0292845,0.3561651,-0.38476506,0.81487375,0.21759668,1.0392737,-0.618202,-0.97297907,0.20816445,0.15827587,-0.014550671,-0.7156702,0.7860563,0.1770733,0.09488635,-0.7409726,0.47140595,1.3475732,0.93416166,0.74389714,-0.8637752,1.8716998,0.11334506,0.32692555,-0.3947758,1.4654465,0.17392404,0.12780963,-0.37408477,0.12895648,0.19288328,0.8281411,0.07006147,0.40557715,-0.06429088,-0.44206733,-1.0196395,-0.23671705,0.39389542,-0.44803905,-1.2125909,0.16678706,-0.12979954,-0.51258755,-0.37041226,-0.0572896,-0.1581008,-0.22334126,-0.68333495,0.10063802,-0.21782658,0.13996565,0.040221635,0.5169003,-0.9976162,0.032358527,0.76255757,-0.08460298,0.27194828,-0.75628865,0.6674832,0.28183267,-0.2905847,0.21849585,0.18837205,0.5669511,-0.9077211,0.5271124,0.34031498,1.0248439,-1.727499,0.7047087,-0.10137802,-0.18081346,0.2713191,-0.39840296,-0.20753698,0.20377918,-0.59284323,-0.18660252,-0.61629564,0.22265981,0.013054434,0.22335517,-0.3897737,-0.22466184,-0.16779391,0.16361603,-1.0798849,-0.008251026,1.0138193,-0.1463761,1.7474455,-0.2037228,-0.55360526,0.9230519,-0.47367144,0.35847667,-0.10543847,-1.146268,1.2960217,0.4305632,-1.4640774,0.70422417,1.0101317,-0.12656105,-0.21563327,1.3303307,-0.11906722,-0.18763372,1.5876647,-0.7082628,-1.0352411,-0.76805115,-0.5258213,0.3020606,-0.028811067,-1.0182934,-0.043594874,-0.5577593,0.14069223,0.09462535,1.18122,0.59462,0.43446416,-1.4654295,-0.7428384,-0.5622676,0.5833365,-0.078527115,0.84060514,0.42654404,-0.32700235,0.16033281,-0.2119048,-0.9051257,0.27633396,-0.093287356,0.082472935,0.6076728,-0.37802997,0.7087529,-0.27189547,0.5963553,0.008352075,-0.8644592,-0.57347655,-0.063425064,0.28846198,0.040520526,0.044969633,-0.30945864,-0.4089619,-0.4425391,1.6444913,0.49515757,0.5454892,-0.21025386,0.11570789,-0.90402305,-0.43893996,0.00039574504,1.3284838,-0.84559155,0.079363,-0.37364528,-0.6576712,-0.28449452,-0.7856264,0.088942066,-0.046884384,-1.2216413,0.9308616,-1.0567559,0.24181418,0.6025028,0.82315046,0.004832022,0.39548516,0.2598666,0.1820287,0.16580008,0.50102633,0.12331902,0.79719615,-1.2379699,0.003822565,-0.5714468,-0.22332612,0.04725856,0.7995218,-0.013597801,0.42292705,-0.03404662,0.18688011,-0.691149,0.57713234,0.038150296,1.1175952,-0.51668394,-0.29101622,-0.53579414,0.31202486,0.8425087,0.5432259,-0.14228964,1.5960332,0.58507395,-0.32132378,-0.12196291,0.31063488,-0.33086973,-0.8473525,-1.2318493,0.824628,-0.4765635,-0.2653681,-0.04266689,0.43869293,0.49819052,0.3832193,-1.0445802,0.22636843,0.22147615,-0.7871109,0.48711494,0.080881156,0.5137365,1.1326863,0.687764,-0.40637842,-9.532273e-05,0.30939433,-0.015520379,0.6017638,-0.26824325,-0.07643793,0.43510738,-0.23632847,0.0920834,-0.29670244,1.0269616,0.24417725,-1.4859066,-0.05928877,-0.54410696,0.053579256,-0.45045707,0.35984993,-0.0609312,0.57599694,1.0637779,0.49386874,0.031326205,-0.08343651,-0.8658379,-0.77103937,0.6443938,-0.3094355,0.27647543,-0.5878773,0.07902939,-0.13213998,-0.22730574,-0.57255495,-1.563583,0.4531137,-0.049404774,1.0394617,-0.17316388,-0.2822915,-1.2088491,-0.3465696,-0.14792654,0.64980537,0.9128078,0.0190617,-0.022044953,-1.1301037,0.04654047,-0.28287637,0.7484049,0.05985457,-0.5033129,1.4683074,0.88452274,-0.13400812,1.3092192,0.033668086,0.080195844,0.18578143,-0.3559744,0.5574537,0.4472026,-0.115077645,-0.20783629,-0.6164216,1.0217055,-0.13552144,-0.5914833,-0.28693992,-0.3300544,-0.50378823,0.01842679,0.046592996,-0.26750365,-0.6299121,0.31507105,0.62187827,-0.09639736,0.2659294,0.728255,-0.18491864,-0.5096288,-0.12522407,-0.61775696,-0.46088812,-1.1046153,-0.08777681,0.11281887,0.7020154,0.36973956,0.53782845,-0.6326358,-0.08516066,0.8339586,-0.053703636,1.0816275,-1.8682458,0.51518804,0.32008058,-0.47952783,-0.3078078,-0.5344546,-0.27432978,0.24849305,0.111578956,0.95005393,-0.475963,-0.40136325,0.23234715,-0.074167,0.49118537,-0.03376963,-0.43210799,-0.226696,0.0036709905,-1.0302114,-0.77985054,-0.33252198,-0.5783111,-0.08201438,-0.06850876,-0.3329388,-0.030650064,0.23647851,-1.3162345,-0.30396923,0.7791073,0.6925021,0.3303426,-0.3924607,1.516191,-0.46070904,-0.23383555,0.17890973,-0.59080696,-0.21774621,-0.49283287,0.3058654,0.00170663,0.22585493,0.4108712,-0.4690172,-1.1183584,-0.19491124,-0.6393369,0.38157436,0.17850208,-0.4974469,-0.21810319,0.3581253,0.006575726,0.023741335,1.1405542,-1.0348872,-0.6078288,0.48356813,-0.48323023,0.56837213,-0.16757286,0.11441197,-0.25043643,0.4218765,0.60977393,-0.21038249,-0.2969857,-0.62538224,-1.2604287,-0.35810053,0.59397334,0.47615328,-0.8769847,0.16013096,0.8787607,0.27911368,-0.31759632,-0.52310574,-0.6395699,0.3079549,0.16575743,-1.2840898,0.39657477,-0.17857453,-0.63600457,-0.09292291,-0.115276694,0.27966,1.2097317,-0.05249027,-1.1816387,0.31562105,-0.42165375,1.0856662,-0.4323312,-0.48684287,0.9859365,0.7756454,-0.85486704,0.23984385,-0.07714138,-0.42425588,0.58132625,0.099848084,-0.07467007,-0.4944543,-0.51386505,0.3267092,-0.53721696,-0.3921701,-0.73718095,-0.5598189,-1.0512794,0.959686,0.18947396,-0.46972698,0.03466259,-0.1702417,0.8254279,0.53220445,-0.111768566,-0.8410093,-0.07792239,-0.20391215,0.8810202,0.56419766,0.8575919,-2.9156492,1.1587607,-0.13081346,-0.67629045,-0.82034534,0.099384256,-0.11920181,-0.49753433,-0.14670718,-0.10720289,0.66110843,0.03004667,-0.3659098,0.65086883,-0.28818312,0.9222814,-0.004405156,-0.22031972,0.2518642,-0.602178,-0.73100543,0.13742834,0.21471915,-0.86327684,-0.6814701,-0.66389215,-0.71830237,0.78036636,-1.5501875,0.86376494,-0.49297506,-0.13893707,-0.28869355,0.27118382,-2.0687907,0.2770323,-0.021559194,0.11325362,1.2288077,-0.2032724,0.8644326,0.036450732,0.123192035,0.33377153,0.028431326,-0.009112537,0.037748955,-0.45099702,0.23126124,1.3599559,1.0090513,0.045627043,-0.34230202,0.33283374,-0.025236592,0.87432295,-0.47255364,-0.48627657,-0.6436258,0.030094564,-0.015637182,-0.122493565,-1.6568666,-0.88013154,1.0643377,0.53154933,-0.053190283,0.5367405,-0.047404207,-0.3498861,0.21101746,0.8440571,0.33177727,-0.46684128,0.15327875,0.18781257,-0.26575652,0.19631155,0.68447536,-1.7775712,1.2659281,-0.22320454,0.13901421,0.10507773,-0.04941243,0.5497849,0.5205431,0.13729194,-1.0107332,0.038976323,0.2792337,-0.41230133,-0.8118273,0.45179573,0.050662875,-0.79242504,-1.6556722,-0.8183967,0.7045342,0.76333344,-0.5668514,-0.49805766,-0.55466324,-1.0793676,0.7835133,0.19456846,-0.6898103,-0.7991218,-0.41355896,0.2877776,-0.52820396,0.0837405,-1.0750477,-1.0446692,-0.4417816,0.24198458,-0.96928984,-1.0630623,0.2847275,1.4571159,-0.45987839,-0.831598,-1.2550889,-0.9820902,-0.5326839,1.2449807,-0.47878003,0.16582415,1.0708855,-0.12927411,-0.5267402,0.25643134,0.479819,0.88135165,-0.1876492,0.12822437,0.9196414,0.25129178,-0.08811861,0.6276551,0.5857926,0.848354,0.33246228,-0.34572896,0.17145394,-1.0889891,0.23802575,0.36738428,-0.10735518,-0.399778,1.1212671,-0.94713783,1.2131557,-1.0552635,-0.19580889,-0.44792604,0.08220333,-0.26842225,-0.16835332,-0.1224453,-0.7758173,-0.14448696,-0.12030764,0.09617227,-0.42109066,0.056915313,0.09580742,-0.24279904,-0.3570239,-0.7995611,0.28983313,-0.9675244,-0.18169683,0.76042247,1.0370378,0.47866777,1.1093278,-0.49453866,-0.31681523,-0.23255886,0.61326236,-0.0058655622,-0.7242895,0.9137187,0.2042631,-0.07894157,-0.7590763,0.022551268,0.23612235,1.6041822,-0.010706045,-0.6888573,-1.3460014,-12.8483305,0.45926917,1.1224823,0.0054262877,-0.63278776,-0.023630649,-0.47544557,0.10912858,0.110809565,0.08714761,-0.31310076,0.06393285,0.49592125,-0.46253705,0.5342766,0.12228412,-0.049419053,-0.2606641,0.15722808,-0.5659308,0.8972766,1.8716031,0.18971325,0.21224606,0.5598007,-0.03969425,-0.8655921,-0.22889915,-0.43683717,-0.18716013,0.08708425,0.9028893,-0.7862701,0.77319014,0.8489803,-0.25929177,-0.05924121,-0.075692415,0.27440554,-0.29551756,0.66126335,0.4221444,-1.2431424,-0.47159845,-0.09784168,0.83422536,-1.1787872,-0.2990025,0.025825456,-0.893845,-0.0641416,-0.6081258,0.089571185,-0.46010768,-0.81220603,-0.32471824,-0.62310475,-0.4108217,0.7805335,0.63290143,-1.6335422,0.18738428,0.26899898,-0.34674618,-0.2680838,0.019203864,0.093740344,0.593883,0.69285405,-0.1266306,-0.13381141,-0.67120945,0.2737823,-0.6458309,1.2141016,0.4027536,-0.8476559,0.23237367,0.1574375,0.50792015,-0.35623038,-0.44721442"
https://help.payactiv.com/s/article/Where-You-Cannot-Use-Your-Payactiv-Visa-Card,Where You Cannot Use Your Payactiv Visa Card,"Where You Cannot Use Your Payactiv Visa Card
The Payactiv® Visa Card* may not be used for adult entertainment, on online gambling sites or any illegal transaction. Consult your Cardholder Agreement at https://www.payactiv.com/card411/ for more information.","1.0642143,0.36564684,0.26474994,-0.18899964,0.14572188,-0.42016172,-1.1499169,-0.61002153,0.52861565,-0.54270935,0.8791827,-0.2135703,-0.2606429,-1.1568326,0.9276788,0.1336123,-0.60559297,0.11729801,0.37074545,0.59921134,0.21447533,-1.1094325,-0.54472953,-1.1350421,1.9782354,0.08552209,-0.5690993,-0.25041115,-0.615258,-0.4224623,-0.072529756,0.14765948,-1.4568832,0.0024701431,-0.8306572,0.6799761,-0.8850618,-0.54783154,0.03729431,0.11639677,1.1268926,-0.5030381,-0.7028569,-0.74474174,-0.028059237,0.52932775,-0.23157126,0.10801768,0.2260493,0.5831418,-0.96235573,-0.7928839,-0.28160846,-0.87875134,0.22534913,-1.0903466,0.18275675,0.33340442,-0.12398329,0.24660638,0.28529423,0.21113628,-0.85795105,-0.54173434,-0.17238195,1.238807,-1.7188178,1.7644207,-0.92738795,0.18787119,-0.24620052,0.22822434,0.12865464,-0.54203445,-0.09618072,-0.88839626,0.32118297,0.061835393,1.0359968,-0.04209231,0.04992512,-0.08256489,0.28300983,0.5164783,0.03756404,0.29753298,-0.61385596,0.1638246,-0.48268154,0.29907334,0.36430722,-0.74387777,-0.5590239,-0.29459682,0.8595513,0.120630875,-0.72381854,0.3521189,-0.19393274,0.9641254,-0.04683359,-0.999156,-0.66944695,0.480209,-0.6313986,0.21392752,0.3119738,-0.09004304,0.6814461,0.22155619,0.07789944,-0.9888976,-0.50284207,-0.28983927,-0.098464966,-0.5690465,-0.9603478,0.005003959,0.36621615,-0.5317264,0.7635761,-0.0956765,0.2505011,-0.7525889,0.37751752,-0.6328571,0.029740795,-0.20700043,0.35935736,-0.80228466,1.2957088,0.19932196,1.1432105,-0.29065958,0.36909562,-0.33326307,0.116987616,0.30829737,0.37696823,0.1241871,0.6027043,-0.7668753,0.0097242445,-0.6326687,0.7821488,-0.21069,0.37192935,0.53727055,-0.32666138,0.15122205,-0.06842572,0.423325,0.22415927,0.3898686,0.6199587,0.5748683,-0.8616429,-0.7030641,0.53598464,-0.03142207,-0.56868887,-0.59172183,-0.37618697,0.121641666,-0.8706138,-0.9132689,-0.700891,-0.060123987,-0.41787148,-0.23191863,-0.8818476,-0.19229388,-1.093145,-0.480646,1.1570847,0.13928416,1.0719547,-0.27959996,-1.4259387,0.2082514,-0.2678154,-0.99231076,-0.039727397,-1.2849,-0.14819923,0.19411181,0.22336638,-0.4045522,0.33556604,-0.10969464,0.50171274,-1.3292856,-1.6734514,-0.047614105,-0.5268947,0.1439944,0.3450341,0.018735275,0.03700627,0.17995171,-0.7162454,-0.3493847,0.5618379,0.34599188,0.36314636,0.68912184,-0.058005273,-0.22405188,-0.7832222,0.046580635,1.3431109,1.4070412,0.6636409,0.24730547,-0.9392172,0.8555585,-0.25427684,-0.026932627,0.2088102,0.24431683,-0.14981078,-0.1782346,-0.5206278,0.3405776,-0.41202188,-1.7973487,-0.28360012,-0.14469422,1.1154169,0.66014266,0.6221889,0.97646016,0.0355452,0.056853168,0.12894082,-0.40192923,-0.14783204,0.34949416,0.88557017,0.37383837,-0.15077473,0.518052,-0.23813598,-0.41125742,-1.5382389,-0.5377443,1.1182628,0.7522899,0.06581189,0.045309268,-0.07208157,0.511114,-0.20138639,0.95802265,-0.21682672,-0.11815591,-0.18292497,0.76803595,0.34488428,-0.46495438,-0.14874819,0.8668982,0.46198493,-1.3361807,0.112282604,-0.48586997,0.03621369,-0.63005745,-0.11485535,0.4633267,-0.10300312,-0.47819778,-0.055610247,0.36565787,-1.0089699,-0.0726423,0.7683135,-0.64312816,0.8253535,-0.80745876,-0.09985126,0.97934335,0.014528915,-0.37645262,-0.7502577,-0.67188805,-0.47960553,-0.8443425,-0.8544226,0.241943,0.882216,0.2926882,0.18937592,0.76812327,-0.26995736,0.9777419,1.1074415,0.7668612,-1.1426258,-1.0121576,-0.4255442,0.15741497,-0.22230661,0.08767669,0.87671804,0.12555176,0.8935676,-0.78515154,0.1253095,0.82197404,0.28527632,1.085248,-0.14139429,0.8542863,0.8311116,0.38748738,-0.38308918,0.18344769,1.0457262,-0.03850782,-0.11259143,-0.20563777,-0.29385275,-0.61965114,0.45413437,-0.16769287,-0.67431235,0.21431397,-0.8128258,-0.36890686,0.4882075,-0.5278071,-1.6822244,0.32889867,-0.12427923,-0.09824136,-0.76986635,0.07415366,1.11694,-0.03117242,0.124498636,-0.33219433,-0.78713334,0.77212566,-0.060258225,1.3211172,-1.224954,0.40900013,1.197889,0.02214399,0.84570974,-0.30006438,0.5221317,0.074823365,-0.24976924,0.006397851,0.3563669,0.34644425,0.000114910305,0.3680668,-0.027442634,0.6863164,-0.539816,1.2420127,0.29362407,-0.35502848,0.21986735,-0.7737051,-0.10917395,0.18559544,-0.31395626,-0.4197534,-0.39135265,-0.26569372,0.1011721,-0.18775213,-0.59176856,0.020323247,0.07795267,-0.44171816,-1.3165362,0.6211426,0.7806101,-0.12472606,0.9330619,0.014859986,0.17667918,0.7387959,0.53218544,0.2778619,-0.39942026,-1.3018421,1.1256735,-0.5467098,-0.90318906,0.409953,1.9084889,-0.39551902,-0.9459897,1.3203951,0.9607766,-0.23387572,1.1711366,-0.66182625,-1.333143,-0.8170408,0.14566493,0.6156114,-0.63776386,-1.4423239,-0.029515818,0.8746227,0.9435209,0.05527173,-0.34807333,0.29290217,0.20310088,-0.938666,-0.87840205,-0.35434952,0.43015167,0.30109417,0.056188192,-0.16498244,0.4857849,-0.02114632,0.030199468,-1.1478359,0.23679036,-0.3283319,0.03871806,-0.12460332,-0.8274158,0.76770264,-1.2812839,0.793916,-0.37970096,0.5486874,-0.16094603,-0.091926135,0.577502,-0.27688384,-0.14595386,0.10361016,-0.24665365,-0.3004814,1.7248666,-0.3290162,-0.1334624,-0.28899035,0.14817187,-1.0528805,-0.66219264,-0.046247646,1.1000031,-0.46692073,0.072070695,-0.19951949,-0.88814855,-0.46000767,-2.047221,0.32145673,0.1656183,-0.65818834,0.37147343,-0.9845127,-0.90822977,0.36774823,0.32285017,-0.105081104,-0.6820002,0.3430584,-0.12211619,0.31457138,-0.6525952,0.1779285,0.7154661,-2.36954,-0.30039436,-0.33764133,0.119852975,-0.49931026,0.057736643,-0.42277333,-0.18417262,-0.11393626,0.8597174,-0.62574935,0.65899384,0.069953695,0.79931086,-0.6320954,-0.8091187,0.5286256,-0.25624526,0.9635904,0.73895246,-0.47950736,1.0082002,0.5795312,-0.6011793,-0.7362722,0.57215345,-1.2874819,-0.7230712,-1.802447,1.2016478,-0.26824263,-0.41927016,0.07428172,0.1013436,-0.14309376,-0.026297979,-0.4808314,0.28533328,0.3274184,-0.92689484,0.9599813,0.80647355,0.68976253,0.5894911,-0.33639073,0.005643774,-0.15917379,0.5397551,0.7389135,0.78785723,-0.20962843,-0.6617611,1.2866843,-0.0199634,0.98758674,-0.26590264,1.4575409,0.9190407,-1.0334225,0.20515108,-0.18299523,-0.5084881,-0.58144337,-0.5419092,-0.31929904,0.32492518,0.67477876,0.30210787,-1.0048752,-0.03028968,-0.58113587,-0.69816035,0.05753062,-0.40323186,0.9474131,-0.42281112,0.8579143,0.07184356,1.0081112,0.23657238,-1.721467,0.6837358,0.6047855,0.8606937,0.81328684,-0.30014807,-0.6955843,-0.20441201,0.45017457,0.44205385,0.04001963,-0.90612787,-0.10670939,-0.32135817,-0.7382067,-1.1157217,0.97629386,-0.6398087,-1.0298569,1.8613815,0.0855233,-0.17126675,0.9117075,0.44870135,-0.16065541,1.2036641,-0.59132147,0.7311904,0.9952258,-0.63492805,1.4460751,-0.24356395,0.4077588,0.0021725446,-0.13687718,1.0144548,-0.27489972,-0.9823367,0.070079245,0.5765853,0.22681682,-0.4782325,0.573987,0.09061054,-0.17396891,-0.26198184,0.95490086,-0.666558,-0.3977574,0.19533652,-0.88127995,-0.0071975626,-0.54039204,0.32280946,0.054540217,0.9017885,0.47701553,0.3340531,0.92191887,-0.22168358,0.6909117,0.37543434,0.07778612,-0.11179169,-0.46487647,0.2275329,0.09136675,-0.42723906,-0.57621837,-0.94084287,1.0067419,-0.63997555,1.591236,0.6508872,0.44892883,0.5992861,0.41014194,0.22026305,0.031726576,-1.0907804,-1.2341928,0.6211809,0.21972135,-0.6623296,-0.253128,-0.36882892,0.060094863,-0.51275414,0.14525622,0.56157714,-0.1188872,-1.2486846,-1.0507174,1.2105439,0.2898086,0.3497938,-0.22959608,0.09036814,-0.86754274,-0.6480497,0.26652268,0.28321376,-0.85364294,-0.60997957,0.62222475,-0.47573593,0.040256344,-0.09714263,0.32133597,-0.27216357,0.4497571,-1.0605576,0.25101453,0.8069365,-0.739264,-0.17049128,0.19811071,-0.13103575,0.116462305,0.742546,-0.85155004,-0.57139856,0.112356804,-0.32134023,-0.14614566,0.1098191,0.51595175,0.21161866,0.40005422,0.69348127,-0.15386571,-0.37434745,-0.31284744,-0.45316446,-1.2213267,0.076178685,-0.42922375,-0.45825648,-0.16494648,-0.1728106,0.41923955,-0.8853619,-1.0363164,0.17446427,0.6221943,-0.1331245,-1.640762,1.1495034,0.010488346,-0.80961955,-1.0783012,-0.8557999,-0.8276298,-0.03583642,0.030981377,-0.2865137,0.5503162,-0.09684354,1.4791098,-0.46902156,-1.3667336,0.49231255,1.0850378,-0.4078244,-0.18356149,0.17949815,-0.63891196,0.72124994,0.23412734,-0.07677539,-0.18867952,-0.49541396,0.12231007,-0.07390079,-0.50235593,-0.23675346,-0.53825307,-0.42059103,0.7664111,0.35808274,0.07657907,0.52052945,-0.1951276,0.88063043,0.275673,-0.03595805,0.46813524,-0.5269528,0.32054257,0.9187898,0.2691421,-0.016856592,-2.8644195,1.1775587,-0.14362203,-0.21077086,-1.2219117,0.36703843,-1.4367003,-0.32197285,-0.08826872,0.3142877,0.7145194,-0.04590705,-0.40356904,0.73865986,-0.44364446,0.933084,-0.28744197,0.062070087,-0.06295793,-0.36224204,-0.78010225,0.70801777,-0.4486145,-1.4905206,0.23172642,-0.44703037,-0.33635,0.22012466,-1.1549911,-0.2916134,-1.0679137,0.014358003,0.3139068,-0.24551442,-1.6796662,0.6254808,-0.2599658,0.94626015,1.214578,-0.35965416,1.4773575,0.051094227,0.39326078,0.6178293,-0.1524471,0.16479611,0.415477,-0.45092872,0.0895496,1.4911488,1.3732594,-0.8758397,0.45486858,0.35294122,-0.6244259,1.2643509,0.3175381,-0.55409944,-0.28800288,0.13103038,-0.3460385,-0.11423741,-0.51217866,0.029733285,0.5313373,0.6891976,0.017468706,0.4450915,0.42859796,-0.7866255,0.06551643,0.66842496,0.31304923,-0.37078106,-0.05506818,0.40192327,-0.838556,-0.05720421,-0.02304041,-1.452291,0.5300411,0.013196837,0.40470985,0.08696787,-0.13746151,0.5327756,0.32748836,0.911607,-0.5816568,0.5292931,0.6559249,0.34208316,-0.38049805,-0.4830849,-1.0463734,-1.2984923,-1.7007738,-1.0723643,0.705662,0.66144735,-0.12337141,-0.7991449,-0.046558466,-0.7599867,1.5091224,-0.41676486,-0.33436036,-1.4998388,-0.60051894,-0.4045101,0.7987089,1.5840105,-0.78564006,0.2813982,-0.5810028,0.35288313,-0.003543824,-0.88585675,0.45736822,0.67650455,-0.66832066,0.063285634,-1.5454489,0.10149531,0.09077877,0.5095969,-0.32066,0.59329045,0.63028425,-0.118339606,-0.5959114,-0.11070047,0.06526719,0.56318986,-0.0988811,-0.654999,1.6009562,0.65350366,-0.5541903,0.82990646,0.23678645,-0.19881627,-0.63696146,-0.16653065,0.20363876,-0.92339665,-0.22615208,0.24836706,-0.8053514,-0.028184162,1.6507741,-1.0962282,0.2768784,-0.35768163,-0.6540178,0.56186414,-0.5921137,-0.13599418,0.5803397,-0.63807976,-0.33777428,-1.2531828,0.49619177,-0.33750117,-0.19716166,0.4078493,0.10191536,-0.5835242,0.09383237,-0.48959753,0.068684205,-0.2610995,-0.34914696,1.0569316,1.0604045,0.4948562,0.5037494,-1.3317807,-0.95999813,-1.1807492,1.956102,-0.08955769,-0.42966092,0.7210568,-0.20550835,0.37236142,-0.5907164,0.8215362,-0.024107922,1.6218984,-0.98124206,-0.85040534,0.12935382,-11.408077,0.53130734,1.332836,0.11032578,-0.715498,-0.0074360147,0.26713076,0.6245038,0.36606252,-0.41569364,-0.2633978,0.37742424,0.7367208,-0.57575065,0.5096834,-0.09991129,-0.6180928,0.21267827,-0.7721154,-0.5167944,0.14920205,2.1840982,0.084897295,0.024913892,-0.77613384,-0.49347794,-0.7899053,-0.009220198,-1.3369586,-0.31252986,0.29193938,0.3103209,-0.8008814,0.73775125,0.24829385,-0.2895152,-0.39733627,-0.40282556,0.7624584,-0.36934793,0.4244429,0.44991377,-0.6847125,-0.57700515,0.038439706,0.54359555,-0.9174246,-0.50890696,0.21718726,-0.27112913,0.38993132,-0.1910123,0.07560292,-0.34974888,0.21688111,-0.66299474,-0.5522192,-1.2205248,0.022781208,0.7229447,-0.41454092,-0.7056552,0.07103747,-0.6522093,-0.43105483,0.25887078,0.056969643,-0.18581727,1.6802692,-0.18870765,0.19002733,0.01644373,0.12505703,-0.8812413,0.3564648,0.34292248,-0.0735541,-0.035547346,-0.48662704,0.18366262,-0.040465206,-0.5429184"
https://help.payactiv.com/s/article/About-Payactiv,About Payactiv,"About Payactiv
Anyone over 18 can sign up for the Payactiv digital wallet. Pay bills on time, set money aside automatically, and get intelligent insights into your spending. We also partner with companies to offer EWA as a benefit to their employees. We are a bank alternative and financial resource for American workers everywhere.
At Payactiv, we create products that empower you to participate in the economy you help create. CEO Safwan Shah co-founded the company in 2012 by creating Payactiv Earned Wage Access (EWA). Before EWA existed, the only way to bridge the gap between paychecks was with late and overdraft fees or predatory payday loans.
EWA
Card
General
Offers & Discounts","-0.65933824,0.74979806,-0.3046877,-0.2854579,0.18513419,-0.46999192,-0.84640396,-1.1099272,0.20648988,-1.1168591,0.7938921,0.60327584,-1.1743689,-0.22468564,0.11195263,-0.095628865,-0.92678076,0.9793737,0.15767732,0.3715907,-0.075188786,-0.2989617,0.4170484,-0.7076186,0.55556273,1.0080808,-0.034273695,0.12338105,-0.22554703,-0.666812,0.0013687611,0.25707376,-1.9407173,-0.1259383,-1.0656525,-0.3569223,0.28397492,-2.0131862,-0.012151809,-0.7066814,0.61033523,-0.60417324,-0.43929908,-0.18732655,0.30079487,-0.27869475,-1.2284193,-0.5182148,0.024517171,0.50384444,-0.9785608,-0.550242,0.105890006,-1.0878513,-0.118056625,-0.53103036,0.14376615,0.33641833,0.14406331,0.12828743,-0.021355279,0.5490917,-0.61991984,-0.2578405,-0.73009795,0.77143425,-0.59565824,1.6150148,-0.14105558,0.86504287,-0.9245588,0.98227406,0.53846455,0.21676731,-0.3155694,-0.13245636,0.41952443,0.4807757,0.5001663,0.116770744,1.4099531,-0.5831936,0.2518892,0.1748529,0.06212786,-0.07087282,-0.18947366,-0.9449718,-0.13432655,0.266917,0.05832936,-0.27944055,-0.7139495,-0.80797267,0.023443624,1.7308483,-0.7204172,-0.15891956,0.1456102,1.446432,0.094387725,-0.01959525,0.018723309,0.63363314,0.088535994,-0.9012135,-0.22460464,-0.36737567,0.42097923,0.4260089,0.6535759,-0.33846867,0.41609707,0.92800915,-0.9354018,0.09730058,-0.0035107909,-0.9159367,0.8307004,-0.2938817,0.37372512,0.5555483,-0.16867337,-0.37286812,0.505889,0.030205145,-0.19813,0.041588254,-0.34839344,0.5789085,0.49608716,0.59310406,0.03860973,-0.47996223,-0.09986601,0.03438312,-0.7747908,0.18573785,0.36670664,-0.6166849,0.30830893,-0.52095526,0.4434372,-0.65865207,0.26436952,0.22687389,0.063827395,-0.27440774,0.0494709,0.119568646,-0.7974365,-0.056498203,-0.04929395,0.02321383,1.2406613,1.5033544,0.2765066,-0.4662785,0.25041735,0.31343925,0.5303739,-0.32869175,-0.23609823,-0.31064835,-1.0907116,-0.9021983,-0.13011642,0.1184057,-0.46427765,0.4153029,-0.08009124,-0.6088232,-1.1518307,-1.531665,0.4011828,-0.022411168,0.33974892,-0.13111389,-0.47008795,-0.14123899,-0.27874964,-0.64618367,1.132735,-1.2132586,-0.77880806,-0.13654104,0.43251738,-0.2503785,-0.41148382,-0.3651852,0.24569884,-0.6066704,-0.8541393,-0.49772686,-0.6838347,-0.13513294,0.4694141,-0.9219016,-0.4850207,0.8197496,-1.1333702,0.47180912,-0.24658902,0.5130939,-0.026939929,-0.51786387,0.9906304,0.39698237,-0.2556644,-0.38079387,-0.3595326,0.80962425,0.1536918,-0.20693734,-0.44307247,0.6058952,0.22897837,-0.2168059,-0.28822577,-0.15963104,-0.20979315,0.2216343,-1.1394602,-0.0060854144,-0.37163872,-1.6954393,0.39379552,-0.0659198,0.37929994,0.8913266,0.43690205,0.22656873,-0.9309212,0.38998103,0.37319225,0.16524103,-0.28427702,0.42740232,-0.02879493,0.342435,-0.10329066,-0.8953487,0.30742964,-0.7382904,-1.4053305,-0.56049705,0.6198641,0.10171336,0.1257829,-0.56138444,0.30679983,0.85128546,-0.4731306,0.92144376,0.5859326,-0.25464162,0.42087883,0.46473363,0.014157176,0.43947226,-0.76950186,0.13309544,-0.3605752,-0.7291687,0.035424165,-0.6033591,-0.24321005,-0.73356473,0.21792659,0.37259614,-0.40750366,-0.6779048,0.37330812,-0.7221885,-0.9474875,-1.359608,-0.4365442,-0.7792791,1.2118832,-0.46888834,0.06603569,-0.24054764,0.30983374,-0.28659034,-0.039168857,-0.37160316,-0.9964004,0.23154092,0.25745222,-0.12695044,-0.53890234,1.0044197,-0.16197447,0.34922388,-0.44657525,0.6548058,-1.0041404,1.4161767,-0.9862674,-1.8500973,0.39268482,-0.1116478,-0.52395976,-1.4897387,0.6416677,0.4149902,0.20333537,-0.09952405,0.25951338,0.271676,1.3052198,0.25371417,-1.0927405,0.7458049,0.6573723,0.18275927,-1.1444186,0.78546757,-0.45474598,0.25710207,-0.17722039,-0.22197223,0.12665586,0.82407403,-0.026373409,0.80440617,0.24352546,-0.29105577,-0.18057373,-0.29284632,-0.11955442,0.31845653,0.38479045,-0.18005626,-0.28059158,-0.8577426,0.26833925,0.13098207,0.54038924,-0.08639201,0.024195239,-0.5573842,0.17818905,0.36974552,0.021378119,0.5855112,-0.89960426,-0.3835017,0.70662373,0.15969753,0.17108627,-1.0988803,0.4048917,1.1847188,-0.65635544,0.9041237,0.5753358,0.38389352,-0.5675403,0.41567975,1.2825123,0.6097179,-1.1329856,0.35195845,0.44276133,-0.7790767,0.08418407,-1.0344459,0.27018437,-0.32071137,-0.2204867,-0.4060203,0.088512,-0.051475048,-0.222911,0.18907392,-0.5659822,-0.36631727,-0.20240544,0.6595013,0.36162865,0.4023544,1.071359,-0.48119885,0.79398197,0.04155628,-0.17172396,-0.1648799,-0.094722435,0.02973513,0.3489474,-0.97365,1.2602568,0.47866577,-1.084495,0.98673064,1.7370137,-0.2634748,0.8020131,1.5990193,0.17375386,-0.29225823,0.7147105,-0.063535884,-0.7261512,-0.43724772,0.1665365,0.6711391,-0.2755167,-1.2145994,-0.20785765,-0.53027695,0.133147,0.122465044,0.65855825,-0.26678476,0.22650245,-0.8999975,-0.29546532,-0.596346,0.41271445,0.22149478,0.6811517,0.6335401,0.17091398,0.52120054,0.2949041,-0.7117296,0.15545392,0.1475698,0.091420725,0.44647765,-0.14388017,0.5265549,-0.7660494,-0.3494804,0.012038428,-0.78046286,-0.18912542,0.25024056,0.1383078,0.2291742,-0.32390124,-0.5663035,-0.06327577,-0.021119846,1.5364636,0.020064741,0.5839723,-0.50054944,-0.039941944,-0.62006414,0.448652,0.016845398,1.255696,-0.43716186,0.091175154,0.0086706355,-0.51221293,-0.19882487,-0.7935733,0.4989726,-0.11942831,-1.0299602,0.53394115,-0.66376203,0.45939338,0.6824275,0.11623494,-0.5956857,-0.09156,0.032020196,0.8881914,-0.0202002,-0.4309137,-0.094892986,0.38417944,-1.1982071,0.21273525,-0.9865686,-1.2005842,0.2041467,0.26554728,-0.46874282,0.220472,0.25573778,0.1703543,-1.1033759,0.40802723,-0.61412144,0.36010197,-0.79348314,-0.44725144,-0.55438274,-0.1284624,0.23059927,0.33349553,0.29422,0.62804997,0.99473816,0.2568718,-0.42500445,-0.18087041,-1.0221571,0.13226962,-0.5640931,0.59837246,-0.27968374,-0.7855723,0.39718446,0.5277675,-0.018975392,0.30107924,-1.0904522,0.50057256,-0.08631948,-0.45595458,0.47797439,0.4116364,0.79482013,0.10606974,0.22583015,-0.56275165,-0.2529311,-0.18767929,0.25161952,0.32495603,-0.09465387,0.3567871,0.46902835,0.011389865,0.25515446,0.0008544922,0.17548251,0.5626676,-0.9521096,0.670409,0.45224974,-0.022010967,-0.13655019,0.8317056,-0.1659359,1.0602342,1.4685944,0.60898024,-0.36608636,-0.35253438,-0.2528122,-0.45825803,0.40407252,-0.07012498,0.24721518,-1.2846128,-0.25164443,0.5835771,0.014659084,-0.22097939,-0.48950422,-0.571308,-0.4911554,0.87950766,0.9451877,-0.61675787,-0.11676018,0.17515166,0.28010494,0.6115733,1.1729475,-0.6592452,0.26662642,0.08730066,-0.18195216,-0.25730565,1.344832,0.16677709,-0.64663076,0.6269556,1.0837605,1.114465,1.8470113,-0.10525834,0.009442866,-0.13131988,-0.94304883,0.36514068,0.3920674,-0.18065828,0.78192866,-0.38650584,0.3452613,0.51701266,-0.43027604,-0.11425961,-0.25516295,-0.3765849,-0.44691205,-0.06837221,-0.0063696317,-0.5219492,0.32552683,-0.083573714,0.3502302,0.22635058,0.54545265,-1.1827921,-0.3529467,0.22329436,-0.58783233,0.03200297,-1.3088433,0.28979644,-0.30050844,0.61982465,0.47242573,-0.20041378,-0.06165433,-1.1333902,0.20947072,0.36026418,0.42419785,-1.1469265,-0.6381567,0.84383464,0.26441061,0.71355045,0.116031915,-0.17261751,0.120879754,0.44362906,0.8478768,-0.39466822,-0.21932822,0.7750415,0.32204014,0.23204426,-0.817884,-0.22503033,0.29739666,0.44130895,0.57146347,-0.32075417,-0.38640112,-0.7122981,-0.5830804,-0.5230908,-1.0348395,-0.10587905,-0.17432919,-1.5923847,-0.19759461,0.14817815,0.16494265,0.6392112,-0.14172766,1.819334,-0.6078386,0.14270353,0.16396876,-0.2503863,-1.1035488,-0.6097333,0.7620623,-0.51544696,0.494363,0.77309173,-0.5394932,-1.0381968,-0.20320743,-0.95005,0.7480831,-0.3169536,-1.1146364,-0.14157225,0.945102,-0.16030028,0.24205162,1.1402043,0.17496052,0.050587427,0.086045146,-0.35701123,0.3815923,-0.6145763,0.34372535,-0.5151913,-0.13764325,0.596147,0.19526348,-0.5236391,0.13398662,-0.9626442,0.040284783,1.0141197,0.4396102,-0.27510664,-0.97225523,0.20941934,-0.18607758,-0.061848164,-0.5710807,0.095722705,0.32518458,0.014146328,-1.6224548,0.6894523,-0.157034,-0.0022779927,0.1432254,-0.44824082,0.18699306,1.6739802,0.049704805,-0.6159833,1.2102478,-0.5435952,0.98823303,-0.9360659,-0.3559032,1.2749392,0.56678987,-0.5566155,0.6026978,-0.332444,-0.30378172,0.47095945,-0.570336,0.11274055,-0.14102215,0.4989745,-0.36886802,-0.21102501,-0.8482828,-0.17566337,-0.41163862,-0.6994081,0.33143362,0.2665662,0.086346574,-0.39508453,-0.52332604,0.07468604,0.72675836,0.026143854,-0.18699858,-0.15793493,0.44926733,1.349972,0.18312739,1.0054482,-1.9284366,0.6897439,0.34793025,-0.3928666,-0.11383438,-0.13826424,-0.13884974,-0.28613943,-0.5222026,-0.78563404,0.99779814,0.34625024,0.06471639,0.8673532,-0.058156952,-0.48566747,0.46505582,-0.15488209,0.40721762,-0.18559432,-0.6469743,0.64146876,0.18322727,0.31309158,-1.0721788,-0.30051494,-0.8322609,0.38634542,-1.7178642,0.089947596,0.013359372,0.46186876,-0.013096176,-0.35227215,-1.5202527,0.12884472,-0.3178888,-0.20253302,0.4326951,-0.1271056,0.18845442,0.34849823,0.26890218,0.44605228,-0.21861202,0.28611645,-0.6488895,-0.037343636,0.023166165,0.61356634,1.4157269,0.2674674,0.30320194,0.113576934,0.47071627,1.1331425,0.20827991,-0.06797987,-0.51460284,-0.1864708,-0.111385055,-0.020861804,-1.317398,-0.6779152,1.1984539,1.107614,-0.49565905,0.34780514,0.12314235,0.23484719,0.25208998,-0.040061995,0.38976598,0.4361003,-0.16806595,-0.56044674,-0.68668914,-0.13908392,0.62410086,-1.3839853,0.5525827,0.6321165,0.6137556,-0.35637248,0.07716086,0.34401062,0.13525255,0.35844713,-1.402204,-0.32402518,0.9448945,-0.20205182,-1.0745645,-0.13850033,-0.12886256,-0.38363647,-1.4763553,-0.51928866,0.3623792,0.26857054,-0.7351847,-0.7126911,0.47140574,-0.009656049,0.61835515,-0.010028519,-0.4906086,-0.70442563,-0.7405603,-0.097414926,-0.32168904,0.41504672,-0.47829333,-1.2824262,-0.32167932,-0.565358,-0.5485252,-0.50181305,0.25684157,1.6375921,-0.51629084,-0.22562583,-1.4353321,0.05741633,-0.014573991,0.58392924,-0.399865,-0.11024906,1.0142937,0.17324498,-0.32801405,0.6506458,0.49771452,0.5725163,-0.64786756,0.013353586,0.42392677,-0.18703803,-0.45921314,-0.124001846,0.72047246,0.8249817,1.0139245,-0.40178072,0.5943175,-1.3360305,-0.39965248,0.19222769,-0.13333456,0.20925844,1.0401046,-0.59700674,1.2816205,-0.56584865,-0.21235019,-0.47582287,0.24833511,-0.13223013,-0.34941375,-0.24778973,-0.75757736,-0.4216158,-0.31257176,-0.29670823,-0.428473,0.3686192,0.6563683,-0.26713625,-0.17612667,-0.9554516,0.17380567,-0.5725096,0.1128475,1.3019592,1.0733931,0.47079524,0.8100576,-0.30714288,0.022034004,-0.9580748,0.53324443,0.01792758,0.33053374,0.89708984,-0.41899002,-0.36942023,-0.6166892,0.31661338,0.33092284,0.30888045,0.68939924,-0.78816795,-0.51600087,-13.454125,-0.11136137,0.7780921,-0.27150324,0.02663188,-0.43701527,-0.4476512,-0.18612622,0.030875355,-0.41140002,-0.29292017,-1.2504067,0.10654576,0.14122213,0.4665038,0.088282175,-0.4240142,-0.6503149,0.36443323,-0.043717634,0.6929096,1.5251862,0.014980897,-0.11759086,0.06631006,0.63032746,-0.36840856,-0.27866992,-0.91329104,-0.01518482,-0.1351834,1.1493546,-0.3077619,0.31388545,-0.09849172,-0.100883335,0.028199255,0.21061823,-0.1528875,-0.8972488,1.9880455,0.86433935,-0.99899215,-0.7883421,1.0786024,0.591263,-1.1602426,0.55616564,-0.71298033,-0.34617996,-0.36701804,-0.8287095,-0.8251153,0.49379644,-0.16402304,-0.6135042,-1.1450137,-0.20587316,0.38956553,0.6441182,-0.5137422,0.097021446,-0.35356024,-0.19947664,-0.8428025,0.0088942535,-0.24054186,0.6617685,1.1539842,-0.58138037,0.3947222,-0.82404083,0.15453507,-0.544032,1.0815227,-0.38069606,-1.2279127,0.14081699,-0.749061,0.9004307,-0.972757,0.038721204"
https://help.payactiv.com/s/article/How-to-Get-Your-Payactiv-Visa-Prepaid-Card,How to Get Your Payactiv Visa Prepaid Card,"How to Get Your Payactiv Visa Prepaid Card
Ready to start saving on Murphy USA gas, AMC tickets, and more? The Payactiv® Visa Card* is the best way to use all of Payactiv's products and services together. Set money aside automatically, pay bills, and use the card as a bank account alternative with the individual account and routing numbers. Funds in the Payactiv Card account is FDIC insured through Central Bank of Kansas City, member FDIC.

First, download the Payactiv app and create a Payactiv account. Then open the card dashboard and fill out an application! You'll need your name, phone number, a physical mailing address (not a p.o. box), and social security number. You can choose between blue, white, or pink as card color options. Because it's not a credit card, no credit approval is required, and card approval takes about 5 minutes. Please note that this is subject to ID verification.

If you are approved, you can load funds to your Payactiv account and use your digital card immediately. Your physical card will ship in 5-7 business days. Remember to sign up for paycheck Direct Deposit for the best card experience!","0.34786454,-0.40698484,0.66535217,-0.74877965,0.310588,0.09643511,-0.7069529,0.8055231,-0.11476864,-1.0298249,1.4526857,0.63492215,-0.7726396,-0.7123279,0.17825069,-0.030532092,0.19315854,0.7302675,0.43371335,0.51141715,0.15850154,-1.0058827,0.16854376,-0.8828509,1.0995593,-0.22768307,-1.1393383,0.059479248,-0.9277786,-1.1118337,-0.3609795,-0.16624801,-1.8979524,0.2668069,-0.47031593,0.112960234,0.45031464,-0.4871029,0.06344775,0.31323925,0.5229678,-0.5843128,0.38667133,-1.1611047,0.4859478,-0.3745937,-0.50698733,0.35136542,-0.5270233,0.69696164,-0.3350332,-0.10322711,0.12618127,-0.89970315,0.3511088,0.5058137,0.049181316,0.1085023,-0.32281253,0.5214646,-0.84138936,-0.36191547,-0.75824404,-0.23155162,-0.7949421,1.5518035,-0.61593777,1.6363829,-0.51362395,0.6088864,-0.23368648,0.26770335,0.7427412,0.40653732,-0.8189252,-0.87583363,0.43921787,-0.15726301,0.42189097,-0.15036127,0.6232141,0.089976475,0.21423823,0.56708324,-0.3887,-0.3983915,0.18261911,-0.5190256,-0.35743597,0.6816432,-0.060173176,-0.43953836,0.40079647,-0.5480968,0.4855166,0.9811848,-0.38650426,-0.5208942,-0.70107883,0.22477213,-0.008839488,-0.12379535,-0.14129035,0.96931374,-0.53658044,-0.76115656,0.2556871,-0.72295225,1.6957407,-0.157093,0.12387109,0.003014177,0.65074503,1.2304446,-0.6137906,-0.0064942837,-0.39551458,-0.1796351,0.098615974,-0.3103568,0.8588278,-0.14275742,0.089725316,-0.4691602,-0.09362429,-0.5822343,-0.87396157,-0.37804347,-0.35891095,0.49917835,0.0578885,0.405073,0.21338178,-0.6090102,0.010349967,0.26850635,-0.18449265,0.36893356,0.8892986,-0.5291392,0.10889447,-0.5570739,-0.15398484,0.27659512,0.7403212,0.29275548,0.15352046,0.3858006,0.88935035,0.8715384,-0.6030585,-0.4802431,-0.2518021,0.31752113,0.6624318,0.95158446,-0.092064984,-1.5589073,0.84176695,0.5735938,-0.08146976,-0.4737271,0.105201885,-0.12466413,-1.3382207,-0.3260694,0.026868075,-0.54016304,0.002639532,0.7758256,-1.0965273,-0.666515,-0.32296553,-0.8017399,0.85181165,-0.83211786,0.16573086,-0.33845717,-0.44697464,-0.17152557,-0.2044509,-0.9680842,0.8539011,-0.84701717,0.10860638,-0.20211072,0.00046683475,0.010058828,-0.47605336,-0.67381346,0.34720924,-1.0381956,-1.3380024,0.4397887,-0.31778273,0.37706244,0.79030406,-0.5553376,0.15108031,-0.03392053,-0.8647221,0.39867702,-0.09243202,1.0081557,0.42835295,-0.9017925,0.3882635,0.37020135,-0.6094769,0.2488879,0.33354872,0.9744076,0.22529548,-0.5199741,-0.49195686,0.34283233,-0.7109058,-0.48021975,0.25800264,-0.24593627,-0.42196053,-0.78089064,-1.3725635,0.05001473,-0.56155473,-1.399282,0.29562464,-1.0698515,0.6064548,1.617013,0.075322606,1.0254842,-0.11744456,0.18536271,0.047368027,0.62430453,-0.18021548,1.0056877,-0.2802867,0.12219387,-0.43122655,-0.56099534,0.70206034,-1.5760032,-0.766934,-0.6749623,-0.0017673546,0.48402628,-0.20509435,-1.1353647,0.56213206,0.9805939,0.27584934,0.8709762,0.07151435,-0.88951576,-0.11748192,0.8267818,0.17596772,-0.35315335,-0.4069509,0.8059562,0.36224923,-1.3070724,-0.42486098,-0.020236589,-0.65466684,-1.443054,0.5950891,0.8923498,-0.53344584,-0.35836658,0.51472384,-0.30147722,-0.86599356,-0.9265308,-0.47004524,-0.4219562,1.0078297,-0.26934272,0.7157768,-0.10597186,0.6805369,-0.5722516,0.21924087,-0.26059267,-0.3504228,-0.8512466,1.01304,-0.78313464,0.15355285,0.71086055,0.09212895,0.06653423,-0.5009383,0.055794865,-0.14260359,0.6948986,-1.5267467,-1.3603187,0.6813239,-0.19764723,-0.4621644,-0.17148295,0.8270066,0.04425424,0.064749986,-0.44462895,0.10217953,0.6328934,0.25275865,0.6843012,-1.3674371,1.9430104,1.0456649,0.6218128,-0.11052202,0.9576117,0.9685839,0.8977859,0.54492265,-0.9349557,0.49026266,-0.46916553,0.5103795,1.0396464,0.77420944,-0.39345944,-0.8038947,-0.50298893,0.11569369,0.36177957,-0.23783746,0.14004172,0.84423316,-0.6936054,0.6992886,-1.4629788,0.61309874,0.23495966,-0.0011456758,-0.92116106,0.8903875,0.73118746,0.36319613,0.14396507,-0.7480319,-0.27682775,1.0871071,0.019464344,0.65769,-0.5969167,0.6314113,0.8407319,0.16133568,-1.2037922,0.107575566,0.6886798,-1.0361856,0.25818315,0.51073015,0.32269582,-0.69448316,0.5588231,0.17647085,0.12666655,0.5364358,-0.15070228,-0.03522776,-0.07906458,-1.0544896,-0.32489917,-0.22892989,-0.3183084,0.36946404,-0.0026722327,-0.22430679,-0.081759274,-0.35442924,1.0341864,-1.5935304,-0.25214404,0.24988034,-0.6254835,1.3908597,-0.009313166,-0.559414,1.1336393,-0.2898858,0.9878907,-0.16478324,-1.9600044,1.5134323,-0.18037501,-1.3411639,1.0699148,0.8925104,-0.8351598,-0.22865686,0.9337776,-0.5027664,0.40351364,0.3586876,-1.0154978,-0.9996613,-0.87302434,0.17833407,-0.18242735,-0.576576,-0.87113607,-0.11399078,0.14465988,-0.12997803,-0.24696422,0.45315865,0.3363144,-0.22003981,-0.68756306,0.027414337,-0.32532904,0.68051744,0.16933797,0.416302,-0.18832375,0.3786742,-0.60602844,-0.595646,-0.6464222,0.20320016,-0.01110247,-0.06860331,1.0051291,-0.094820604,0.8419734,0.18388952,0.6245302,0.2079265,0.20604911,-0.33220565,0.74780536,0.046838865,0.31443638,0.12066278,-0.4980689,-0.7048269,-0.30092686,1.4432465,0.25045326,-0.46060815,-0.14692923,0.0070483536,-0.76060784,-1.0428077,0.6732205,0.48206753,-1.3433964,0.0018287748,-0.2803581,-1.0334015,-0.11300741,-1.4935219,0.3628986,-0.2787681,-0.7240069,0.9632093,-0.29542547,0.25771546,0.66551405,0.6390456,-0.9877535,-0.14698546,0.1699759,0.10760862,0.28384036,-0.48293385,0.91041887,0.76757866,-1.2611698,-0.7864056,-0.49204823,-1.1626658,0.69038767,0.2698761,-0.3558116,0.06848027,0.22495967,0.68097407,-0.16976947,-0.10217853,-0.43806732,0.3718207,-0.5684699,-0.7950281,0.5829052,-0.6598484,0.34988958,0.3821527,0.4078405,1.0272069,0.30959988,0.3578112,-0.35261405,0.3160798,-1.32414,-0.5723435,-0.32259464,0.9213431,-1.4771016,-0.566504,0.28236985,0.23572198,0.30327398,0.30643535,-1.0266457,0.63345546,0.020351067,-0.3467617,0.041926265,-0.41585445,0.6838796,1.53266,0.31379586,-0.43574873,0.16715151,0.7021508,0.11462573,-0.09721549,0.023454279,-0.5326615,-0.58879066,-0.5858707,0.3720095,-0.22511819,1.8948451,0.7270844,-1.0520293,0.31619784,-0.7552612,0.47224176,-0.23733756,0.5729822,-0.36372745,-0.028183538,0.6715508,-0.15743479,0.28991205,-0.11849771,-0.7836934,-0.92113715,0.04329998,-0.61116064,0.122134894,-0.5998912,-0.7260839,-0.14473227,-0.011967301,-0.044744983,-1.3408847,0.04092994,-0.3623119,0.3421908,1.0279062,-0.48340863,-0.26797113,0.3118983,-0.043910112,0.49176538,-0.2077035,-0.044079915,0.016899593,0.19914596,-0.044387978,-0.103059396,0.2695887,0.22682506,-0.24853101,1.4542307,1.1822368,-0.09960508,1.8518074,-0.6679399,0.08880091,0.5070161,-0.2595495,-0.8096007,1.3067026,-0.27667668,0.0027861632,0.14210075,0.2093127,0.5464323,-0.6416334,-0.47215524,0.19459921,-1.9581437,-0.016504064,0.7525183,0.16138312,-0.7676436,0.17037119,0.35334647,0.008169707,-0.16840585,0.7517108,-0.7855637,-0.62916654,-0.20273757,-0.82355005,-0.6179819,-1.0360359,0.6646241,0.5880348,0.5102479,0.0938484,0.43902856,0.15575626,-0.29763088,0.48510563,-0.05066012,-0.5015768,-0.62535524,0.46590465,0.12509197,-0.429994,-0.14706726,-0.7423109,-0.83895737,-0.49827042,-0.5570972,0.8648244,-0.815476,-0.5594237,0.5589239,-0.6149466,0.9135389,-0.0072391033,-0.735195,-0.5856292,0.60548615,-0.8041066,-0.65623033,-0.24066156,-1.2843525,0.34032956,-1.1112696,0.31051177,0.58706063,-0.17672978,-0.36316276,-0.17351395,0.61947066,-0.95195204,0.19619983,-1.4943366,1.0608543,-0.38938087,-0.23470357,0.8358528,-0.6556238,-0.73147684,-0.57188195,0.9414485,-1.121913,0.22864717,0.24053954,-0.3753605,-1.1059035,-0.20129506,-0.3560249,1.1394743,0.21276633,-0.4634511,-0.2444802,0.5954771,-0.62470955,0.21561356,0.705089,-0.5917672,0.09910068,0.040454898,-0.6624777,0.24629965,0.21788022,0.36738682,-0.5310435,0.6109321,0.39657807,-0.7943717,-1.2725964,0.4426403,-1.2776322,-0.5211383,0.77020544,0.21182397,-0.5225224,0.19776647,0.76548094,0.53842986,-0.08518917,-0.16671184,0.34297904,1.0151079,-0.22081137,-1.4974983,1.1582179,-0.76563966,-0.9009448,-0.26424152,-0.30300426,0.033646405,0.82128894,0.02174192,-1.071413,0.234734,-0.2928087,0.8890939,-0.5405728,-0.46366203,-0.10188751,0.68987286,-1.386009,0.46140015,0.004567422,-0.17936501,0.7545802,0.016542852,0.49560785,-0.03506925,-0.094697386,0.5514819,-0.24448355,-0.5430007,-0.9988153,-1.2195264,0.16902235,0.7451337,0.3287776,-0.07385582,-0.026677623,0.4181432,1.1654769,0.6715727,-0.04692854,-0.7235401,-0.47158206,0.16923994,0.8685701,0.056829244,0.4147974,-2.1274877,1.7592341,-0.42853844,-0.45699415,-0.4298969,-0.41736263,-0.14884876,0.21132933,0.044312373,-0.30237594,1.4534633,0.0634731,0.07118022,0.3034473,-0.30471307,0.6599175,0.20475869,-0.44923958,0.11693607,-0.41581696,-0.2945025,0.10840564,-0.23597717,0.4971508,-0.5152075,-0.20485455,-0.28010163,0.8786966,-1.7784406,0.8729709,0.04118791,0.72944874,-0.24201632,-0.67512095,-0.6494419,0.4536142,-0.4295788,0.83535415,1.6211694,0.011544138,0.5297472,0.42167762,0.84060526,0.29890597,-0.561839,0.2713937,-0.14623085,-0.8532402,-0.29625666,1.704836,0.9388684,0.21151094,-0.06449038,0.77229106,0.06490764,-0.14970957,0.7699805,-0.40702122,-0.39642587,0.38297924,-0.54023755,0.041113377,-0.679047,-0.54839385,0.34762844,-0.011007316,0.042662576,-0.49394608,-0.17040575,0.1262731,0.23940867,1.2624472,-0.31422895,-0.2926908,0.21119393,0.9151684,-0.5684577,0.29383916,0.03583238,-1.3321865,0.8224881,0.7436587,0.6425032,0.2788571,-0.049676,0.18058372,0.404962,0.23487648,-0.5853943,-0.17646581,0.31005108,0.030620392,-0.57425904,-0.38315785,0.7077943,-0.6231862,-0.66739345,0.4303482,1.3880874,-0.014770389,-0.4330169,-0.32141024,0.04594452,-0.40210855,2.0402713,-0.044822462,-0.24624097,-0.6466663,-1.1493722,-0.44862613,-0.5128733,0.22406003,-0.7099449,-0.75254977,0.18787807,0.5961959,-1.6522678,-1.3769989,0.7085184,0.65817237,-0.45237893,-0.5338144,-1.234606,0.047184125,0.059188083,0.9589648,-0.29717135,0.35427272,0.4652096,-1.1309075,-0.08323243,-0.0932827,1.0436038,0.8421568,-1.1943829,-1.1426622,0.9285967,0.061464578,-0.9582435,0.6119704,-0.1952551,1.0628763,0.27723286,-0.5042596,0.6232277,-0.97477436,-0.77860236,0.15068202,0.258117,-0.6885371,0.45666814,-0.44202733,1.0658302,0.0726759,0.09123063,0.073943466,0.01471857,-0.51676816,0.19162919,-0.92389345,-1.2881823,0.4846766,-0.40625593,-0.45324022,0.1837499,0.938289,0.53797644,-0.27560496,0.2849285,-0.04893683,0.22370751,-0.8149067,-0.18968028,1.3557273,1.2540495,1.3755827,-0.26574475,-0.11613247,0.0386094,-0.41333866,0.20577967,0.59620345,-0.75954,1.663574,0.24529007,0.6939885,-0.97092956,1.0025542,0.31643927,1.4681389,-0.94278395,-0.14566661,-1.1226845,-11.616931,0.05761218,1.0161732,-0.4042166,-0.4647716,0.16819125,0.040288992,-0.6494475,-0.5210143,-0.2855521,-0.01870349,-0.43988276,0.3782488,-0.20366472,0.82971084,-0.7474014,-0.5454789,-0.28813168,-0.030574024,-0.39373016,0.38755524,0.44929308,-0.26781327,-0.5209663,0.34414065,-0.3279937,-0.23879181,0.51376855,0.033415128,-1.2933717,-0.07741892,1.0027531,-1.4374785,0.21315944,0.21549137,0.15012863,-0.80304104,-0.82109505,0.23491828,-0.24002457,0.010933518,-0.3723551,-0.2655955,-0.1272641,0.9768729,0.19534391,-1.9925764,-0.5311037,-0.06443308,0.007984966,-0.070174366,0.120863855,-0.21927366,-0.4349068,-1.2645848,0.5269275,0.24815401,-1.0007234,0.099449635,1.1666522,-1.3644465,-0.20521478,0.19185625,-0.40873796,-0.45654586,-0.34044206,0.37072563,0.3336265,1.1017666,0.3317154,0.80480695,-0.42348877,-0.6020327,0.29237175,1.1447256,-0.2703931,-0.82494354,1.3203664,0.20027113,0.3813127,-0.3957132,0.48249996"
https://help.payactiv.com/s/article/Payactiv-Card-Is-Lost-Stolen-Or-Seeing-Suspicious-Charges,"Payactiv Card Is Lost, Stolen, Or Seeing Suspicious Charges? We've Got Your Back","Payactiv Card Is Lost, Stolen, Or Seeing Suspicious Charges? We've Got Your Back
Payactiv® Visa Card*s are protected by the Visa Zero Liability Policy to protect you from unauthorized charges made with your account when your card is lost, stolen, or fraudulently used. We know it can be stressful, but we're here to help.
If you suspect unauthorized use, disable in the card dashboard of your Payactiv app so that it cannot continue to be used. 
Call Customer Success at 1-877-747-5862 so we can block your card if needed, transfer funds, start the investigation process, and send you a brand new card.
Please note: You must notify us immediately at 1-877-747-5862 of any unauthorized use. Requests over the weekend will be processed the next business day, and funds will be deposited by 6 pm EST.","0.6153606,-0.28873155,0.012040809,-0.37570497,0.4561299,0.2886122,-0.8666022,0.5373536,-0.73720616,-0.7970553,1.8166007,0.6499653,-0.6332465,-0.7389784,-0.5006033,0.167204,-1.2042488,0.041893154,0.05907128,-0.0755762,-0.09539738,-0.5305753,0.068824105,-1.4634757,1.3187246,-0.33902842,-2.3204527,0.20364086,-0.63860464,-0.83235633,0.3524119,0.21154872,-1.6465076,0.08332105,-0.9407892,0.044321988,-1.2624646,-0.1582765,-0.4953234,-0.22076762,0.13458589,-0.51753414,1.2867695,-0.45165277,0.687724,-0.2953709,-0.86347145,-0.2940253,-0.25275716,0.54368097,-0.87680686,-1.0998816,-0.66427505,-0.9588158,0.1242314,-1.1953458,-0.054802198,0.14518681,-0.013351919,0.23179322,-0.17110729,-0.65976167,-1.1092864,-0.2720057,-0.2843971,1.1149361,-1.3117363,1.581565,0.19657922,0.090599746,-0.3807247,0.008708298,0.08400087,-0.29794982,0.4810515,-0.6108415,0.9402675,-0.5636284,0.16836587,-0.5255953,0.5435114,0.07835595,-0.026570696,1.0605966,-0.6197598,-0.061909795,0.43618396,-0.38307798,-0.5494201,-0.1893485,0.526483,-0.12954451,0.4642969,-0.85922885,0.6505672,0.009269854,-0.35085428,-0.5937935,-0.94928616,0.994763,0.7565552,-0.47572345,0.4517488,0.74045503,-0.9074861,-0.64815426,0.0923399,-0.69990236,0.9028115,-0.42053735,0.7579563,-0.7542419,0.2201719,0.6243392,-0.51237464,0.2593091,-0.7998925,-0.4369011,-0.08862296,-0.36733836,1.0500082,0.76572114,0.21177053,-0.07374159,0.42030916,-0.40905273,-1.297562,-0.22163028,0.48477867,-0.4496312,0.8653032,-0.45933843,0.86773384,0.3889764,0.6916417,0.5973985,0.07859771,-0.025220457,0.8526678,-0.29574826,-0.03931372,-0.18328172,-0.0065079555,-0.16594619,0.63168913,-0.07109237,-0.41257858,0.3633925,0.41898417,-0.027543325,-0.060189508,-0.6422142,0.20997286,0.4326535,1.4491787,0.9408447,-0.9406047,-1.654368,0.1283178,0.50398636,0.07966632,-0.31628674,-0.46169108,0.6810943,-0.9907473,-0.9800366,-0.22986001,0.23654506,0.03789127,0.9177305,-0.24076873,0.19265941,-1.240637,-1.6794621,0.34335583,-0.5166274,0.40315557,0.43419242,-1.078503,-0.21604049,-0.62543267,-1.4159442,2.112859,-1.1427889,-0.5180416,-0.40637282,0.21006553,0.20314065,-0.55384386,-0.31050038,1.0068431,-1.1954354,-1.2310132,0.53590316,-0.079809576,-0.15430807,0.11649752,-0.13195474,0.29994923,0.0495559,-0.69000965,-0.43800405,-0.10303944,-0.1994916,0.013925172,-0.7181541,-0.101431906,0.31276795,-0.39402795,0.37181953,-0.7211504,0.3447976,0.31990626,0.2610293,0.81354016,1.0259565,-0.30197313,-0.9492408,-0.22584519,0.042539686,0.36407298,-0.3584503,-1.1855305,-1.29971,-1.0169234,-1.1803613,0.42331326,0.07777701,0.8421214,0.5191047,-0.19103403,0.5570431,-0.49798694,0.16657229,-0.029195972,0.5773158,-0.10117662,0.2920574,-0.8483073,0.5751007,0.48175603,0.34978402,0.1504012,-1.0291175,-0.38806045,-0.11988959,-0.44378775,0.45659807,-0.043192916,-0.56486845,0.48480928,0.47030365,0.26462352,1.5163422,0.4991199,-0.5600801,-0.3641894,0.7497011,0.45753604,-1.2923543,-0.11159113,1.0742513,0.62662125,-1.7287946,0.059951328,0.24766716,-1.3877954,-1.2774202,1.3655769,0.93798417,0.17407358,-0.94416654,-1.0831094,0.23737743,-1.951478,-1.0906686,0.19324361,-0.7177368,1.0368198,0.004380621,1.2038286,0.5692635,0.16747819,-0.5715077,0.84252506,-1.1300298,-1.1878543,0.016762927,0.04299915,-0.90361536,-0.12639967,0.8670042,0.46085334,1.0805268,-1.240589,1.2719479,0.45914656,0.40646037,-1.0511147,-1.7175132,-0.07669657,0.22608188,-0.62804174,-0.57526773,1.1842132,-0.52931345,-0.3092827,-0.2651482,-0.5830815,0.99278927,0.30695942,0.6287179,-0.954773,0.67364097,0.27807033,0.14688541,0.9785651,-0.28918236,1.1247035,-0.10835244,1.6166512,-0.81197995,-0.08532428,-0.18361679,0.26605698,0.6125879,0.32438922,-0.42296875,-0.82613254,-0.07258867,-0.1304942,-0.29086322,-0.5636606,-0.39475834,0.42461258,0.3796747,-0.08127437,-0.35051468,0.8634449,-0.53466713,0.751258,-0.23333386,-0.29073057,1.0539584,-0.5090645,0.41160822,-0.4463467,-0.42960775,0.59714025,0.13720116,0.84417224,-0.949549,0.29234195,0.8876645,0.28156513,-0.82490265,0.23751974,0.6346929,-1.1424092,0.58216316,0.08567502,0.47020063,0.09018603,0.8538424,0.47155383,-0.3630111,0.60152197,0.062593125,0.459907,-0.04736209,-0.7560016,-0.13694164,0.21569456,0.7230675,0.82549244,-0.5234258,-0.2769316,-0.5237604,-0.43575108,0.7237122,-0.77507925,-0.49741277,0.6898769,-0.6616286,0.7247589,0.061592992,0.702144,1.0358255,-0.6576587,1.0968646,-0.7946789,-2.2254083,0.4901005,-0.40846217,-0.7907891,0.67478436,1.78016,-1.4239403,-0.18985458,0.28155792,0.41624397,0.8296015,-0.15100789,-1.1027108,-1.7067509,-0.47393984,1.2369062,1.0836464,-0.5082318,-1.1168951,-0.24427365,0.29272753,-0.2776345,-0.12506294,-0.05421637,0.03381501,0.5898015,-0.81405723,-0.2580641,-0.30232304,0.089956254,0.13569768,0.5665573,-0.981238,0.60890776,-0.45328704,-0.59450155,0.20603056,1.147359,0.11808779,-0.41521645,0.6462254,-0.597873,0.017569466,-0.9092788,0.8423319,0.31363285,-0.7458766,-0.92154986,0.19734398,0.095281936,-0.7388141,0.4886375,-0.29152837,0.0851009,-0.64957476,2.0841181,0.42524835,-1.0122772,-0.048559044,-0.15951017,-0.7371273,-0.91867733,0.5440283,1.2241954,-0.96156985,0.4820148,0.19899368,-1.2413921,-0.5677939,-1.9118047,-0.52970415,-0.26923308,-0.97369516,0.61510783,-0.07087974,-0.3567739,0.62131834,0.3301727,-0.5065692,-0.26565245,-0.11800425,-0.26999056,0.46382415,-0.6645565,-0.04357742,0.6701258,-0.9874556,-0.44746268,-0.47121945,-0.6943315,0.33944532,-0.34776688,-0.6726011,-0.1409081,0.04310871,0.7514813,-0.0010948889,0.89585805,-0.3499077,0.532459,-0.56835544,-0.1715747,-0.38681307,0.49412546,0.7827831,0.3615228,-0.22511688,0.66876495,0.31157792,-0.4921876,-1.2171079,0.56989646,-0.68908006,-0.6840116,-0.8194441,-0.45176518,-0.57817227,-1.5353508,0.39566064,0.45963484,-0.31340945,0.08809945,-0.26579052,0.63246095,-0.06158772,-0.95618993,0.26057234,1.0724858,0.5460777,1.2816111,0.75165987,-0.2749652,-0.12862197,0.21532848,0.74242204,-0.2679813,-0.3259247,-0.71932065,0.716324,0.3020524,1.0379761,-0.28815028,2.1265454,0.69607854,-0.48468745,0.5954081,-0.45606115,0.35097873,-0.99048334,-0.3393431,-1.1858133,0.5557253,0.14606765,0.51111525,-0.4116829,0.086327866,-0.46931255,-0.74027765,-0.04258632,-1.1585009,0.2730568,-1.0741622,-0.44140884,0.6873032,0.47793028,-0.01365383,-1.5772132,0.4177376,0.11689757,0.5951363,0.99367046,-0.27217695,0.09550497,0.164339,-0.008667115,-0.31733745,-1.0888869,-0.9364391,0.024266198,-0.17625323,0.33651233,0.6070242,1.0730543,-0.035597064,-0.46704268,1.2470003,0.6737366,-0.5193038,1.588048,0.40241435,-0.24984765,0.020906597,-0.017589048,-0.0009381175,1.3618323,-0.7122249,0.07081424,-0.72393477,0.6196976,0.51202166,-0.30449313,-0.4095188,0.75529635,-0.55302083,-0.22084776,0.79562795,0.39212996,-0.3833723,1.018472,0.7816793,-0.42871276,0.24634795,0.31843302,-0.3124116,0.29357457,-0.3075505,-0.074170575,-0.3740813,-0.24160194,-0.10697533,0.22034518,-0.009196553,0.48811367,0.28951466,1.1302938,-1.0394564,0.6734309,-0.04048328,0.03091368,-0.16546872,-0.34430373,0.38479793,0.90425926,0.006978646,-1.179372,-1.0016451,-0.09891735,-0.42859477,0.81566876,-0.2823258,-0.08832743,0.7274212,-0.23100886,0.10725874,0.07045852,-0.58117115,-0.4892225,1.0503953,0.011213027,-0.8441873,-0.69447535,-0.37622994,0.34009627,-1.0826262,0.0021047704,0.9328514,-0.44278708,-0.39734638,-0.4099427,0.9497361,0.49908918,-0.34374276,-0.7859116,0.7640519,-0.38766292,-0.5403175,1.3415253,-0.25415105,-0.6780932,-0.7312187,0.5574393,-1.4451176,5.9321523e-05,0.4882268,-0.07801588,-0.4498142,0.47230154,-1.1589307,0.47907674,0.56999415,-1.2169576,0.29246497,-0.15993169,0.011814807,-0.4808471,-0.30071718,-0.5991467,0.11696933,-0.16615966,-0.22772488,-0.45676357,0.3013302,0.8263777,0.5030157,0.26542747,-0.1043728,-0.5533707,-0.8449729,0.23291738,-1.1954706,-0.7013687,0.54562426,0.62456656,0.3931188,-1.312118,0.29124197,-0.08226767,-0.48765308,0.053100757,-0.28442606,-0.20171136,-0.0842292,-2.088634,0.76675117,0.32373708,-1.7468375,-0.72224355,0.07033149,-0.06260369,-0.067926124,-0.112398095,-1.5232346,0.5312524,-0.019983396,1.6448816,0.16962723,-0.8019381,0.7641022,-0.52231306,0.16131756,0.6251557,-0.03271231,0.2950565,0.9039803,-0.17546114,0.051372997,-0.12455968,-0.36369333,0.56477135,0.42985457,-0.5248679,-0.30305,-1.612933,-1.0731055,-0.010454133,-0.06577658,0.11237375,-0.41428912,0.18089741,1.0344301,0.45272404,0.1911323,-0.121692136,0.14097668,0.23302802,1.4573942,-0.008871749,-0.22590664,-2.6660495,1.3071712,-0.20601152,-0.5876794,0.34719658,0.035153024,-0.10171926,-0.56593686,-0.077096455,0.1771884,0.37837955,0.050740514,-0.48160887,0.83161646,-0.09653441,0.7873728,-0.17823851,0.5566801,0.4921555,-0.7383065,-0.7836054,0.42945856,-0.052702837,-0.50308144,-0.51964444,-0.5370276,-0.6738281,0.2255077,-1.1252133,0.62085754,-0.1395254,-0.39431995,-0.4128239,0.043055087,-0.22220282,0.5947364,0.72421354,0.6947318,1.3666933,-0.15437137,0.5470674,0.8478044,0.5417832,0.7381758,0.17478377,-0.81326973,0.28306448,-1.0842961,-0.14333197,0.84829026,1.1258098,-1.1636568,0.15091662,0.225733,0.25737512,0.47898108,1.2563704,0.12342751,-0.5746966,0.3380031,-0.24319276,-0.24349242,0.11367221,-0.13061503,0.02250135,-0.014123984,-0.49505317,0.33928406,-0.5137753,0.32754284,-1.047819,1.5022902,-0.6361388,-0.554455,-0.11701253,0.42421627,-0.63217646,-0.52841085,0.9128432,-1.3395594,0.26410377,0.4987531,1.067833,-0.14794889,0.14246237,0.07896763,0.92478263,0.6427696,0.39564162,-0.34130773,0.6916962,0.23013863,0.22673416,0.024333179,-0.33085454,-0.77057856,-0.087744705,0.4677156,0.82271826,1.1219355,0.025322288,-0.50839454,-0.048726827,-0.25403786,2.0475936,0.60601634,0.17174357,-0.26197374,-0.96162087,-0.5863774,0.45363367,0.76222616,-0.3661057,-0.15623192,0.5160814,0.40076172,-1.3552043,-1.0692178,0.4898474,0.04507848,-1.050083,-0.06644094,-0.8770287,0.9497757,0.5717639,0.37202963,-0.38211742,-0.30689502,0.37111843,-0.2694741,-0.7297501,0.48460895,1.0011857,1.2045451,-1.2348161,-0.4389515,0.6252032,0.51490706,-0.58120155,-0.074341446,0.10524083,1.0990121,-0.4106751,-0.50745785,-0.71161574,-0.6070339,-0.15930913,-0.00648647,-0.054083884,-0.23450859,1.1014913,-0.62393916,1.2223834,0.43843895,0.55181646,0.22727086,-0.59875214,-0.090472564,0.68710923,0.09354145,-1.0420215,-0.66519713,-0.37081662,-0.39894134,-1.2228518,0.15308085,0.47360694,0.6073657,0.4336626,-0.08997913,-0.075474925,0.07030219,-0.3582767,1.0200679,1.9612116,0.51316965,0.23548754,-0.78009784,-1.2954215,1.0668055,0.97021365,0.49364954,0.021618627,0.96835375,0.5738576,0.20874034,-0.8925608,0.59756404,0.57125056,0.4468079,-0.9522766,0.13027668,-0.6502812,-10.671517,0.8424633,0.6675575,-0.24243997,-0.25620946,0.25932777,-0.11143357,-0.47124463,-0.054925915,0.22658424,0.5861516,-0.5629281,0.02264174,-0.738327,0.72937286,0.41575736,-0.49143517,-1.1216681,-0.0652463,-0.3219716,0.98819935,1.1659279,0.25021964,-0.49515504,-0.06699962,0.19807173,-0.60662925,0.6788436,0.1548191,-0.06164016,-0.8997016,0.31094772,-1.2973455,0.29045138,0.46390238,-0.40816757,-0.3250178,-0.3203642,-0.09329949,-1.0250571,0.33811778,0.111241035,-0.967408,-0.96022624,0.26361015,0.3753514,-1.1415699,-0.7249026,0.2668653,-0.40087825,0.7786107,0.17666523,0.6442246,-0.1391631,0.01944516,0.17637171,-0.5181074,-0.8042441,-0.2789301,1.0316777,-0.82914335,-0.18171127,0.24055277,-0.5344759,-0.4822205,-0.5999939,-0.028461814,0.3751753,2.9927242,-0.58440906,0.541399,-0.26426494,0.47192857,-0.16412511,0.9728392,-0.09591058,-1.3376255,0.6949899,-0.3163038,0.014923461,0.09356551,-0.37720644"
https://help.payactiv.com/s/article/How-to-Deposit-a-Check-on-Your-Payactiv-Visa-Card,How to Deposit a Check on Your Payactiv Visa Card,"How to Deposit a Check on Your Payactiv Visa Card
You can use Ingo Money** to deposit paper checks on your Payactiv account. Install the Ingo Money App, create an account, and link the Payactiv® Visa Card*. To deposit a check, simply snap a photo of the check, and you will be good to go. All checks subject to review for approval. Fees may apply.","1.0604397,-0.7441849,0.5798109,0.086399496,-0.18838136,0.0832531,-0.93846333,0.6398562,-0.04380306,-1.0847203,0.5147544,0.6906032,-0.5371018,-0.7589334,0.83665407,0.5870963,-0.3119564,1.1161897,0.8963732,0.7077299,0.12608562,-0.9168294,-0.08760348,-0.41639525,1.4120793,-0.6715836,-0.93852395,0.5538461,-0.85846424,-0.9274254,0.3306238,-0.34967372,-0.5003561,0.22344296,-0.87156415,0.10082902,0.8527981,-1.0228783,-0.30300716,-0.7884106,0.31732085,-0.1264171,0.84434474,-0.4786226,0.72542834,-0.42911512,-0.714918,0.080692574,-0.68522155,0.28611246,-1.0093812,-0.23885298,-0.17915656,-0.19946615,0.30321923,-0.44788462,0.0021662696,-0.3592223,-0.3375803,0.14697428,0.04781446,-0.20596737,-0.8758846,-0.07611494,-0.7790276,1.9687914,-1.5416929,1.7470275,-0.40605438,0.3060441,0.15110844,0.48497188,0.37562716,0.7533415,-0.52837276,-0.590493,0.9522378,-0.17570652,0.7353132,0.16905022,0.61535525,-0.06535594,0.049868196,-0.13497692,0.29219383,-0.55421764,0.13749121,-0.5025298,-0.68065625,0.44185162,0.47396427,-0.8731548,0.3497169,-0.8974389,-0.23214617,2.3876345,-0.6200076,-0.23032862,-0.047576167,0.39328116,-0.48546943,-1.6265131,-0.9535741,0.864878,-0.9205377,-0.5302744,1.1674681,0.52367735,0.45609537,0.740603,0.6047039,-0.045798957,0.08013561,0.84934795,-0.7508127,0.092727974,0.0748254,-0.26401645,0.1115168,-0.17840418,-0.22990239,-0.26761097,-0.04939334,-1.3367953,0.3496007,-0.8194812,-0.7912437,-0.195414,0.61346954,0.08406436,0.016319968,0.30202454,0.72998685,0.11434692,0.7021438,0.20010757,-0.8175007,-0.038535386,0.7283788,0.15238927,0.5412209,-0.020006165,-0.07310406,-0.6951317,0.5507787,0.051257998,0.66346514,0.18059418,0.32029444,0.5329622,-0.210215,-0.13297096,-0.20420764,0.1595548,0.51396364,1.692859,0.096348464,-1.3696436,0.91260767,-0.47516155,0.19015104,-0.45214123,0.3681122,-0.3330928,-0.7259404,-0.15784083,-0.49059814,-0.20276102,0.7784009,0.59599894,-1.5741451,-0.6663832,-0.4945459,-0.9968847,0.772974,0.86738384,0.30867016,-1.0097926,-0.46273845,-0.30891395,0.4066661,-1.0589663,0.5060872,-0.98469436,0.0018786862,-0.6044414,-0.3519716,-0.9781031,-0.22619244,-0.3497544,0.4112073,-1.0774491,-1.9399005,-0.05861599,-0.9540406,0.19831584,1.1459631,0.1384226,-0.603715,0.91892445,-0.07526973,-0.02428259,0.3908613,1.2709332,-0.26316893,-0.05304704,-0.16280207,-0.47541332,-0.46075413,-0.114201665,0.30563396,1.9516063,0.19267002,0.3495291,0.12477537,0.7251421,-0.72689325,-0.47115654,0.4785236,0.13168946,-0.6788546,-0.90422964,-1.2569587,-0.06491211,-0.005811289,-0.7089661,0.021165714,0.2009923,0.9458081,1.2449,1.0224057,0.60326105,-0.78924483,0.5625348,-0.085472934,0.5642265,0.3699639,0.5452047,0.24304944,0.7802138,0.17910276,-0.8322855,1.0511047,-1.2086055,-1.2221048,0.050620526,0.21035841,0.8850299,0.26964602,-1.4178337,0.2776961,0.62300384,-0.05856558,0.079198934,0.4345329,-0.6830604,0.20422293,-0.23605475,0.57309103,0.18278128,0.06258887,0.45941472,0.19213137,-0.48236048,-0.76658046,0.12167707,-0.2993412,-1.1697214,1.0115845,0.67062825,-0.7010959,-1.1918007,-0.059541166,-0.5315777,-0.5927258,-1.2945942,0.4129594,-0.2745632,1.0206227,-0.8984803,-0.2329797,0.34224203,0.045171276,0.25215542,-0.2830979,0.4472228,0.08109762,-1.7113997,0.36050975,0.3344798,0.9774349,0.023874674,-0.02308029,0.31070015,-0.90253717,0.89690405,0.8013279,0.97544134,-0.6212786,-0.9975715,0.6785214,0.0010016859,-0.36415747,-0.82075995,1.1497271,-0.0072389394,0.62221956,-0.32988608,-0.84481597,0.54080105,0.4461168,0.7639195,-0.14069161,1.3118008,0.24578847,0.52968013,-0.34230328,0.7300688,-0.16530822,0.4759212,-0.25601375,-1.0690866,-0.020354293,-0.781487,0.40270093,0.78536654,0.05631368,0.24679641,0.119451344,-0.092912756,-0.2554575,-0.11424181,-0.1884901,0.86920553,0.57745,-1.4334513,0.8587272,0.08161923,0.9809665,-0.37322316,0.06885564,-0.6725851,0.6468739,0.44375452,-0.094047286,0.05994627,-1.0650045,-0.9139408,0.43684134,-0.15534538,0.24344274,-0.44113266,0.900705,-0.07836072,-0.27158248,-0.47318885,-0.4757252,0.9929118,-1.2568923,-0.05203173,-0.17399004,0.5085171,-0.3181066,0.683756,1.2027111,-0.31003785,0.63660973,0.21986195,0.35511398,0.33532387,-0.9195579,-0.24843583,0.40244687,-0.539729,-0.12509209,-0.34323767,-0.618314,-0.5707078,-0.43118736,0.21464132,-1.2445157,0.28463942,-0.15865356,-0.45901853,0.9520443,0.64053756,0.2673788,0.39542973,0.12747236,1.512149,-0.38031593,-1.3723469,1.4038415,-0.8828656,-0.5235606,1.0330225,-0.20784564,0.24264209,0.18781675,0.6734476,-0.22142708,-0.16486977,0.25453624,-1.6509149,-2.260631,-0.90984166,0.13162471,0.7355241,-0.123140335,-0.9774287,-0.15257595,0.32016248,0.27919608,-0.08045419,0.09113206,-0.6966399,0.108664475,-0.2936333,-0.5806926,-0.30921662,0.27589145,-0.51216424,0.7956453,-0.5206337,0.69309014,-0.041386142,0.6066984,-0.7980499,0.46494475,-0.86475277,-0.032727063,1.4423823,-0.2121658,-0.11728456,-0.45010686,0.8549042,-0.035178386,-0.10922555,-0.040867098,0.012481645,1.0379403,0.4929381,0.7436298,-0.14357331,-1.4129102,0.49264655,0.7558813,1.2982254,-0.6185645,-0.19391471,-0.07718768,-0.3921706,-1.040872,0.35260385,0.49529713,-0.87174976,0.06806446,0.08981102,-0.8686313,-0.65360564,-0.9743974,0.5147892,-0.41529292,-1.379392,-0.1627607,-1.1864301,0.22621028,1.3143071,0.8246307,-0.09082391,-0.13113469,0.3117957,-0.35346043,0.8279354,-0.44867963,0.69523394,0.64535236,-1.3554492,-0.53172237,-1.1087329,-0.7619658,0.07607417,0.36963755,-0.9118829,0.62629205,-0.123815626,0.59540796,-0.5443257,-0.15248843,-0.7033034,0.045934543,-1.1449637,0.27345866,0.42793098,-0.18081965,0.81343865,0.46089906,0.15754852,0.9958243,0.6822726,0.38239032,0.0474113,-0.01891267,-0.45634264,-0.8866494,-0.4757958,0.56184894,-1.2618315,-0.90197766,-0.52527285,-0.5912961,-0.16727191,0.9172499,-0.9203964,0.64015687,-0.4403082,-1.0581509,1.0899597,0.2590337,0.69124913,0.75996876,0.094165534,-1.344361,0.5504439,0.27630943,0.51414967,-0.007988121,-0.17194684,-0.7369502,0.26943567,0.46411923,0.28151,0.004338689,0.61948764,0.31265834,-0.86503255,0.4966061,0.013412461,-0.41427034,-0.3832877,0.6371365,0.07518095,0.38967693,0.87820953,-1.3470695,-0.115400955,0.2777648,-0.045483977,-0.8760886,0.009492509,-0.70120543,-0.6370311,-0.8373745,-0.3098052,0.17089114,0.22088543,-0.49197784,-0.5966508,-0.44774842,0.46870375,-0.34645188,0.16452134,-0.16378757,-0.32839477,-0.0153937135,-0.21130933,-0.2979048,-0.38811642,-0.7275324,-0.5959069,0.39136153,-0.59601563,0.11231828,0.97602177,0.28831807,-1.2078815,0.24918869,1.216199,0.27851522,0.9773494,-1.117207,-0.2420435,0.36726093,-0.9127622,0.9748123,0.5166081,-0.8131321,0.23794082,-0.47831738,-0.4097045,0.18221307,-0.7382007,-0.62613046,0.082469985,-0.8484116,-0.35697404,0.946089,-0.495095,-0.3492149,0.48506606,0.73704946,0.034794137,0.3824987,1.477741,-0.33952314,-0.79526013,-0.18997025,-0.5065838,0.070399374,-0.5577731,1.1073966,-0.10023929,0.73992336,-0.44637343,0.30856156,0.20310153,-0.09541849,0.58674693,-0.06342253,-0.6732252,-0.24305971,-0.008814953,-0.47201973,-0.4287116,-0.12247099,-0.77110493,-0.81248236,0.31423962,-0.38679838,1.4087012,-0.016901895,0.39753217,0.23905483,0.16074695,0.488415,-0.2937806,0.11420832,-0.2817222,0.69824266,0.18183163,-0.20998485,-0.2507617,-1.0584717,-0.15584749,-0.58940244,-0.016219027,0.6252809,-0.43885654,-0.20016243,-0.7690958,0.42373276,0.13938875,0.27634704,-0.5442932,0.5877634,0.14096,-0.78329635,0.49728435,-0.015698694,-1.2211095,-0.137021,0.9146976,-0.6899402,0.6133183,-0.27048206,0.6993048,-1.2473104,0.64179724,-0.79569733,0.67024267,0.2134492,-0.6581912,-0.41554683,0.10591474,-0.23323396,1.6482269,0.95411193,-1.0962983,-0.0067426227,0.28838092,-0.7962797,0.7397922,0.000101305544,0.8065149,-0.9305266,0.47824693,0.4188174,-0.047073632,-1.3367567,0.6182936,-0.17012107,-0.32782453,-0.48274696,-0.8140158,0.3274101,-0.4152754,0.44916368,0.3861433,-1.2160095,-0.2662772,0.81145436,0.37310606,0.29292357,-1.0433195,1.6019279,0.33349267,-1.1543487,-0.56399065,-0.37304026,-0.4395637,0.58875227,0.1675251,0.24796815,-0.06887768,-0.49295497,0.5333675,-0.15215252,-0.9641788,0.007999688,0.30329955,-1.757515,0.108531,0.4466093,-0.38112274,0.63424176,-0.022695117,0.6062451,0.028553162,0.197389,-0.051090907,-0.44704416,-0.5813234,-0.6698208,-0.30440843,0.017299242,-0.017613634,0.5420641,0.35750932,0.16443521,-0.26271316,0.69729346,-0.1192869,0.41516083,0.072548494,0.10381315,0.38492742,1.1765367,0.36633942,0.94409496,-1.5970985,0.836285,-0.17517464,-0.3745284,-0.08142054,0.02831753,-0.4247096,0.035868347,0.03995192,-0.5649926,0.7647005,-0.38908347,-1.0403957,0.73369014,0.04302615,0.41404277,0.4548366,-0.60714287,-0.52594215,0.3335694,0.038991854,0.36503276,-0.9562917,-0.41583794,0.18780203,-0.33656612,0.21353492,1.3987765,-1.8290802,0.71615744,0.5503183,0.12910792,-0.42184383,-0.8853173,-0.8153352,0.6731125,-0.32331935,0.89558446,1.5753636,0.23138136,1.1668915,0.76235324,0.345157,0.4872098,-0.14816529,0.3116717,0.4467781,-0.5610639,-0.28854626,1.3683996,0.9269748,-0.60561067,0.71226174,0.873289,-0.22277756,0.26202697,0.877924,-0.3502277,0.06908323,-0.9556589,-0.89498895,0.325413,-1.3536038,-0.78080773,0.278532,0.57029605,-0.69027495,-0.459634,0.6833072,-0.067617975,0.35509756,0.6371075,-0.3531676,0.2425043,-0.38175458,1.1547253,-0.14319915,0.0010045171,-0.6013163,-1.7402229,0.68278027,1.0823472,0.04746499,-0.14863203,-0.9532158,-0.25413042,-0.17267278,0.35319164,-0.9198979,0.15511408,1.1553651,0.58912706,-0.52605766,-0.27459097,0.033999562,0.26279297,-1.1819918,0.1213509,0.80452967,0.18891771,-0.6245655,-0.897175,-0.58845913,-0.57788724,1.5650303,0.39189655,-0.25401837,-0.06352013,-0.3108654,0.1204009,-0.31911632,1.33442,-0.11793818,-0.94194007,0.30826187,0.7447884,-0.8869578,-1.0656518,0.66355,0.417256,-0.9188161,-0.5378216,-2.1315515,0.37337908,-0.8815079,0.291853,-0.3218127,-0.45678478,0.23895274,-0.83144957,-0.25532678,0.37448105,0.2216837,1.2210796,-0.18018484,-1.2654618,1.0596642,0.96030307,-0.64415604,1.2608984,0.6255947,0.33573925,0.70127195,-0.123179704,-0.15055706,-0.4447145,-0.46423802,-0.15583794,-0.81020397,-0.43282005,0.90168256,-0.5289506,0.17568073,-0.38885975,-0.35216913,-0.3166263,0.19638929,0.08852143,0.6418288,-0.31289595,-0.3007078,0.098888725,0.14417586,-0.118864,-0.3129451,-0.38811812,0.32095122,0.64909,0.6363768,-0.20637314,0.062358275,0.20693645,-0.41949177,0.892387,0.53318554,0.5714979,-0.8565977,-0.61397856,-0.01512152,-1.1447238,1.0674893,-0.23796438,0.115986705,1.444794,-0.8028082,0.16798855,-0.72632015,0.92909735,-0.2839226,0.99416065,-0.45520505,-0.5777005,-0.92919874,-11.54707,-0.49929723,0.6903821,0.4184278,-0.20664209,-0.48938724,0.20563193,-0.4905703,-0.20897026,0.060211077,-0.4163795,-1.5531255,-0.05246259,-0.5813285,0.0878184,-0.7794169,-0.6935752,0.77829814,0.12111071,0.036140054,0.53112185,1.1405782,-0.21194139,-0.44297263,-0.513101,0.22565536,-0.8377367,0.19654915,-0.95757174,-0.8048531,-0.16273312,0.22746441,-0.79845417,0.55522466,-0.22797836,-0.5536369,-0.8593332,-0.021970823,0.6602713,0.11228886,0.052681908,0.27886847,0.28445286,-0.07234935,0.8174218,0.43685877,-1.8991094,-0.39501357,-0.68249357,0.1791822,-0.55053204,0.37444746,0.15255119,0.07551504,-0.5116626,-0.28395247,-0.77250206,-0.55017114,0.36493307,0.41583842,-0.8775013,-0.26831174,-0.41695186,-0.44210967,-0.7557383,-0.30117875,-0.07221144,0.5774637,1.8023403,0.13419507,0.53777957,-1.3249565,-0.3856065,0.43041033,0.88229936,0.93204343,-0.51586974,0.7646537,-0.5788031,0.36081883,-0.6278967,-0.7799625"
https://help.payactiv.com/s/article/Using-the-Payactiv-Card-Without-the-App,Using the Payactiv Card Without the App,"Using the Payactiv Card Without the App
While the card makes the Payactiv app experience better, it’s not a requirement. When you download the Payactiv app, you'll be able to access many free features including:
Get free and unlimited financial coaching sessions from KOFE (Knowledge of Financial Education)
Coupons for prescription medicines
Compare car insurance quotes to find the cheapest rates
Find and save jobs that offer Earned Wage Access
Get smart insights into your spending when you link a bank account to your Payactiv account
When you apply for and activate the Payactiv® Visa Card*, you'll be able to use Payactiv as a bank account alternative. You'll get account and routing numbers, SmartSave, and you'll be able to pay a friend. You'll also unlock unlimited 10¢ Murphy Gas discounts and discounted AMC movie tickets.","0.6271508,0.0074806213,0.78694266,-0.46141607,-0.10237974,-0.4068871,-0.50468826,0.046390135,0.2085694,-0.6156555,1.3859246,0.73330146,-0.29531386,-1.3926607,-0.28994477,0.4960925,-0.6884314,1.4090191,1.1798923,0.47233674,0.1698513,-0.95416945,0.5796252,-1.5671273,1.6080002,-0.7048432,-1.2704142,0.1446272,-0.53881824,0.007896721,0.9062555,0.22737002,-1.1555741,-0.0141547695,-1.3324554,-0.58977646,0.027281746,-0.899755,-0.08223257,-0.020958912,-0.35232282,-1.0109906,0.08151418,-1.0655992,0.6913943,0.4614235,-0.47445962,0.21470752,-0.40698528,0.805674,-1.2829784,-0.6756301,0.55195504,-0.6442782,0.65643364,0.13793351,-0.12860897,-0.8097293,0.5829923,0.6310705,-0.8382199,0.14293602,-0.9902855,-0.57750046,-0.23931774,1.7853723,-0.8697545,1.3024417,-0.30910456,-0.021929622,-0.27850664,-0.19911952,0.6673958,0.33215192,-0.18112056,-1.0032263,0.5631991,-0.57940125,0.21231027,-0.54858935,0.6419196,-0.045901366,0.3839623,0.794656,-0.071905404,0.7302308,-0.46784672,-0.8707953,-0.015485033,0.54503155,0.213554,-0.4730208,-0.36167404,-0.88197386,0.44679934,1.578677,-0.4282806,0.25102735,-0.44711143,0.06662921,-0.5737051,-0.97433716,-0.38685358,1.0430452,0.0313347,-0.9625577,0.049433574,-0.12534258,1.0053501,0.15520748,0.090073906,-0.40609145,0.31677672,1.0197718,-0.7561168,0.5538064,-0.3718604,-0.9003993,0.1778096,-0.23006018,-0.5083501,-0.088916,0.14786097,-0.5624695,-0.36644068,-0.5932897,-0.65541315,0.0012060609,-0.3160041,0.8856048,0.20484005,0.3289259,0.42565817,-0.29617292,0.67264855,-0.44158247,-0.60118043,0.59882176,0.41059762,-0.6342188,-0.020927668,-0.38358337,-0.39700335,0.13653755,1.0225372,-0.17270389,-0.30838567,0.7162023,0.6837817,1.0674696,-0.82587075,-0.42454058,-0.20083468,-0.5100185,0.82874244,1.5037937,-0.27722603,-1.7463659,0.27256605,0.9487638,0.078370124,-0.10522148,-0.039868385,0.31293625,-0.8050302,-1.3758681,-0.8279693,0.2542326,0.4022578,0.7573487,-1.0280007,-0.09212648,-0.9382785,-1.1068921,0.49215287,-0.22937915,0.37822047,0.13943428,-0.62887746,-0.26176772,0.24008313,-0.84737766,0.6584259,-1.228595,0.110818,-0.09398062,0.6303966,-0.3682002,-0.120363034,-0.2570184,0.6861138,-0.9541521,-1.0964842,-0.45662466,0.35279042,-0.011848733,0.74091876,-0.28689474,0.12972242,0.59165394,-0.53904957,-0.33336172,1.0575858,0.5656476,-0.089968435,-0.08385193,-0.2898976,0.078931615,-0.24545936,-0.6075221,0.26959658,1.8644646,0.4899756,-0.09182548,-0.15012318,0.41738287,-1.640508,-0.88661444,-0.1262636,0.11183664,-0.24665828,0.14170569,-1.1698755,0.29622203,-0.22664094,-1.454133,0.41675797,-0.31134316,0.7648038,1.4352173,0.9148156,1.1162772,-0.5269102,-0.0013440028,0.028952308,0.3954158,-0.5749893,0.9175044,-0.71202534,0.8812073,0.08479813,-0.7163333,0.9836239,-1.2359245,-0.7320147,0.18571848,-0.087469056,0.61212313,-0.26093256,-0.78968614,0.50400937,0.14810684,-0.050465934,0.9630953,0.59494746,-0.4044932,-0.13889614,0.4552391,0.33850908,-0.27497768,0.21379407,0.7001798,-0.12208636,-1.4562619,-0.6364457,0.5911982,-0.9356227,-0.4382958,0.3316149,0.4903971,-0.42619663,-0.88490564,-0.04594542,0.26984334,-0.82494724,-0.13419178,-0.03595512,-0.58364964,1.4454991,-0.7533108,0.016797468,0.32202002,0.75883806,-0.5755045,-0.5977732,0.035325076,-1.4027059,-0.7112982,0.09797348,0.16201702,0.86776906,-0.044993527,-0.18623182,0.61808914,-0.4933719,1.2049514,0.40450794,1.2494619,-0.6722839,-0.97491944,0.5613125,0.21018556,0.057076916,-0.8484045,0.40432176,0.05971168,0.4582315,-0.52772194,-0.2838158,0.055123746,0.40031058,0.5695656,-0.3323894,1.5900446,0.14512591,1.1209931,0.24320823,0.6724214,-0.04351423,0.6384299,-0.30272704,-0.3112023,0.6991243,0.24020338,0.048008054,0.40223244,-0.34047765,0.07357913,-1.0969486,-0.14849955,0.15091255,-0.43488634,-0.97560275,-0.062060833,-0.04140087,-0.38367495,-0.07047198,-0.7041447,0.42509145,-0.08016315,-0.34111953,-0.25297984,0.08318716,0.75866735,0.13829976,0.15751615,-0.5591743,-0.46325505,1.4469342,-0.16119972,0.29936084,-0.9719066,0.891137,-0.0011993498,0.1221864,-0.49145302,0.22239016,0.5648331,-0.78390676,0.6997419,0.07776685,0.43922865,-2.2023673,1.100774,0.33303466,0.17405665,0.7231991,-0.35539222,0.38775063,0.3111186,-0.7348808,0.28686556,-0.38859862,0.10071343,-0.17723477,-0.46308914,0.04461371,-0.68742305,-0.26704806,0.3460957,-1.4164195,0.6758281,0.5934503,-0.027561933,0.80912405,0.44885996,0.06979029,0.8054421,-1.1003575,0.3011566,-0.53973,-2.0189219,0.63244635,-0.01955846,-1.0196116,1.7260885,1.1902239,-0.45054892,-0.59196967,0.8777876,-0.6270709,0.117432505,0.9524255,-1.3321533,-1.2480699,-1.3161229,0.13673586,0.80635846,-0.1949781,-1.3819238,-0.30474687,0.30420738,0.5391992,0.021874506,-0.082783714,-0.17296088,-0.10811367,-0.65517396,-0.2323108,-0.4155132,0.29246378,-0.38966823,0.2664235,0.91608936,-0.14414382,-0.05562962,-0.24878821,-0.34549975,-0.29469818,-0.32161015,0.098999396,0.8725353,-0.27387363,0.53896,-0.30547082,0.7011008,0.22072835,0.09805718,-0.19881687,-0.53825504,-0.0015460923,0.1493451,-0.1705462,0.62819874,-0.56472796,-1.1769538,1.3088999,0.084602416,-0.063495666,-0.4045429,0.11454103,-1.0288261,-0.5880259,0.39199084,1.1862178,-0.83092654,0.33662927,-0.1925802,-0.46281433,-0.32059884,-1.397112,0.10886453,0.14993656,-1.4672532,0.76241744,-0.50761914,-0.019042328,0.27274197,-0.25185955,-0.123243205,0.29515576,0.72640395,0.32486093,0.42037645,0.19407323,0.5010528,0.69546425,-1.6319625,-0.44358903,-1.3661181,-0.14510605,-0.2659623,0.59474945,-0.78432894,0.49833915,0.39987046,0.71437484,-0.6829985,-0.31253934,-0.27799666,-0.08179822,-0.69671947,-0.5334113,-0.66243947,-0.32888746,0.4449014,0.11761829,-0.31394333,1.0033569,-0.029913098,0.28176942,-0.32069504,-0.058299504,-0.63014615,-0.9944853,-0.2590065,0.80652314,-0.73418504,-0.718008,0.38853747,0.06412792,0.20349807,0.8352115,-1.4631511,0.4235443,-0.18025738,-0.24478164,0.6847817,0.30628255,0.26984766,1.0267806,0.57968175,-0.6440065,-0.24643114,0.46032238,-0.3028516,0.38976175,-0.46938825,-0.5796894,-0.4615605,0.10784088,0.19425955,-0.2753911,1.428013,0.55200803,-0.74445397,0.29803488,0.3535825,0.088048324,-0.34659222,0.7487128,0.06409572,-0.05801445,1.2219874,-0.12934059,-0.37622505,0.016524669,0.3734352,-1.0247862,0.3347685,-1.4541495,0.5690484,-0.88379645,-0.2822768,-0.094470695,0.005740769,-0.4156586,-1.3357732,0.740453,-0.15765664,0.55730426,0.20682275,-0.020534374,-0.71936375,0.1574729,-0.022834178,0.58075243,0.027035013,-0.12929395,-0.21715924,-0.07114346,0.050389662,0.24777678,1.3688809,-0.41500646,-1.1233629,0.99556196,0.5587112,-0.08916497,2.3122814,-0.4188069,0.09268181,0.21414043,-0.1212311,0.9870587,1.429712,-0.2161249,0.25528622,-0.49308544,0.031552255,-0.013470646,-0.41458404,-0.43003792,-0.31115207,-0.4724068,0.3947319,0.047239944,-0.4709463,-1.1182327,0.42506522,0.35634026,-0.7121595,0.0730917,0.7595416,0.012752268,-0.42564422,-0.24458492,-0.73612237,-0.59551096,-0.18205933,0.32846525,-0.19661283,0.78525174,0.121653415,0.32313895,0.53082156,-0.07193639,1.0520151,0.1117342,-0.21013339,-0.90587103,0.7319042,1.1431208,-0.8193167,-0.5174435,-0.69172466,-1.030784,-0.3987945,-0.44638515,1.4574479,-0.47479427,-0.66047746,0.8975972,-0.019837476,0.1597478,-0.56727463,-0.5804545,0.45975184,0.6843504,0.1975182,-0.26095122,-0.51751745,-1.0524759,-0.24484256,-0.3415569,-0.82059896,0.2120434,-0.013931513,-0.6064462,-0.5702276,0.6577879,0.9244421,-0.22576982,-0.091567144,0.7237928,-0.6386517,-0.92913795,-0.39142162,-0.09508882,-0.75840914,-0.13659787,0.19475599,0.3992074,0.14693788,0.91675174,0.24645881,-1.2998627,0.72652763,-0.33310568,0.64838135,-0.30797774,-0.37873745,0.72601694,0.8062868,0.13851494,0.73022884,0.81977546,-1.0061502,-0.10591787,-0.22587107,-0.6454687,0.6465033,0.035507463,0.52545106,-0.0066438317,0.47690153,0.9239998,-0.50609446,-0.7290014,-0.00270145,-0.76563025,-0.19193436,0.41012138,-0.09665496,-0.5587457,-1.0451382,1.0205241,0.14559224,-0.3919688,-0.22656605,0.19836184,0.29620343,0.08367671,-2.1950274,1.5759634,0.21005379,-0.62113965,-0.5089505,-0.27316844,-0.43969214,1.002061,-0.20578653,-0.61016333,0.44975868,-1.1038501,1.3337072,-0.6439503,-0.8825324,0.6931445,0.103592515,-0.8243233,-0.40668756,0.2086764,-0.4123387,0.51802325,-0.09805905,-0.40872958,-0.4608346,-0.61872905,0.49696016,-0.32626095,-1.0652931,-0.650288,-0.8065226,-0.4134598,0.40944743,0.47005805,-0.9805684,0.16105759,0.22095928,1.4792341,0.48249656,0.1742332,-1.0810908,0.011356998,-0.024181928,0.7207303,0.45362675,0.062122725,-2.3141873,1.0995009,0.10454452,-0.676325,-0.47621375,-0.31299227,-0.25747627,0.22787274,0.10121697,0.09910615,0.6365437,0.29502192,-0.0626444,0.60422844,-0.2891145,0.9517739,-0.09600914,-0.23011872,0.12271474,-0.2654441,-0.010976382,-0.023383014,-0.90846467,-0.9769465,-0.29232994,-0.44842342,-0.4707989,0.61486715,-1.5852071,0.9096797,-0.6726216,-0.2073915,-0.22502255,0.14541727,-1.2636901,1.0316267,-0.42197058,0.78228384,1.3771405,-0.43241176,1.0646846,0.6376321,0.83300394,0.51527756,0.024179682,-0.074112326,0.31461582,-0.26832265,0.13499458,1.6606225,1.2158444,0.1420007,0.4943299,0.6877662,-0.62599736,0.8858083,-0.04963532,-0.1913853,-0.42320648,0.026238315,-0.40946293,0.5514246,-1.2615296,-1.2133491,0.9868096,-0.06007337,-0.33719718,0.6399764,-0.04723858,-0.5628513,0.0113222,1.0246994,0.33240616,-0.53079027,0.06769715,0.3471288,-1.181975,0.45960194,-0.5990317,-2.3375487,1.0609673,0.36598343,0.4740714,-0.041938446,-0.4362368,0.6823213,-0.0015246645,0.27495116,-0.8523804,-0.2899099,0.3253569,-0.06692372,-0.6944802,-0.56098646,-0.13790712,-0.81568843,-0.6969968,0.20778885,0.76737237,0.12805016,-0.6163143,0.10716473,-0.6942002,-1.1143098,1.7633874,-0.14474466,-0.6931987,-0.6667449,-0.68055147,-0.121811494,-0.35256356,0.98421,-1.1537776,-0.74337554,-0.118469924,1.3724209,-1.2500778,-1.4341917,0.546419,-0.037605096,-0.723052,-1.0173563,-1.0325295,-0.82379246,-0.8135319,0.6526489,-0.6002131,-0.42655855,0.72278327,0.14923441,0.06251813,0.23269932,0.6582446,0.07376422,-1.4273369,-0.42108452,0.84599686,0.5167976,-0.82330203,1.464741,0.86836964,0.69572026,0.4902029,0.22759816,0.50081235,-1.2479961,0.36439356,0.5163516,0.21869765,0.15193266,0.72898364,-0.18998498,0.89854944,0.49742144,0.27378544,-0.36839452,-0.14049603,-0.45716554,0.37148023,-0.31609118,0.09746805,0.10990691,0.007605076,-0.43800658,-0.12636954,0.20134959,-0.24379344,0.3746043,0.52036285,-0.015984014,0.2753476,-0.03359586,-0.06918277,0.9148813,1.241308,0.7347745,-0.6707038,-0.26544482,-0.30085313,-0.014131563,1.2164131,-0.15009458,-0.29549024,1.4215835,0.50862974,0.2989297,-0.88668793,-0.010861129,-0.003648255,1.697118,-0.27770707,0.5150678,-0.43467456,-11.335847,-0.17226666,0.60916,0.09951486,-0.98170316,-0.016548924,-0.176554,0.07548733,-0.15555161,0.53827804,-0.6998875,-0.67215437,0.08049816,-0.29205248,0.75028753,0.06731006,-0.5599142,-0.65640306,-0.24437349,-0.5004993,0.4194227,1.7379944,-0.23987453,0.17827788,0.16698602,0.52073115,-0.41235912,-0.34862876,-0.3421082,-0.72180074,-0.047371313,1.0494483,-1.4188846,0.49618578,0.6991211,-0.40586457,-0.11405097,-0.51032937,-0.1925037,-0.0052916035,0.709229,0.4496638,-1.0915375,-0.6747882,0.066711664,0.5848743,-1.7831233,-1.0939556,-0.5781041,-0.6879847,0.44341967,0.07712926,0.78170145,0.2260412,-0.8821318,-0.59173864,-0.7206834,-0.26278853,0.42432535,0.31937054,-1.8561219,0.3870458,0.573381,-0.06664343,-0.6714906,-0.32231116,-0.191248,0.4243664,1.380506,-0.001954306,0.5909264,-0.76858747,0.3695951,0.10788047,0.888829,0.50155735,-0.28114387,0.4283318,0.48289374,-0.047219396,-0.24938221,-0.5635611"
https://help.payactiv.com/s/article/Get-the-Card-with-no-hidden-fees,Get the Card with no hidden fees,"Get the Card with no hidden fees
There are no activation fees, monthly, inactivity, or hidden fees with the Payactiv® Visa Card*. The only costs you may pay are:
Small ATM fees.
Loading checks with Ingo Money.
Earned Wage Access fees with select employers (unless you have paycheck Direct Deposit of $200 or more per pay period set up to the Payactiv card).","0.121901155,-0.63544333,0.34412336,-0.20463412,-0.08466943,-0.06635482,-0.7076074,0.12533057,-0.18095383,-1.0528085,1.1065576,0.13958055,-0.64593226,-0.50426036,0.54131854,-0.23854995,-1.2037361,0.9719975,0.86102873,0.29813996,0.2421297,-0.53381556,0.12222681,0.22903636,1.3561132,0.33971417,-0.97144073,0.752784,-0.5687573,-0.8272424,0.36380118,0.008586134,-1.5743237,0.6473097,-1.1930567,0.020360947,0.82350916,-1.072781,-0.14181438,-0.56426424,0.7567923,-0.8816663,0.049301654,-0.4578217,0.7508846,0.7879542,-0.35018596,0.06902927,-0.20138922,0.80202705,-1.3233775,-1.0115057,-0.33572742,-0.7923292,0.08706358,-0.65412384,0.21426067,0.035910547,0.07319253,0.73016465,0.3491215,-0.63209015,-0.4943263,-0.1650138,-0.59727967,1.4101357,-1.2199534,1.2232108,-0.24362463,0.6162789,-0.19816037,0.019769281,0.23021458,0.54924285,-0.711734,-0.33928937,0.88552326,-0.12262569,0.87266546,-0.79462814,1.1726652,-0.4581743,0.3921612,0.59279954,-0.7213849,0.57085073,-0.4047653,-0.54379183,-0.2930926,-0.13640602,0.5407383,-1.1490611,0.62339616,-0.31891906,0.8249473,1.673967,-0.2804336,-0.26905215,-0.39709204,1.1149234,0.19699217,-0.29454112,0.48452544,0.8827808,-0.7504207,-1.1622407,0.30753306,0.95890874,0.25458375,0.32854378,0.34160435,-0.8394763,0.20341176,1.3086247,-0.49708182,0.49639928,-0.47926307,0.006734982,-0.2723041,-0.46822974,0.11572202,0.55469966,-0.16580084,-1.3595221,0.047109902,-0.6962629,-0.17786123,-0.27673566,0.059730373,0.80799675,0.638745,-0.5013668,0.62322116,0.035798922,0.31432924,-0.074836135,-0.62742585,0.55404735,0.5996453,-0.24048424,0.6049763,-0.22420697,0.037230786,-0.14302178,0.6258045,-0.10921992,0.11156395,0.21786676,0.6372708,-0.4127311,-0.90723586,-0.20746681,0.01951103,0.033982925,0.9515816,1.0649362,-0.36367935,0.21438384,0.46387342,0.22049887,-0.08002764,-0.32942393,-0.5229272,-0.30534232,-0.73719925,-0.5462538,-0.50034654,0.49417695,0.41425174,0.7524106,-1.2643322,-0.42439523,-0.42593122,-0.6730263,0.59472775,0.09998129,0.40106386,0.23914008,-0.70907545,-0.43068898,-0.6318252,-0.94451106,0.7318303,-1.0363492,-0.42984957,0.29126137,0.74135846,-0.61739326,0.3224904,0.60898495,1.1563907,-1.0526553,-1.4563681,0.030330323,-0.50677377,0.35102528,0.7250508,0.42457098,0.34310883,-0.13359115,-0.037749738,0.898165,1.021288,1.0675247,0.17407009,-0.27363086,0.590504,-0.11556004,-0.80788326,0.085813425,0.34624296,1.2868435,0.92165184,0.51252913,-0.17809889,-0.04912093,-1.0176107,-0.12838665,-0.012262149,0.36365187,-0.043579914,-0.50688124,-1.0042183,-0.17783608,0.47767416,-1.3758488,-0.50720596,-0.14899965,0.68125373,0.6352914,-0.042743012,0.2780596,-1.0798881,-0.5357547,0.3388818,0.49306872,-0.113284975,-0.11824632,-1.2340198,0.45124787,-0.014276706,0.01673466,1.2462224,-0.94262075,-1.0810783,-0.8014939,-0.12094369,0.20555592,-0.22957276,-1.3249604,0.092280984,0.36426345,-0.69271696,0.9279469,-0.1650495,-0.45717388,0.28371167,0.3876459,-0.3878063,0.36146003,-0.39955723,1.0199966,-0.048806503,-1.0877161,-0.3515833,-0.038249843,-0.57346904,-1.1163129,0.5655874,0.72825235,-0.063398816,-1.1489984,-0.42583966,0.118754715,-1.2300142,-0.783709,-0.26071736,-0.13758518,1.1176366,-1.3291819,0.46534854,0.5851533,1.0632205,-0.24203199,0.3959269,0.3380236,-0.7124978,-0.85721815,0.025349654,0.1953497,1.3088133,0.04999075,-0.46003985,0.4521986,-1.0446202,0.6112077,0.21826397,0.19061552,-0.8175497,-1.4270434,0.10668902,-0.25880343,0.32778794,-1.0529453,0.3883836,-0.6992851,0.41592225,-1.1070074,-0.6235807,1.0837408,0.36964834,0.20129567,-0.18893251,1.6815474,0.66451293,0.9744345,0.1318166,0.7165383,0.8886893,0.54144186,0.4550498,-0.467242,0.2928129,-0.4804603,0.45976695,0.6225388,-0.8366471,-0.28230718,0.012816839,-0.038579665,-0.07315216,0.033676464,-1.3986317,-0.2921992,0.4107461,-0.57175374,-0.55469763,-0.93607676,0.5692854,-0.2117264,0.6369653,0.08423111,-0.46921027,1.0193292,-0.29549587,-0.28854084,-0.5974999,-0.7105932,0.78112006,0.2428346,-0.29994386,-1.2065704,0.57418644,1.1717672,-0.6326162,-0.4309887,-0.27019784,1.1307861,-1.6581465,0.0035725571,0.010821126,0.566375,0.09683773,0.9401723,0.04956311,-0.624543,0.92357266,-0.4149838,1.2746092,0.8291219,-1.0863662,0.21979164,0.18425687,-0.5425264,-0.07682909,-0.6757452,-0.15255386,-1.309863,0.08441515,-0.10767983,-0.37652257,0.86998606,0.67863095,-0.60365385,0.6445844,1.0837951,0.4369923,0.5057969,-0.32996142,-0.26079202,-0.23862094,-1.6290307,1.1324649,-0.7676006,-1.3358783,1.3424251,1.3064,-0.5739518,-0.32773668,0.7579447,0.3700944,-0.15352803,0.5251653,-1.4065464,-1.4314728,-0.61249596,0.036598533,1.225168,-0.48280233,-1.0034132,0.011489436,-0.118886076,0.27565268,-0.21389046,0.29124242,-0.0218516,-0.1883947,-0.12388107,-0.4105002,-0.801464,0.48526552,-0.49153244,0.42316887,-0.0494336,1.1273865,0.5907839,0.4509479,-0.9030103,-0.23782505,-1.0874795,-0.10961977,0.8131878,0.33254206,0.76834124,-0.3588282,0.3547707,0.5609828,-1.2890222,-0.61378735,-0.2689187,0.16061088,-0.3694334,0.28554457,0.07464181,-0.79223466,0.09181943,1.6925848,0.9316361,-0.36951706,-0.35538253,0.41735584,-0.7579936,-0.7078603,0.75191367,1.0608832,0.018916562,-0.1951932,0.12810558,-0.29921323,-0.2619028,-0.4112008,0.50677174,-0.30386797,-1.5888804,0.3344074,-1.074996,-0.60372275,-0.5196678,0.06521572,0.20501864,0.01727875,0.2386949,0.017239608,0.74808913,0.45356053,0.17846318,0.23879565,-1.0515655,0.25613284,-1.3585806,-0.23064494,0.6444452,0.28102732,-0.59655046,0.78939754,-0.29002374,0.7657581,-0.021210417,0.20067355,0.3054362,-0.49799284,-0.8352753,-0.6614033,-0.4842181,0.4333668,-0.07954316,0.5749763,-0.139025,1.635812,0.15916969,0.95656145,-1.2041098,0.92148143,-0.31239295,-0.5575995,-0.6156664,0.5011325,-0.52288795,-0.73507315,0.27157378,-0.7048212,0.3506816,0.70565933,-0.74992466,0.63667715,-0.4398654,-1.2099466,0.96888316,0.93005085,0.12190224,-0.03216274,0.09900659,-1.4406456,0.52975863,0.47025222,-0.21252614,0.014618289,-0.075347,-0.8648339,-0.0818832,0.07525884,0.21258888,-0.8266229,0.8026457,0.0640703,-0.80176866,0.5598491,-0.009714909,-0.17052203,-0.8688126,1.2493517,-0.5982717,0.2941211,0.847415,-0.6816728,-0.3051253,-0.04678309,-0.6247511,-0.64070827,0.472428,-0.39850378,0.15896425,-0.19721496,-0.5450493,0.5603493,0.2533418,-0.18296973,-1.0160327,0.42890534,-0.3473528,0.54444873,0.8202638,-0.17630716,-0.27240798,0.68473387,0.57386905,-0.26412314,-0.34468257,-0.19078909,0.2949762,-0.11908631,0.5252513,-0.34659126,1.4445372,-0.52819693,-1.520752,0.44489914,0.3221223,-0.0380764,1.9887916,0.35860243,0.40485263,0.4680605,-0.47910854,0.075274184,1.1794682,-0.7291806,0.4415096,-0.3741553,0.090927586,0.36431542,-0.26888436,-0.3769663,0.26994792,0.016371846,-0.9293672,0.21449217,0.7539521,-0.6869205,0.468588,0.24799186,0.21886212,0.054932453,0.7970036,-0.37072664,-0.08223501,-0.32495946,-0.3801008,0.19351855,-0.48124382,-0.0016189814,0.09519358,0.10439173,0.3352643,0.46239674,0.5956808,0.09979111,0.3051679,-0.053800955,-0.23482093,-0.8911211,-0.19480596,-0.33360165,-0.024511784,0.2971551,-0.77418685,-0.42906058,0.12851395,-0.449439,1.2763425,-0.43123326,0.46255994,1.2876576,0.7078415,0.4567244,-0.4167154,-0.39812738,0.6592806,0.58758235,0.10329482,-0.17497309,0.3139376,-0.9509474,0.48757973,-0.20208344,-0.90844434,0.6479888,-0.08052908,-0.49598998,-0.12864107,0.3871671,0.57142574,0.047184385,-1.0019827,0.0716462,0.5790506,-0.9392389,-0.56847405,0.10599867,-1.0239577,-0.45917043,0.03375209,-1.1752,0.19433522,0.4634186,0.46843827,-0.38093165,0.9384021,-0.6629964,0.3468656,-0.18644567,-0.8875427,-0.59371734,0.5196543,0.15953112,0.5988296,1.3040686,-0.31789923,0.113771856,-0.32079685,-0.37672535,-0.025804974,-0.49478891,0.7049666,-0.061743714,0.6175371,0.38620907,0.40265727,-0.701883,0.44921944,-0.97260284,0.27053964,0.30417955,-0.07386147,0.010865763,-0.38437545,0.5339272,-0.20208603,-0.6517271,-0.082940094,0.61241114,0.31607333,-0.058243617,-2.277453,1.2380426,0.15433231,0.117766686,-0.7925302,-0.09243521,-1.2273694,0.5051589,-0.0013357401,-0.0803037,0.46610573,-0.9473619,1.6909273,-0.55323285,-0.5691762,0.36983532,0.23723651,-0.33607322,-0.054783225,-0.07921737,-0.45657372,0.092076935,0.6598643,-0.29570863,-0.61313206,-0.4849189,0.1177641,-0.3652169,-0.611097,-0.3875887,-0.59394133,0.02924458,-0.033994243,0.8247247,0.006564323,-0.2666355,0.1061161,0.84004545,-0.4934383,0.4532493,-1.0738534,-0.78382,0.1629751,1.1270642,0.5710864,0.94803405,-2.5081897,0.48161933,0.53457767,-0.65600955,-0.3354411,0.58237666,-0.48379213,-0.4594648,-0.10376795,0.75512236,0.7567534,-0.38984326,-0.83463746,0.112493396,-0.5472268,0.31587565,-0.37791175,-0.8681474,-0.277642,-0.58412606,-0.047061533,0.011912826,-0.2342748,-0.30622816,-0.1874523,-0.42916054,0.05355236,0.5855106,-1.0491216,0.8675821,0.14789197,0.12856448,0.17868802,-0.45777687,-0.83178717,1.1521467,0.16438803,0.3731513,0.33563876,-0.08208208,1.0527612,0.7203312,-0.046000205,0.20956922,-0.38198122,0.2482622,0.2717823,-0.5957564,-0.5397625,1.3391047,1.2820897,-0.46239093,0.13041154,-0.11596687,-0.22419718,0.8089929,0.33159047,0.5918028,0.040900536,-1.1867543,-0.24784419,-0.11874169,-1.4128839,-0.40594113,0.15060702,0.43282333,-0.82469916,0.042004243,-0.042061247,0.3718118,0.27816072,1.0073797,0.69873923,0.21583775,-0.25184652,0.12893705,-1.6012367,-0.33241925,-0.5780757,-1.0951607,0.6511569,0.17974557,0.12231534,-0.6091825,-1.1762543,0.3633468,-0.112044856,-0.28091505,-1.3932362,-0.3094081,1.0053647,0.02312816,-0.971022,-0.09065435,-0.028229013,-0.6919485,-0.99131024,0.7034799,0.7705212,-0.15139444,-0.45683432,-0.8551854,-0.07023352,0.05377743,1.3143567,-0.0019809678,-0.5935626,-0.6129587,-0.029352188,0.22662833,0.1836933,0.26100332,-0.49043363,-0.6554294,-0.5665046,0.4195534,-1.5648268,-0.78878623,0.6401328,0.70961004,0.012559488,-0.7476645,-0.8585309,-0.4583134,-0.81217045,0.5931838,-0.8904984,-0.448966,0.25130644,0.47754127,-0.17276268,0.18578911,-0.053588066,0.6866777,-0.10921255,-0.07075386,0.6855483,0.22401452,-0.75226015,0.73883647,0.21895522,0.16161601,-0.023668788,-0.48693523,-0.42060047,-0.81027323,-0.38418072,-0.074959174,0.026408393,0.011825126,1.1503286,-1.0469918,0.5610695,-0.64820683,-0.48307034,-0.50336075,0.08910997,-0.28834823,0.3283714,-0.17003672,0.027542204,-1.0632751,-0.3887434,-0.92794347,-0.7519895,0.35057122,0.17427707,0.09913468,0.103149086,0.22454484,0.7923561,-0.009653524,0.4022278,1.2074835,1.605933,0.52982056,0.2517786,-0.8870225,-1.0703405,-0.47242594,1.236484,0.1538837,-0.17617173,0.8905568,-0.37629634,0.11513713,-0.58681303,0.33639842,0.52017355,0.6746151,-0.7864547,-0.5283641,-0.9331428,-12.162715,0.41600966,0.4371428,1.2677685,-0.69328374,0.19328257,-0.5275966,0.145384,-0.72971654,-0.47149158,0.30123872,-0.85371023,-0.011539742,0.5614059,0.77313507,-0.39839962,-0.8690476,-0.20523831,0.15962732,0.9009617,0.08130385,1.1668432,0.49379426,-0.43500102,-0.2568709,-0.13564771,-0.021710306,0.1153577,-0.6787208,-0.6319707,-0.27015418,0.7206251,-1.1077428,0.61397076,0.5424777,-0.0007613152,-0.11163297,0.90055716,0.115694806,-0.124202564,0.6877156,-0.13932903,-1.3771015,-0.7365489,0.25261584,0.44473112,-1.858052,-0.21922365,-0.13582109,-0.39544934,0.16368507,0.20471387,0.3721652,0.02395229,-0.19592933,-1.2278719,-1.1223385,0.08023891,0.12288126,0.4060935,-0.36896303,0.059551656,0.46281707,0.020534322,-0.8207514,-0.47186017,-0.2371446,0.5572237,1.8238453,-0.034292527,-0.2953198,-1.2893504,0.49935538,-0.39368543,1.0273072,0.714471,-0.34789208,0.483994,-0.4898594,-0.29586872,-0.4799345,-0.37060142"
https://help.payactiv.com/s/article/Maximum-Payactiv-Visa-Card-Balance,Maximum Payactiv Visa Card Balance,"Maximum Payactiv Visa Card Balance
The maximum balance on the Payactiv® Visa Card* is $10,000.","0.8764112,-0.3401791,0.090000585,-0.65652907,0.78123623,-0.17634098,-0.7890737,0.54743004,-0.8964758,-1.3837146,0.31867296,0.3477232,-0.2170012,-0.6582304,0.6894367,-0.69810134,-1.1711789,0.12697536,0.50529325,0.90270674,-0.04376444,-0.24048528,-0.63062584,0.24396503,1.0775236,0.37331715,-0.75471693,0.468151,-0.685197,-0.3053912,-0.17004025,0.3707738,-0.8303317,-0.010296032,-1.5220486,-0.39465487,-0.95375186,-0.8293067,-1.0356569,-0.51019704,0.825279,-0.0016805083,0.31287917,-0.21552935,-0.26833084,-0.5599702,0.02310133,0.34715122,-0.35158503,1.2005404,-0.27433068,-0.66132486,-0.1770838,-0.21158546,-0.033133224,-0.26806796,1.1360434,0.7629668,0.13463125,0.6652009,-0.6922511,-0.7149188,-0.7403863,-0.4518265,-0.7341148,1.5135432,-1.391508,0.7910637,-0.13072793,1.4622948,-0.3458616,-0.5339103,0.5606061,0.8330591,0.03622341,-1.1109542,0.6318347,-0.2571448,0.39891416,-0.85583985,0.8327234,-0.1468569,0.41748607,1.1021565,-0.6607865,-0.2656755,-0.27163753,0.34332627,-0.012640119,-0.09000747,0.2877881,0.040854752,-0.78190786,-1.1572287,-0.18294264,0.20619951,-1.2056646,-0.7857634,-0.26379216,1.9811447,0.44270462,0.24570371,0.36237115,0.10498584,-0.7823738,0.31683293,0.46073976,-0.26966453,0.55702364,0.009055994,1.4072319,-0.40914345,-0.09549239,0.8622017,0.08296175,0.06357861,-1.1247132,-0.6028928,0.6177546,-0.098341264,0.47911122,-0.29114786,-0.3820839,-0.9497415,0.434044,-0.1972279,-0.6881987,-0.62340003,0.52326643,-0.19074732,0.33319205,-0.302626,0.7556578,0.2095078,0.23758206,0.32957372,-0.16148144,0.28794456,0.49418345,-0.8271987,-0.033820868,-0.41523227,0.18640214,-0.14021224,1.5352055,0.17828022,-0.69459313,0.23111677,0.52227527,-0.7269739,-0.5946004,-0.91359943,-0.58502036,0.18288717,1.7403271,1.2140661,0.052384004,-0.5234673,0.0566929,0.32736945,-0.16633204,-0.42909575,0.34553793,0.38770807,-0.774572,-0.82207465,-0.3633986,-0.77831733,0.3576737,0.33285502,-0.6954339,-0.9119503,-1.0925059,-1.2848784,-0.3084655,0.8503352,0.65953285,-0.20931262,-0.9917687,-0.5984755,-0.7137888,-1.265163,1.5027063,-1.1875616,-0.0564135,0.04627894,-0.25599965,-0.17173679,0.21341653,-0.37337616,0.93116593,-0.5139588,-0.5286461,0.018333502,-0.3106107,-1.0732766,1.1461035,0.23141839,0.08330258,0.025947507,-0.68358344,0.20432484,0.5463516,0.56849605,-0.4688287,-0.6198784,0.7713673,0.012346979,0.28780323,-0.032623403,0.552898,0.52705836,0.48257887,0.33979696,0.5288548,1.0085485,-1.0045041,-0.74448633,-0.89573324,0.3725654,0.07957421,-0.47411782,-0.92141163,-1.2086401,-0.8302674,-1.5893356,-0.33479714,0.26597375,1.3393918,0.9358716,0.7911101,0.5228738,-1.0482349,-0.45706308,0.4443151,0.32830408,-0.019457988,-0.44277078,-1.3281705,1.0742025,-0.5470178,-0.26499325,-0.16400658,-0.65758073,-0.57374614,-0.5150419,0.60611284,0.6345248,0.5830577,-0.5018653,-0.06359795,0.42130265,0.18963492,1.0372518,0.31395155,-0.3563922,-0.06062576,1.0958263,-0.3553111,-1.0485363,-0.7043577,1.191058,-0.22073285,-0.6813417,-0.35518795,0.68888855,-0.29541048,-0.22497076,0.44903228,0.7344197,0.20723554,-0.26191342,-0.9178294,-0.26766858,0.3003962,-0.6614751,-0.002279562,-0.19762304,1.5886389,-0.55479926,0.7680276,-0.59740317,0.965285,-0.27497494,0.42594707,-0.7584061,-0.422287,-0.58198386,-0.27162445,0.11415554,0.6286533,0.9754702,0.51793766,0.6429745,-1.0368217,0.90206087,0.44607455,0.37131342,-1.2132118,-2.0610547,0.30819887,-0.30405766,0.2821412,-1.1707338,0.5147633,-0.16570571,0.010776725,-0.60338086,-0.81667805,-0.15459622,0.21620277,1.262441,-1.3417628,1.2500464,0.4000662,0.13509308,0.70116436,-0.2379975,1.4336187,-0.25909737,0.37008637,-0.055108815,-0.11365899,0.24897465,0.27635932,0.37565106,-0.13586888,0.6744001,-0.7010182,-0.03390129,-0.10792311,-0.20983513,-0.72582096,0.23608781,0.47638544,0.07789597,0.16186544,-1.5278496,-0.040948343,0.6037839,0.96497786,-0.26938525,-0.28699452,0.65622216,-0.7193788,1.1322588,-0.8432747,-0.56103194,0.34778088,0.081641495,0.45190883,-0.8390549,-0.059598703,0.40680188,0.52033186,0.3804276,-0.043081246,0.11146664,-1.202438,0.19032395,-0.12745145,-0.17838383,-0.37856808,0.25869137,0.30201897,0.05204439,0.86777526,-0.19251074,0.5723063,0.50395346,-0.918699,0.013567757,-0.047398113,-0.20512728,1.0341336,-0.4586332,-0.17824516,-0.8417236,-0.5348591,0.12550977,-0.17377338,0.7091739,0.50260437,-0.29540765,2.0114574,-0.124031,0.19259913,1.0787091,0.9130167,0.92145276,-0.00560531,-1.1892498,0.17497137,-0.84802085,-0.5245757,0.83572906,0.7165101,0.010629341,0.5390412,0.8288648,0.5086259,0.3665249,0.12158707,-0.5368001,-1.0600083,0.024939595,0.14163798,0.6414434,0.16680013,-1.0209249,-0.75343347,-0.1628783,0.030325763,0.04950092,-0.37580568,0.9241923,0.2674815,-0.5363697,-1.1276541,-0.69911593,0.6112014,-0.20405784,0.3226259,0.029163126,0.9251149,0.26526392,-0.01825064,-0.34209132,0.23654807,-0.2653428,0.23529892,0.9801601,-0.6062115,-0.33390906,-0.29000884,0.5318363,-0.3067536,0.30456766,-0.98469883,-0.057232365,-0.6679526,-0.1172127,0.88190657,0.7988763,0.6887847,-0.59466434,1.8715111,0.85311353,-0.61761063,-0.4902198,0.28694957,-0.3628876,-1.285145,0.37709042,1.176144,-0.026977427,0.413773,0.34527755,-0.7521951,-0.6917409,-1.2441677,0.18417227,0.030993424,-0.8257618,0.34250063,0.5993825,-0.24601887,0.69315875,-0.019494802,-1.0015467,-0.51122636,-0.45065725,-0.3498307,0.46392852,-1.6326752,-1.0027596,0.7470767,-0.19292691,-0.5215415,-0.1763038,-0.4952075,-0.30754572,-0.8159651,-0.1560059,-0.35083532,-0.49256742,0.77580965,-0.41510105,0.8958885,-0.34749582,0.07406066,-0.49716884,-1.1545644,-0.7851372,0.23748663,-0.07460034,-0.5487709,-0.39755306,1.5946417,1.297591,0.5590199,-0.5868934,0.89695954,-1.1555381,-1.0495955,-1.2035713,0.5678057,-0.37267324,-1.1159313,0.2272352,0.1255526,0.26343772,0.7571804,-0.72092736,0.6815208,-0.3591603,-1.1564919,0.14335166,0.5990787,0.17072237,0.87298405,0.58968294,-0.95283353,0.55209374,-0.18791908,0.3329146,-0.26069754,-1.0753692,-0.8100142,0.027589932,-0.70517474,0.51860565,-0.07302039,1.0976213,0.62145734,-1.0687292,0.36010978,-0.09493497,0.28800654,-0.92911464,0.6017395,-0.7245172,-0.33652946,-0.35804582,0.026553925,-1.0563858,0.35576648,0.5964391,-1.2831796,-0.04498153,-1.6223624,0.2305301,-0.6822096,-0.96146643,0.96038985,0.6596082,-0.45468947,-1.7585566,-0.4231679,0.6931725,0.3030322,-0.033860236,-0.8224413,-0.32650012,0.9636438,-0.32867074,0.62837243,-0.18647042,-0.65364337,0.18901959,0.5963764,0.22821952,-0.27564144,2.178325,0.51897234,-1.4168651,1.4974662,0.17113194,-0.34579623,0.6462638,0.9161527,-0.35802114,0.7557561,0.03361219,0.30579978,-0.22485626,-0.6431482,0.20673135,-0.11551079,0.3341139,0.8383107,-0.32393044,-0.13824281,0.71397316,-0.7606884,-0.16839877,0.546612,0.6904199,-0.7754493,0.47975475,0.10086073,-0.4180239,-0.21204053,1.0024966,-0.6915152,0.8047974,0.115189314,-0.031801403,-0.7311537,-1.0153991,0.41587317,0.47438157,0.20921008,0.619367,0.021933988,0.45428535,-0.8807616,-0.22382194,0.21400304,1.2526248,-0.67528933,-0.9786286,-0.35989922,0.43563086,0.39390963,-0.35799778,-0.16903698,0.45008448,-1.2064328,1.3064231,-0.08076162,0.5431906,0.6639773,0.7847972,-0.71908045,-0.8289704,-0.48209774,0.5944103,0.57390153,0.2665063,0.11840172,-0.89421743,-0.4558412,0.27006143,-0.16880879,-0.053745233,0.763866,-0.2541354,-0.087773435,-0.7363526,0.7502059,0.52971816,0.006826006,-0.92894447,0.6534065,0.26887304,-0.6957524,0.97858715,-0.5229479,-0.021266975,-0.06224866,0.94461936,-1.0061657,-0.13710147,0.3882019,-0.45342302,-1.1972252,0.5590344,-0.81649005,-0.13880037,0.36717707,-0.3932693,-0.35879445,0.70924425,-0.37620148,0.6002758,0.62961584,-0.2000076,0.08088653,0.5339618,-0.36397964,0.23065105,0.3146318,0.91197467,-0.5218518,0.4291907,-0.4169919,-0.5891824,-0.7630742,-0.18628865,-0.35349202,-1.0992424,1.2128136,0.35360155,-0.2843141,-1.002286,-0.08743593,0.09277859,-1.1735739,-0.67018044,-0.12636283,0.43131587,-1.5225416,-1.8807348,1.6557121,-0.2969151,-0.13442016,-0.7908471,-0.9477281,0.10688183,0.8102001,-0.076406375,-0.65425,-0.41617936,-0.05583948,0.25665954,0.48675102,-0.6993967,0.9290806,-0.08327528,-0.38512728,0.9429567,0.13011175,-0.21839143,0.20847437,1.5547642,-0.049464677,-0.054517053,-0.19750215,0.3200391,-0.31308386,-0.48412496,-0.08264053,-0.9644332,-0.47959068,0.29807317,0.32183433,0.645744,-0.60173374,-0.11620936,0.9193341,0.028087676,0.15771279,-0.57274026,-0.4528209,0.6900747,1.1611215,1.0701363,1.4675714,-2.353512,1.569223,0.68406063,-0.59243363,-0.72007614,-0.8397178,-0.39031377,-0.19886853,-0.5342876,-0.16656666,0.65401584,-0.30152458,-0.39071867,0.76133347,-0.22781643,0.74645025,-0.2747094,-0.6618491,-0.7677192,-0.9464208,-1.2083606,0.84867626,-0.51657534,-0.5218779,-0.21315083,-0.63915724,0.50026876,0.28188592,-2.0477943,0.3794129,-1.0954015,-0.4636928,-0.50481206,0.8231541,-1.002506,0.71305805,0.29447335,0.59438413,0.8401635,0.8202803,1.4223975,-0.040078007,0.48024443,1.412565,-0.6695978,0.60676897,0.40902957,-1.5157201,-0.8612748,0.38411883,-0.3845192,-0.86920273,-0.3993033,-0.30513185,0.40116724,0.5415345,0.68647844,0.23023278,-0.1516841,0.301273,-0.43971813,0.24277523,-0.951967,-0.6884205,0.6242303,1.6742145,-0.38431084,0.19391961,0.06704454,0.4879378,-0.37305614,0.8647028,0.0070991665,-0.4627896,-1.3619043,-0.24219537,-0.845903,-1.4541305,-0.36144122,-0.8686386,0.8093135,0.4350594,0.5412291,-1.0238289,-0.4906211,0.79207546,0.92985624,0.56051445,-0.30122888,-0.58712906,0.2701304,-0.013643831,-0.48258394,-0.025037259,0.817763,-0.6275853,-1.0524584,0.10969946,0.5981139,0.44805056,-0.06088991,0.20715004,-0.030531943,-0.5284781,0.53432643,0.9030304,0.325561,-0.8610078,-0.6619491,-0.6980293,0.7593598,0.67757285,0.005067438,0.14676258,0.16696313,0.46091592,-0.89881593,-0.84268814,0.804893,1.0077555,-0.11240555,0.04165808,0.044367865,-0.18204321,-0.53957754,-0.23511973,-0.42115098,-0.2117769,0.77253,0.080540694,-1.0298079,0.4952469,0.76375294,1.1894587,-1.0363457,-0.11047588,1.1905285,-0.39499202,-0.23229513,0.66888374,-0.32885328,-0.17693257,0.46263734,-0.30634904,-0.40701604,-0.3937277,0.44141456,-0.42354655,-0.538599,-0.081956856,1.1326272,-0.3049583,1.2692401,-0.015117727,0.21855739,0.3450464,-0.26071605,-0.28272808,0.89357346,-0.33494282,-0.84779924,-0.29614198,-0.26298103,-0.2314776,-0.41983342,0.09607497,0.27799082,0.74865,0.44880104,-0.09297404,0.12901424,-0.041632906,0.07977273,1.4273831,1.5659668,-0.09839511,-0.22742333,-1.0019798,-1.397901,-0.17153619,1.0783867,0.19847111,0.12774396,0.7293644,-0.57905823,0.2850399,-0.50932616,0.0027804002,-0.46886,0.6456939,-0.59700334,-0.5607771,-0.5358889,-10.392599,0.81623524,0.22587025,-0.004910268,-0.5916352,-0.24140254,0.8627206,0.8105989,-0.24710098,0.186608,-0.9925813,-1.8361704,0.20945857,-0.28026885,0.1988871,-0.041577935,0.40264213,-0.7111487,0.30163592,0.32937467,-0.5484671,1.7456139,0.35438764,-0.026671514,-0.53777397,0.9432515,-0.22468112,0.4496592,-0.2069059,-0.5230177,-0.2400688,-0.45534676,-1.1130677,0.40777856,0.24713448,0.12629083,-0.59235257,-0.37933582,0.17991851,-0.2473467,0.7552152,-0.31736758,-0.54835224,-0.6733528,-0.00094912946,-0.32367948,-0.5269306,-0.9631488,0.29906595,-0.42509037,0.3359607,0.9816749,0.44880944,0.65662885,0.10495929,-1.0792924,-1.5220935,0.11018662,0.08216371,0.7313507,-0.43359023,-0.64064276,0.23710349,-0.3875035,-0.3663174,-0.7723133,0.34812176,-0.10415552,2.317147,-0.7804017,0.7295122,-1.3809786,0.928768,-0.8852367,0.4056423,0.19499967,-0.7174804,0.8343468,-0.8788165,-0.17514741,0.23588322,-0.48210865"
https://help.payactiv.com/s/article/Have-You-Activated-Your-New-Payactiv-Card,Have You Activated Your New Payactiv Card?,"Have You Activated Your New Payactiv Card?
Card not working? You may not have activated your card yet. Call us at 1-877-747-5862, so we can set you up!","0.86231124,-0.26004,0.3242538,-0.2993463,0.09149444,-0.9065001,-0.5067402,0.45571244,-0.9040612,-0.89625704,1.0408916,0.15944552,-0.6869108,-0.6142418,-0.16126393,-0.38213038,-1.3325654,0.78152466,-0.64978904,0.3327468,-0.21782218,-0.10949202,-0.08011247,-0.7201655,2.062698,0.030516211,-2.1669157,0.91667247,-1.0714496,0.11002131,-0.34677023,-0.30004546,-0.20977509,0.2893015,-0.53841823,0.25943452,-0.35916942,-0.7945136,-0.5392936,-0.2946182,1.2653064,-0.5680831,1.1845388,-0.7263399,-0.6933211,-0.12138544,-0.28573072,-0.47109893,0.39046487,1.8004142,-1.0703897,-1.2787424,-0.5122035,-0.93167865,-0.07687997,-0.698448,-0.28718394,0.025995359,-0.09138022,0.31685936,-0.3275612,-0.43229628,-1.446208,0.06271878,-0.8370409,1.9999509,-0.82220083,1.0907857,-0.5228157,0.92504203,-0.55659735,-0.20912813,0.3928764,-0.67981035,0.31487423,-1.2129476,0.5324707,-1.402137,0.035029896,-0.43489763,0.5130631,0.058528647,0.52188843,1.0855794,-0.58001435,0.19273405,0.7630222,-0.6992192,-0.6378045,-0.9260966,0.57533336,-0.55708635,0.4089679,-0.530692,0.5619525,-0.09820641,-0.70449865,-1.3740034,-0.52159584,0.69479114,0.5529949,-0.86618966,0.38539854,0.9322214,-1.3630013,-0.6336726,-0.2094876,-0.7260252,1.1385486,-0.83688813,0.4525818,-0.14267357,-0.16807196,1.140686,-1.280198,0.22509755,-0.84324986,-0.13859402,0.47269812,-0.098464824,1.0336791,-0.07273951,0.9359786,-0.7509496,0.078755654,-0.6629154,-1.270254,-0.10894292,0.4344239,0.43890542,1.3023946,-0.7015866,0.7675042,-0.01301384,1.0475005,-0.09854859,0.11219962,0.084028274,0.36056337,-0.12072958,0.6066905,-0.57033324,0.11587626,-0.63040054,0.96421766,-0.2552414,-0.40275466,0.11876642,1.2176241,-0.04688475,-0.20579295,-0.8184035,0.22622418,-0.5266026,1.8274608,1.0094199,-0.8743463,-0.8346292,0.31817168,0.78097576,-0.17425276,-0.22430325,0.06300874,1.0020758,-1.2254988,-1.586173,-0.7451887,-0.5646877,0.11381264,1.2671014,-0.121295825,-0.22307718,-0.46019384,-0.5212588,0.30138737,-0.5072859,-0.10741125,0.24915694,-0.59638786,-1.0253458,-0.8666159,-0.77895606,0.2756066,-0.312508,0.46035716,-0.565267,0.41189313,-0.0803836,-0.23732477,-0.3337501,0.85870343,-0.41374242,-1.6258904,0.465315,-0.12205056,-0.0014422238,0.39925805,-0.8083029,-0.51252985,-0.14430346,-0.86339366,0.3421216,-0.18297215,0.4050295,0.19902942,-0.9304863,-0.06721771,-0.20962156,-0.053599134,-0.2983203,-0.30417866,0.4828834,-0.12142608,0.16424565,0.34614983,0.4322122,-0.69139624,-1.1310828,0.26986343,-0.1506549,-0.07578475,-0.27782342,-0.79641885,-0.9659311,-0.48101655,-1.2660507,0.615094,-1.0655549,0.22883774,-0.0062340237,0.7275645,-0.1375311,-0.5803759,-0.2208649,0.36056516,0.24846303,-0.24980643,-0.13417771,-0.5566273,0.64167106,0.020251691,0.7983929,0.1567059,-1.0565654,0.2396431,0.07191861,0.24896228,0.17900473,0.4472341,-0.93598986,-0.22698203,0.4928202,-1.0592362,0.93015546,-0.21128982,0.31415772,-0.1251674,0.8924796,0.05996304,-1.1285214,-0.22024408,0.75545037,0.32663643,-1.1236879,0.6321666,0.049805924,-0.5590389,-1.2639681,0.69157094,0.7807525,-0.055966653,-0.76053613,-0.46805173,-0.77216905,-1.2005295,-0.08550148,0.08524252,-0.5144402,1.0662119,-0.4846241,1.0283399,-0.112766154,0.7561945,-0.08229211,-0.08501362,-1.1194056,-0.67439264,-0.4404192,-0.010153137,-0.29991317,-0.21572557,1.2525364,0.07461026,0.6346611,-0.9590146,0.69411325,0.4172238,0.37821147,-0.61932254,-2.51981,0.5700371,0.6974306,-0.054293416,-0.9210117,0.67676497,-0.40995938,0.57521015,-0.32511687,-0.43934408,-0.039722115,0.0048121884,1.1980511,-0.606632,1.4546256,1.3867306,1.1793573,0.020479783,-0.07421625,1.118641,-0.82231987,1.3264065,-0.789106,-0.56570965,0.029680535,-0.19122645,0.17132947,0.54172534,-0.31176913,-0.81803286,0.31688216,0.28649774,-0.13386174,0.1518312,-0.33701354,0.6440479,-0.5730878,-0.68544555,-1.3700042,0.43600932,-0.21675831,0.882216,-0.037783243,0.027766779,0.38983837,-0.26840702,0.15671021,-0.8094867,-0.6014966,0.3250024,0.15669864,0.70254415,-1.1488321,-0.32904133,0.22212058,0.019779578,-1.0382032,-0.08696518,1.3047795,-1.541683,0.15253197,0.17186297,-0.46690285,-0.571879,0.6843393,-0.079634726,-0.14908527,0.6815873,-0.72220135,0.777357,0.24627693,0.032616854,-0.23817056,-0.15942542,0.4769585,-0.811656,0.029599778,-0.86461306,-1.541835,-0.9299971,0.4037791,-0.11009978,0.1591461,0.601565,0.031075567,0.5405394,0.061660297,0.2749136,0.95621353,0.0076987445,1.0185903,-0.7230635,-1.4975394,1.0643204,-0.17905326,-1.6209977,1.1704522,2.0843499,-0.84088683,-0.4362318,0.26891983,0.065831035,0.19428423,1.1619984,-0.9050869,-0.82274437,-0.45904994,1.008638,0.59149444,-0.5474636,-1.3811707,0.22256394,0.19315018,0.29624924,0.29317856,-0.7591835,0.043505624,0.60128176,-0.99281955,-0.8395983,0.070408285,0.738873,0.4694658,0.22213618,-0.1800157,-0.030219961,-0.68398005,-0.093379155,0.10465681,0.42011467,0.0116704665,0.6817899,0.5727419,-0.01983032,-0.1736608,-0.47809792,-0.2253824,-0.03715282,-0.41045037,-1.8316985,0.13245863,0.027990907,-1.2333477,0.21398228,0.1428611,-0.31141192,-0.2919761,1.2536638,1.091576,-1.2502164,-0.47289172,0.16283746,-1.4573284,-0.10051514,0.4900597,1.1326431,-0.39742172,0.7261073,0.6338546,-1.1500081,-0.53495777,-1.047924,0.077599525,0.48667842,-1.0061402,0.68718696,-0.5002038,0.013386473,-0.076828755,0.9438329,-0.4027097,0.32555485,0.059016533,0.3294605,0.11737296,0.039001085,0.0742219,0.7392479,-1.398763,-0.33574775,-0.3724804,-0.93519133,0.4709548,-1.1047186,-0.3143282,0.40735883,-0.24976873,0.67450845,0.30130932,0.8620097,-0.37406668,-0.10552224,-0.6609769,0.09282336,0.5516038,0.5594381,0.026374161,0.6403519,0.09660905,0.7142441,0.45548344,0.22712919,-1.3573062,0.9423116,-0.47054148,-1.0640799,-0.26710957,-0.002904348,-0.56453097,-1.1459357,0.08781087,0.9652787,-0.32745308,-0.4680282,-0.58309764,0.052124366,0.48997986,-0.5438664,0.36110353,0.5127703,0.14356472,0.080738306,0.5787746,-1.1421553,-0.2467745,0.13493457,0.4959951,0.38032427,-0.38571978,-0.6118071,0.35761243,0.3102321,0.56953555,-0.52668065,2.1635969,0.49379408,-0.70737004,-0.07941477,-0.50818205,0.57938284,-1.001318,-0.38007432,-1.5624948,0.73576516,0.5263139,-0.15442145,-0.044530094,0.14985919,-0.9931442,-0.2162456,0.5944064,-0.71013767,-0.10781978,-1.9629709,-1.2669774,0.43641612,0.28272226,0.11655831,-2.112861,0.47680956,-0.107697904,0.9415753,0.80258286,-0.22752261,0.48901418,0.20630035,-0.24625166,0.0911763,-1.3615052,-1.1651416,0.34531197,-0.59343255,0.35440135,-0.4681772,0.8399508,-0.529619,-0.7752945,1.1457214,0.8008889,0.1461142,1.1485939,-0.6642492,-0.40436238,0.80117077,-0.45151716,1.3715059,0.53057635,-0.2854721,0.2622498,0.2054939,0.68937755,0.3695939,-0.025163054,-0.39995122,0.9669753,-0.2991453,-0.5580875,0.4109513,0.48272407,-0.38816535,0.5395841,0.5039966,0.34592706,0.36086228,0.906943,-0.2557418,-0.09013973,-0.5278584,-0.30593055,-0.75052464,-0.21327576,-1.07671,0.23803382,0.5049193,-0.15111655,0.7148979,1.0115047,-0.44749007,0.23463261,-0.586858,0.80301493,-0.8064157,-0.29412222,0.55709755,-0.41456696,0.58043647,-0.6692899,-0.26169455,0.24723904,-0.7844727,1.2110853,0.5029615,-1.09691,0.8521831,-0.12262657,-0.5235835,-0.07573431,-0.4514568,-0.0670076,1.0934862,-0.12229639,-0.46986133,-1.1153034,-0.020316511,0.12022153,-0.36911774,-0.28040266,0.17883971,-1.0008966,-0.6635996,-0.45986927,0.57803535,0.520139,-0.43203852,-1.3867245,0.938169,0.4574588,-0.8061584,0.8106334,-0.2848577,-0.06996691,-1.0014372,0.5458656,-1.0257568,-0.31034258,0.6855281,0.65811944,-0.5584773,0.64308834,-0.93603045,0.7140587,0.83009213,-0.66312504,0.07192643,0.22164057,-0.06961191,-0.042272918,0.10875611,-0.13206057,0.55970585,-0.31446517,-0.5548581,-0.7781529,-0.32976872,0.83914995,-0.32970285,0.24568905,-0.044506088,0.1504511,0.1645175,0.79613847,-0.88704306,0.3192706,1.0978981,-0.09625829,0.82786924,-0.8324934,0.35167566,0.41102993,-0.08744592,-0.53041136,0.40696248,0.8591896,-0.15153348,-1.8292509,1.7785759,-0.02703369,-1.1228235,-1.0366217,-0.10232866,-0.08984762,-0.00023312867,-0.76156956,-1.3234116,0.06987861,-0.04446459,1.3549136,0.58410794,-0.7770228,1.2575549,0.37111813,-0.10054511,0.85393965,0.20772001,0.22398329,-0.47740403,0.04190526,-0.080523215,-0.6660447,-0.61630094,0.41669804,0.17362021,-0.82932734,-0.6163664,-1.0390635,-0.844227,0.28774226,0.46707168,0.21810505,-0.5163147,-0.46771917,0.9824393,0.3407519,-0.20990722,-0.21484518,0.39546737,0.58999145,0.52989036,0.45472088,-0.6191073,-2.0607443,0.3632681,0.6014985,0.04914461,0.09547278,-0.81646967,-0.6017699,-1.1760256,-0.14855993,0.5339098,0.2047323,-0.4849278,-0.5932433,1.2376006,-0.4161054,0.90600014,-0.6037646,-0.5560906,0.33714277,-1.1947649,-1.3700768,0.5188441,0.4188346,0.12432578,-0.99692315,-0.62444746,-0.8439407,0.51550126,-1.3179893,0.9579058,-0.12536621,-0.0037682261,0.32418454,0.46725813,-0.6842582,0.6789991,0.8097571,0.6211899,1.0161544,0.26132736,0.5935201,0.114713654,0.5042534,1.6702642,-0.13414434,0.011168376,-0.735662,-1.6360685,-0.7459296,0.6022118,1.6209601,-0.574354,0.0651298,-0.4372584,-0.83851504,-0.14921919,1.0803457,0.24952465,-0.7553401,0.46879563,-0.4302519,0.016181067,-0.32575142,-0.25569737,0.4292523,1.1157789,-0.41478223,0.5072764,0.11661161,0.030465305,-0.8175898,1.2046831,-0.13413195,-1.0556549,0.35951686,0.53506064,-0.081447884,-0.8750692,0.647382,-0.71533906,0.71188587,-0.26160404,0.9196773,-0.3195641,-0.05690603,0.52309126,0.2825808,1.0834465,0.25366008,-0.81404406,0.079021245,0.7349144,0.4006003,-0.4491587,-0.41989976,-0.57524836,-0.060058698,0.19082044,0.93077034,0.65670806,-1.0585675,-0.6268288,0.29576552,-0.3774497,1.9987205,0.8033389,0.30825278,0.04219912,-1.0185341,-0.6796113,0.83038586,0.88795793,-0.7372317,-0.051815227,0.13653603,0.41644585,-1.2984922,-0.09203781,0.19663936,0.78526044,0.004138291,-0.44506162,-1.8111352,0.89113283,0.047094867,1.0988178,-0.15384088,-0.08832218,0.1717905,0.30655247,-0.029270537,-0.1991613,1.310069,0.77549475,-0.8001989,-0.42906272,0.44924343,-0.6156812,-0.26918176,-0.0590111,0.52714,1.1911898,0.15362814,0.4334224,-0.5059611,-0.40744758,0.75084496,0.5463405,-0.50950515,0.33405292,0.48381448,-0.6156928,1.1498283,0.46296388,0.50257784,0.290717,-0.017201394,-0.8861635,1.0575645,0.13648997,-1.1184808,-0.10588739,-0.513532,0.15037961,-1.1168774,0.32163787,0.06818794,-0.13760097,0.30659503,0.29187948,0.58158743,0.30355528,-0.13139635,1.2251613,1.0701358,0.008711413,0.34379786,-0.32907593,-0.27495807,0.64459395,0.9804977,0.28646627,0.17150989,1.0158081,0.051781908,-0.10514407,-0.35926062,0.3982319,-0.2790173,0.8907007,-0.117630795,0.26972649,-0.85184133,-9.973805,0.9746859,0.6928822,0.20226738,-1.3020313,-0.22060469,0.43143368,-0.39393812,-0.017056972,-0.33160317,0.1782973,-0.4389822,-0.13673538,-0.6452503,0.13844523,0.19847924,-0.14218467,-1.2733616,-0.6842178,0.10214129,1.4466031,0.9556598,0.2487339,-0.76594883,-0.29024398,0.3870893,0.3109879,0.5942941,0.04572422,-0.14676514,-0.3668016,0.13318369,-0.8189582,0.32234898,0.7328395,-0.05025722,-0.1347834,0.054875284,0.6219928,-0.58453995,0.5192829,0.1972901,-1.0043225,-1.0320482,-0.011401996,0.7991684,-1.2090068,-0.63614964,-0.2212266,-0.37588984,1.0774157,0.66795254,0.45450366,-0.80414104,-0.21466985,-0.9370682,-0.91669214,0.033275753,0.4118334,0.710263,-0.89194167,-0.19483258,0.37324297,-0.26074338,-0.079729706,-0.33917505,-0.5265298,1.5242488,2.9815521,-0.453788,0.38812283,-0.84734887,0.4848643,0.39222717,0.72469914,0.2495944,-0.4349736,0.62154907,-0.93200755,-0.45553085,-0.52199835,0.87398785"
https://help.payactiv.com/s/article/Requirements-for-Getting-the-Payactiv-Visa-Card,Requirements for Getting the Payactiv Visa Card,"Requirements for Getting the Payactiv Visa Card
What makes Payactiv unique is that you don’t need a bank account to use our tools. All you need to sign up is a phone number and a physical mailing address.","0.3435218,-0.19949989,0.71945035,-1.1093562,-0.47367525,0.002684026,-0.7399938,-0.03176903,0.32605326,-0.6810957,0.78436214,0.07000837,-0.5504049,-0.96696866,0.9537437,1.0593596,0.16788572,1.7670075,0.5849614,0.19894108,0.13297838,-0.85061187,0.7261782,-0.9874042,1.10805,0.016871657,-0.3997594,0.24330178,-0.5527458,-0.93103796,0.56112355,-0.16890933,-1.7981191,0.6258878,-1.3616433,0.46576202,-0.07421225,-0.7322264,-0.5975153,0.28192168,-0.027133122,-1.4784008,0.015382081,-0.7753996,0.278172,0.13533272,-0.8189256,-0.5163121,-0.3236008,1.1486441,-1.4869586,0.37925977,0.14849025,-0.5972174,0.7626415,-0.8435782,0.332193,-0.6790819,-0.15017617,0.4934882,-0.4729346,-0.30488455,-0.8111895,-0.31585532,-0.7478662,2.1679587,-0.33071905,2.4717786,-0.13160992,0.70407814,-0.53014433,0.30117014,1.2143232,-0.109478824,0.15364724,-0.20618379,0.8742104,0.7070304,0.26316303,-0.92888904,0.13811883,-0.516395,0.39598337,0.31621385,-0.58702135,0.11997565,0.058494687,-0.4104215,-1.0877258,0.27934974,0.054291066,-0.36414534,0.1999492,-0.17566901,0.08307575,1.66604,-1.300131,0.16325103,-0.55528814,-0.25462237,-0.5908202,-0.49487782,-0.1589352,0.94491744,-0.5946826,-0.51899576,0.74455655,-0.4850974,1.6711036,-0.61086565,-0.20408565,-0.42205036,0.5857196,0.8339858,-0.9918888,-0.010409676,-0.5136179,-0.5860713,-0.033653438,-0.3923576,0.27500916,0.008752331,-0.053710423,-0.7052756,-0.2936565,-0.57782376,-0.312881,-0.4826875,-0.06520215,1.1401521,0.6753008,0.14152187,0.95606124,-0.34528255,0.20097563,-0.5748275,-0.4052918,0.13718414,0.6384997,-0.59491,0.113918066,-0.3986054,0.11788075,0.22535345,1.446819,-0.3178764,0.039439425,0.45103025,1.0912833,0.9353973,-0.9709695,-1.0482317,0.59421086,0.01091278,1.3588501,1.201775,0.68103206,-1.235579,0.46343204,0.48860568,0.14517492,-0.8298808,0.11988497,-0.50561357,-1.7677454,-0.7019401,-0.97500837,-0.50468767,1.1168165,0.66926754,-0.8786918,-0.16074416,-0.11195096,-1.1375909,0.54836076,0.25782037,0.36267006,-0.6378603,-0.15796621,-0.52625954,0.32721984,-1.0284718,0.4886498,-1.2955253,0.09235853,-0.19015267,0.09889337,-0.72947764,0.2750466,-0.59344023,0.21191616,-0.16254726,-0.84371805,-0.040961772,-0.5539938,-0.25412115,0.53249776,-0.7375371,-0.32729626,0.1041107,-0.29781404,0.13616541,0.5776887,1.3778387,-0.35907164,-0.1032231,0.66272974,0.2555634,-0.96447176,-0.4465828,1.2569983,1.3142694,0.1993247,-0.082064964,-0.45985258,0.006645592,-0.66736555,-0.27703694,0.64869064,0.04930684,0.06047526,-0.27877384,-1.286427,-0.14697497,0.56233513,-2.0067003,-0.60397965,-0.5713575,1.2183009,1.1345658,0.16214949,0.60541433,-0.27157736,0.9430958,0.3817481,1.0420781,0.5385981,0.6543888,-0.46221614,0.19420043,-0.5361728,-0.95934945,0.28943425,-0.6261862,-0.98079747,0.15646449,0.15130264,0.8871608,-0.57351243,-0.70504814,0.3013224,0.29920167,0.5568619,1.1796991,-0.20463644,0.2786624,-0.3161583,0.18747883,0.045428276,-0.44823015,-0.032445338,0.2863438,-0.42497557,-1.3031397,-0.47710633,-0.26297033,-0.93680537,-0.93863475,0.6956101,0.74090666,-0.7231647,0.4948056,0.7295043,-0.56044567,-0.8766242,-0.18220496,-0.79325384,-0.5994402,1.8983498,-1.0762738,0.27902856,0.49814525,0.45885634,-0.13319226,-0.48000976,-0.16196848,-0.80603385,-1.0279508,0.4400524,0.54517144,0.93612695,-0.28319365,-0.0061439276,-0.722366,-0.35360056,0.95484024,-0.004958257,0.46316674,-0.7342324,-2.0251358,0.039672635,-0.5278552,-0.2927402,-1.5406685,1.1034999,0.0063785687,-0.17735715,-0.5681089,-0.1151326,0.5513607,0.35611805,1.0457869,-0.32458296,1.1915967,0.60629886,0.99300027,-0.1303212,1.1308795,0.54977804,0.24025045,0.17607176,-0.15092295,0.3187397,-0.3924258,0.24372396,0.71135604,-0.027249984,0.56343144,-0.7221505,0.19894308,0.11982226,-0.5684258,-0.614834,-0.11624996,-0.21567886,-0.36582443,0.065743566,-0.67687523,1.2432115,-0.058564194,-0.22338654,-0.3286977,-0.5244033,1.1717402,0.44142208,0.65443444,-1.310307,0.06699911,1.2075633,-0.27697688,0.20992902,-0.53493875,-0.20319706,0.47246712,-0.47427246,-0.6203254,-0.14168489,0.65322053,-1.4723768,-0.45007887,1.1182656,-0.010246918,-0.62441486,1.3117092,-0.35455647,0.033346385,0.32389712,-0.3819734,0.6704761,1.4360309,-0.8264588,-0.13901874,-0.64193356,-0.66721725,-0.03679633,-0.23241898,-0.19916332,-0.98155415,-0.18118964,0.89932114,-0.48250657,0.09213209,-0.84042275,0.5921814,1.2645092,-0.3635649,0.43511844,1.1406239,-0.33076596,0.2880045,-0.22004768,-1.6463794,0.8581976,0.13694191,-1.3009732,1.0569638,0.93488383,-1.0347494,0.31159407,-0.2348224,0.4495237,-0.063874856,0.74721384,-1.1444623,-0.89194334,-1.0073214,0.62659705,0.655069,0.3607195,-1.1526103,-0.2012382,0.19753118,0.35691348,0.36397576,0.18753624,0.061705932,-0.08062627,-1.268718,-0.6357238,-0.77248317,0.63005674,-0.3783989,0.16906689,0.84737676,0.43476355,-0.31036133,0.11883546,-0.61868334,0.13021806,0.38626862,-0.28831518,0.7927358,-0.2038691,0.63262504,0.16174245,0.66282964,0.37927595,-0.11000761,-0.7256046,0.1734078,0.003461413,0.5845635,0.06584214,0.0663064,-0.8336456,-0.4722837,0.9545542,-0.4609878,-0.4539067,-0.5778666,0.69595754,-0.90646017,-0.9523027,0.17645997,1.3947264,-0.66800857,0.23760605,0.25417563,-1.3983063,-0.28246784,-1.2868261,0.6974924,0.20365885,-0.76008904,0.8250697,-0.41357422,-0.7548677,0.85497475,0.30560327,0.15596941,-0.6843525,0.10458166,-0.07026934,0.00748571,-0.3549851,-0.021832874,1.0597954,-1.0351529,-1.0376903,-0.7416387,-0.7646698,0.829632,-0.2398674,-0.15831019,1.0456133,-0.114238486,0.35865363,-0.681332,-0.2541275,0.17408107,0.1772272,-0.81462324,-1.1021805,-1.1251583,-1.249782,0.027403027,0.14707524,0.7697456,0.61677873,0.6144817,0.5563502,-0.5704417,-0.59657526,-0.5404286,-0.76958036,-0.4816206,1.0427401,-0.36102495,-0.20239858,0.38591513,-0.054479226,0.38368762,0.18327115,-1.5588505,0.24905095,-0.123849235,-0.4571092,1.3865285,0.63019305,0.71204406,0.37146807,0.09088282,-1.1527777,-0.27486265,0.36483675,0.13457225,-0.38115042,-0.25547114,-0.20930058,-0.1384342,-0.21376269,0.3148779,0.46782124,1.1786696,0.5981224,-0.85065347,0.644772,0.36731058,0.21474962,-0.52939516,0.25500584,-0.53101337,-0.613231,-0.009932391,-0.30950302,0.15783894,-0.087903135,0.67384684,-0.9408847,0.6638476,-1.0375599,0.4504012,-1.3785512,0.9444362,0.25077027,0.083016,-0.043299742,-1.1269362,-0.45756096,0.16172095,0.64679325,0.22689752,-0.38957715,-1.1048113,0.88192296,-0.2768269,0.5946777,-0.05100033,-0.66001415,-0.039547004,-0.275737,0.081555724,0.28645426,1.0597932,-0.09451043,-1.165781,1.3662316,0.882102,-0.32494497,1.6657181,0.21008807,0.6339706,-0.09556958,-0.860292,0.34910113,0.56079394,0.21670273,0.85216314,0.39717034,-0.23135318,0.59412175,-0.9368413,-0.02739653,-0.17845339,-0.07421888,0.040757857,-0.41187394,-0.33227077,-0.2818392,0.35792804,-0.20189483,-0.17966622,0.3950317,0.6169546,-0.63505113,-0.665443,-0.07483193,-1.4241611,-0.42645466,-0.5706795,0.27158627,0.04207536,0.9649124,-0.41805065,0.27940905,-0.03544347,-0.24078628,0.14281073,-0.0657206,-0.0029309988,-1.5263356,-0.053691387,0.73137885,-0.05585655,0.07348263,-0.27466393,-1.04709,-0.083992764,-0.39969826,1.4442346,-0.4413627,-1.0873927,0.7929479,-0.72620696,-0.39113224,-0.6173481,-0.6905018,0.07021168,0.23267514,0.34402364,-0.33554202,-0.011981785,-0.54009175,0.23958388,-1.1460286,-0.78787434,-0.08919551,-0.22640261,-1.3894669,0.10613153,0.5733217,0.25125575,0.23033516,-1.0156202,0.37452665,-0.18877003,-0.593922,-0.43685865,0.12354063,-0.61171776,-0.48860183,0.40679932,-0.96596897,0.15293261,0.5530386,0.21653475,-1.1532108,0.17598484,-0.6840878,1.2465189,-0.4091608,-0.012115359,0.20177962,0.4913478,-0.58205837,-0.010014859,1.1398432,-0.31246462,0.25733936,-0.4993475,-0.6535912,0.27807423,0.07877795,0.7332039,-0.05595825,0.5618583,0.48305058,-0.42788413,-1.545739,0.55961365,-0.5918638,0.2864946,0.5036752,0.10135668,-0.23927462,-0.06931716,0.44191593,0.45938742,0.32673192,-0.90146625,0.16010736,0.6984416,-0.21341813,-1.5818003,2.175689,-0.29320332,-0.49545458,-1.2188549,0.011544503,-0.43594834,0.26668987,-0.064753436,-0.41939354,0.5770651,-0.51058716,1.7225264,0.25723547,-0.78763896,0.73832303,1.059627,-0.8001855,-0.060680464,-0.14290252,-0.48852465,0.10228643,0.028777234,-0.40908703,-0.6661907,0.07483597,0.54290557,-0.35541087,-1.3496416,-0.87452763,0.025417611,-0.13185239,0.4205442,0.31787884,-0.088880055,0.2806685,0.0010351688,0.9053352,0.19378582,-0.097755894,-0.77794415,0.031473,0.6816252,0.7006195,-0.17896208,0.29720658,-1.485175,0.8839321,-0.36814427,-0.6015935,-0.6090324,-0.49500063,-0.48772562,0.18509074,-0.31290406,0.5107358,0.6056194,0.5511748,0.03406594,0.5739601,-0.6459967,1.0661585,0.14561518,-0.08808947,0.31800526,-1.0303578,0.122350246,0.4504046,-1.0662872,-0.059897006,-0.68872666,-0.44568077,0.121751755,0.6923008,-2.5485816,0.74529886,0.0022173338,0.016489148,0.19243366,-0.41564608,-0.49230975,0.98063356,-0.3321344,1.4205914,1.3942938,0.37109166,0.31948125,0.57049775,0.8591669,0.72056854,0.025911957,0.16709131,-0.15029773,-0.62639976,-0.3616752,0.8170283,1.6125163,-0.47654507,0.13706994,0.02464764,-0.110764645,0.10774593,0.26311615,0.29551342,0.07940533,0.006661445,-0.9000259,0.23679361,-0.81236154,-0.8929616,-0.1585277,0.54728025,-0.27642635,0.026308298,0.72749645,0.053684548,0.0619933,1.3393153,0.25331175,-0.290547,0.15765221,0.4642854,-0.91277355,0.44999433,-1.2139827,-1.5319552,1.0721813,0.4081504,0.41735154,0.04914072,0.36915064,0.42368963,0.8945445,0.80621934,0.08330361,0.01796357,1.201036,-0.14094457,-0.73925835,-0.59350044,-0.01669459,-0.92711735,-0.73436016,0.08986283,1.105293,0.10334988,-0.4115864,-0.24392633,-0.123773776,-0.018026661,1.7872663,-0.27893907,0.16788498,-0.60896003,-0.66178197,-0.050523102,0.2937994,0.3124019,-0.701789,-0.21406122,-0.20470333,0.6468589,-1.2486861,-1.2047095,1.025513,0.5765746,-0.86319745,-0.69059056,-1.1008053,-0.46312398,-0.43783456,0.30246556,-0.17336433,-0.1823042,0.46401975,-0.7532584,-0.19093366,0.382339,0.9449261,-0.007335931,-1.0543509,0.101104245,0.63822705,0.9837091,-1.3211842,0.56526864,0.40610215,0.8566042,0.28894684,-0.47320628,0.10917137,-1.0659338,-0.340924,0.42351338,-0.18177445,0.05844275,1.3894032,-0.081319705,0.9191002,-0.46049058,0.21653515,0.121642366,0.40777355,-0.18191466,0.12920976,-0.42549187,-0.59050125,0.08920619,-0.29396817,-0.34873044,-0.32022518,0.1627815,-0.09586665,0.3176686,0.020445086,0.1285818,-0.29203153,-0.48679584,-0.006603442,1.2776597,1.2920638,0.396584,0.22183327,-0.39307737,-0.45532933,0.1876072,0.64220756,0.45472983,-0.038036175,1.0611078,0.5154736,1.1605135,-0.42937803,0.3733968,0.20813042,1.1217119,-0.29921323,0.45550254,-0.4072446,-11.039346,-0.39268616,0.3737843,-0.6344713,-1.0421423,-0.23804727,0.4913885,-0.7454128,-0.15362197,0.18266849,-1.2526722,-1.1987575,0.13602869,-0.39849818,0.21275313,-0.5447027,-0.8979264,-0.69838804,0.05849906,0.98239833,1.2131772,1.4300925,-0.5604416,-0.4179988,-0.177863,0.6875093,-1.2820965,0.13126616,-0.26094967,-1.1722063,-0.34909356,0.48920548,-0.8416957,0.200825,-0.2751963,-0.5742868,-0.7559769,0.20920247,0.61926657,-0.5998837,0.46072984,0.5945617,-0.6479762,-0.8806812,0.3576678,0.80561143,-1.444107,-1.0328019,0.32481772,-0.077723995,-0.019159973,0.47425857,0.007029861,0.36257806,-0.92899674,-1.189376,-0.3181196,0.05244328,0.09882301,0.95677173,-0.6618575,0.4345063,0.9486159,-0.3866104,-0.39612302,-0.30646628,-0.39914757,-0.14124432,1.810107,-0.19070874,0.2792062,-1.4792517,0.32319918,0.28399396,0.2609507,-0.60093546,-0.39697552,0.26221025,0.44372806,0.007838488,-0.057436675,-0.5547388"
https://help.payactiv.com/s/article/Shipping-Times-for-Payactiv-Visa-Card,Shipping Times for Payactiv Visa Card,"Shipping Times for Payactiv Visa Card
After we approve your application, you’ll receive your card in 7-10 business days. Watch your email and phone for status updates! We’ll let you know when the card is on the way.","0.3704264,0.35794985,0.4978307,-0.5717819,0.7878438,-0.06441559,-0.38513425,0.47216475,-0.16475178,-0.8062552,1.0782703,0.36931175,-0.83440405,-0.17783254,0.13364702,-0.84451616,-0.33445758,-0.4216017,0.70697325,0.062693484,-0.54474795,-0.12540247,0.13034877,-0.3078411,1.2280561,0.8331929,-0.8672943,-0.113776356,-0.85932183,-0.7819134,-0.3083992,0.65366757,-1.490133,0.21473561,-0.5669127,0.24618877,-0.03381276,-1.034803,-0.26445284,0.36027497,0.11473128,-0.04515329,0.96589017,-1.1993428,0.08869233,-0.513016,-0.32042173,-0.39788932,-0.48453698,1.3670868,-0.14255926,-0.5111537,-0.06588096,-1.6019886,-0.6748917,0.13542132,0.44812799,0.8040465,-0.20642062,0.41166848,-0.7868172,-0.6552559,-0.96529114,-0.002026409,-0.8739196,1.5831387,-0.23555338,1.55855,0.08355051,0.7785684,-0.5743855,0.46603185,0.6142606,-0.15938069,-0.47177798,-1.2588083,-0.29516545,0.112460636,0.28032446,-0.2729822,1.1720089,0.38478738,0.20692155,0.2508403,-0.7416345,-0.2549375,0.17271398,0.22225784,-0.5712997,-0.1292991,0.56599915,-0.43206483,-0.3241181,-0.45312032,0.86839265,0.8422785,-0.43720546,-1.781855,-0.5319789,0.8496809,0.026123345,0.3758374,-0.30589795,0.40356055,-0.49079043,0.47226483,0.3548912,-0.5258965,0.9638165,-0.7756428,0.102359965,-0.34357214,0.223169,1.2873278,0.5513887,-0.77015156,-0.1488954,0.045183584,0.652678,0.45291314,0.7864794,0.17726675,-0.03900846,-0.29415065,0.43873426,-0.24033174,-1.4968197,-0.6118002,-0.26921967,-0.51030207,-0.059599265,0.43500143,0.744942,-0.19842266,-0.5348397,0.59872174,0.7382858,-0.24540362,0.1189702,-0.8945711,0.65816283,-0.75105137,-0.22096348,-0.05418088,1.5314628,0.26199126,-0.37499964,0.94540334,0.45538843,0.08580856,-0.9934136,-0.7642911,-0.102578625,0.3574918,1.3008881,0.6332197,0.52326983,-0.7972636,1.6816465,0.85638934,0.17578274,0.09810729,-0.32662606,-0.9636481,-0.72930557,0.6051965,0.2014746,0.062888324,-0.3500628,1.1523721,-1.1911397,-1.0494815,-0.005996201,-1.9072217,0.7483872,-0.281877,0.5566676,-0.50565,-0.085196614,-0.90416086,-0.48323146,-1.4380372,0.8923379,-1.2653955,0.030193627,0.5988834,0.22683544,-0.29796624,-0.23132288,-0.6288466,0.8063365,-0.49011135,-1.3613299,0.45416507,-0.033019617,0.731212,0.5340502,0.19511281,-0.28321695,0.109065205,-1.8220792,0.14093783,0.7439452,1.1373644,0.13734044,-0.93876135,0.7746695,-0.08836524,-0.054722928,0.03544257,0.020751253,-0.12814659,0.41235256,-0.22320433,-0.11115264,0.5404855,-0.4800506,-0.6351526,-0.51789486,0.2269214,0.3086537,-0.48756087,-0.54971045,-0.83752286,-0.37101942,-1.5599489,0.5426004,-0.9418923,0.622103,1.0114648,-0.08938423,0.51740235,0.8414741,0.00479725,0.54680943,0.39802685,-0.0568567,0.91433173,-0.3094788,0.7183732,-0.47419453,-0.32252097,0.4819177,-1.2120327,-0.72998387,-0.6577381,0.0906317,0.026896149,0.4375533,-1.042236,0.2428292,0.90872896,-0.38737202,2.972797,0.30745852,-0.86528134,-0.75827706,0.44016668,-0.6260113,-0.82879925,-0.60528654,0.71265376,0.25155497,-1.0404196,-0.6268031,0.379542,0.25282374,-0.4645567,0.5614865,0.77997756,0.13732262,-0.27655232,-0.5576444,0.16744855,-0.7246065,-0.39526415,-1.28037,-0.916083,0.98529565,-0.039863177,1.0609019,0.080273785,1.1301,-0.37189075,0.81829923,-1.0901777,0.049883783,-0.74351734,0.35760313,-0.7131238,-0.15853444,1.3507221,-0.15318704,0.43637863,-0.43823928,-0.39878768,0.07251037,0.3578699,-1.640372,-2.5758069,0.9825402,0.06412298,-0.5263308,-1.653351,0.48111427,0.82231635,0.65811133,-0.9843294,-0.4783477,0.6406465,-0.14662768,1.3456254,-1.3476347,1.399603,1.1104299,0.8103099,0.31065944,0.043394305,1.0532436,0.6506528,1.5032045,-1.0235487,-0.3609486,-0.26459748,0.34152398,0.81241775,0.8579336,-0.30845433,0.018796496,-0.5358356,0.8170203,-0.2420276,0.1305537,0.206861,1.8679166,0.5300998,-0.3095398,-1.1452185,1.0035734,0.45027694,0.58887494,-0.03564199,0.3841439,0.98951566,-0.18441471,-0.35749385,-1.2366602,-0.027173072,-0.39420542,0.20378962,0.42796662,-1.0480161,-0.6008731,0.6193062,-0.019290462,-1.0435292,0.1458174,1.0462712,-1.3650954,-0.5653927,0.47969732,0.24716842,0.28372777,0.4750707,-0.37324363,-0.038694903,0.90496373,-0.15010636,0.57647276,0.26298785,-0.910799,0.084492944,0.35090566,-0.34013987,-0.28545523,0.6095673,-0.70525396,-0.6666321,0.18972217,0.8283746,-0.33599555,-0.26228845,-0.61055976,-0.8723874,1.3757224,0.77385193,0.09963362,0.7551364,0.24897107,0.6536174,-0.15885438,-1.4591943,0.15500396,-0.21786617,-0.35319987,0.61469585,1.1878649,-0.8758858,-0.6303946,0.1941103,-0.19310218,0.73410666,0.23785523,-0.9755671,-0.70101845,-0.5042604,-0.4306179,0.2728893,-0.58145005,-1.2760649,-0.11895968,-0.041558944,0.17608353,0.6144669,-0.6905651,0.29002607,-0.26565805,-0.7520647,-0.95825833,-0.3533388,0.76934123,-0.6064663,0.2675329,-0.037326913,0.5274078,-0.54168993,-0.9514436,-0.45039585,-0.055836845,0.055577673,0.17309095,0.45465696,0.041033126,0.122119345,0.12538664,0.059447125,-0.556639,0.26445916,-0.03376475,1.0163553,-0.29557112,-0.24203987,0.48395663,-0.54578555,-0.124308854,-0.435421,1.109234,0.17041269,-0.7535027,-0.7399203,0.18515939,-0.008652285,-1.0229187,0.7251731,0.80102515,-0.7356251,-0.40327966,0.2411049,-1.4140834,0.2787956,-0.8944454,0.20210806,-0.7437611,-1.157198,1.1329175,-0.4941662,-0.9727999,0.8839527,-0.035926342,-0.48704335,-0.566498,0.17280453,-0.5005806,-0.49630454,-0.34468812,0.4605298,0.38251314,-1.5428301,-0.37008736,-0.39410877,-0.9435085,0.44227508,0.032798566,-0.7228761,0.032341532,0.5560428,-0.31455237,-0.6441919,0.06492967,1.0498492,0.80474305,-1.2550522,-0.61543894,0.22303733,0.044112593,0.8306931,0.63487,-0.15011597,1.000299,0.20353843,0.70058644,-0.94332445,0.23647821,-0.9740529,-0.44550937,-0.6463485,0.9720532,-1.3284669,-0.98576957,0.51457846,0.49414998,-0.56085277,-0.16106927,-0.4314305,-0.120722346,-0.1942216,-0.3744879,-0.1745332,-0.37105894,0.71812516,0.5728978,0.26562452,-0.9716865,0.11858502,0.3581842,-0.15880021,-0.15700856,-0.3229908,-1.2204143,0.16102709,-0.8144876,0.3380882,-0.4206605,1.1987739,0.6030663,-0.49143934,0.19421065,-0.93240345,0.549716,-0.25061864,0.4921474,-0.9089547,0.43358362,-0.5460795,0.22870275,-0.6504838,0.26915953,0.06829862,-1.0365707,0.12705997,-1.1022141,0.66284865,-0.5488069,-0.8722384,0.048054673,0.89132845,0.5087496,-1.2338051,0.3609367,-0.20188004,0.48716742,1.6511962,-0.81823397,-0.6032443,0.19679481,0.35636395,-0.33799195,-0.5875979,-0.48318946,0.53589326,0.46669716,-0.25815368,-0.9187045,0.031668104,0.0059064925,-0.9702831,2.0515406,0.4032319,-0.29827562,1.3875006,-1.0327843,-0.25553536,0.93962014,-0.050633684,-1.0408921,0.47466844,-0.44034192,0.37803537,-0.2902875,0.014482312,0.8827396,-1.0367738,0.41535187,0.88208884,-0.49633443,-0.17841756,0.398788,-0.6110255,-0.7095188,0.07453027,0.33640096,-0.20371735,0.3656367,-0.045928136,-0.40781236,0.096101545,-0.036483597,-1.3351876,-0.8826845,-0.45968816,0.6432128,0.618048,0.62907434,0.68309337,0.90678334,0.42682162,-1.0985659,-0.13646664,-0.37784734,0.22649288,-1.0801221,-0.36773574,-0.33380765,-0.24903974,0.0066179186,-0.5425694,-0.08956354,0.2013999,0.14152329,0.61736995,-0.6831309,-0.33168465,0.49676746,0.028240755,0.7956311,-0.07612652,0.13086188,-0.2630369,0.4543001,-0.37721705,-0.528242,-0.26317495,-0.89071375,0.022875972,-0.9666826,-0.111262195,0.72552246,-0.018481635,0.0887488,0.122829355,0.85530144,-1.0752255,0.6062842,-2.2443032,0.9365952,-0.25870812,-0.48875296,0.73974216,-0.65134764,-0.7149272,-0.8349752,0.4081576,-1.7403896,0.2998949,0.648295,-0.30996752,-0.6496563,0.1258487,-1.1192232,0.2790071,0.16271691,-0.40324306,-0.63537586,-0.0459581,-0.16449332,-0.10865447,-0.60962576,-0.60150117,0.5281866,-0.08564377,0.115140945,-0.07488024,0.785328,-0.08228289,-0.4518945,-0.22481091,-0.14664167,-0.6890284,-1.101308,0.3053401,-1.1027678,-0.7652124,0.70628154,-0.11781107,-0.21630643,-0.9279899,1.0592426,0.59665847,0.2893,-1.4902809,0.58972365,0.2182112,-0.5478492,-0.96899104,1.2943168,-1.0060005,-0.6106336,-0.77286196,-0.18877782,-1.0995072,0.27849102,-0.60105294,-0.945905,-0.18969393,0.10098929,1.7847575,-0.23227568,-0.68907887,0.5549,0.43676394,-0.8739743,0.49784505,0.08271917,-0.03527353,1.1436026,0.90470374,0.0047489274,-0.13357088,-0.07449369,0.46969703,0.68381244,-0.45279402,-0.88218445,-1.456576,-0.3915024,0.61383945,0.15055129,-0.0029783659,0.08743641,0.39843336,1.2538564,0.43646294,0.41453812,-0.16213839,-0.6236142,1.3551085,0.34177667,0.24483162,0.74356294,-1.9958421,1.3118185,-0.7044155,-0.36636606,-0.6526979,-0.639231,0.018696949,-0.18379465,-0.34092957,0.6205776,0.7486142,-0.21424296,-0.03167898,0.87608826,-0.17963584,0.2426022,-0.34131444,-0.38420883,-0.21608545,-0.5586525,-0.12564701,0.5548935,-0.27293456,0.47605875,-0.40477988,-0.24540117,0.5993581,0.52454466,-1.4805951,0.8059931,-0.08417313,-0.013380752,-0.25584903,-0.6060217,-0.06590238,0.50281453,0.080170244,0.4600619,1.4607277,0.5943353,1.3243173,0.69567126,1.0705174,0.87404245,-0.3993119,0.80831933,-0.80348957,-0.12603448,-0.30911773,1.2154412,0.6540258,-0.7626471,0.19014366,0.043963917,-0.4627229,0.27774608,0.61389124,-0.09776847,-0.42870733,0.52212584,-0.57168233,0.41800588,0.19571607,-0.73411274,0.02833547,0.21287546,0.2790903,-0.57062674,0.045165624,-0.1099006,-0.79259753,1.1481965,-0.14130199,-0.3036691,-0.6793433,0.41345382,-0.14954033,-0.59907174,-0.2394771,-1.046807,0.56051743,1.1265765,0.36595243,-0.0063501447,-0.39374703,-0.13712066,0.54123354,0.11590773,1.021013,-0.13291527,0.12276219,0.18717155,-0.087321416,0.41866204,-0.09742309,-1.0779517,-0.6836253,-0.17257339,1.3355852,0.6226996,-0.521851,-1.0906538,-0.12406608,-0.13648447,1.04249,0.17378244,-0.036581993,-0.15435688,-1.3391368,-0.88800466,1.9430838,0.8455521,-0.47104603,-0.28042346,0.6196361,-0.53300405,-0.6973036,-0.724922,0.76105523,1.2190722,-0.5991769,0.2974066,-0.32282397,0.3721061,0.3344304,0.8166611,0.7581629,0.38977838,0.6561147,-0.7635237,-0.34922013,-0.117160544,0.65287715,1.1229122,-1.1921345,-1.1541357,0.26268953,0.28669882,-0.48613316,-0.36061782,0.36546987,0.8962997,-0.3973416,-0.9862076,0.50232804,-0.2266121,-0.35346207,0.28981078,0.5894564,-0.19510384,0.37017888,-0.2821101,0.80489373,0.218291,0.20643213,-0.054668367,-0.094760284,-0.46709508,0.3750021,-0.8416563,-1.3178004,-0.015469357,-0.5408777,-0.7067781,-0.29571733,0.97678083,0.12765846,-0.30272648,-0.88006693,0.1595461,0.40253574,-1.3480961,-0.27245855,1.4232773,0.51643384,0.62441707,0.25273958,-0.959727,-0.4583599,0.12751953,0.19069698,-0.1365499,-0.61756766,1.0428686,0.1305424,1.1326987,-0.24536487,1.2871813,-0.29153118,1.5375788,-0.77659774,-0.331828,-0.6862929,-10.080127,0.19288328,1.2808281,0.5933584,-0.32164085,0.7069325,1.1528199,-0.39414987,-1.1477095,-0.5951517,-0.04966093,-0.63487816,0.678961,-0.22103512,0.040774897,0.085349776,-0.15137066,-0.64008486,0.18553099,0.48183632,1.7771508,1.3200624,-0.15581426,-0.8325183,0.39612007,-0.5048256,0.37482664,0.8793788,-1.2313119,-0.7135451,-0.3654824,0.96805906,-0.9405305,-0.15258941,0.6758437,0.6318753,-0.88615566,-1.3281187,0.30771422,-0.24765591,0.46925575,-0.559012,-0.3727345,-0.82533604,0.8443951,-0.40010592,-1.2661483,-0.97230893,0.10257761,-0.55850565,0.60068095,0.91508543,0.79863393,0.20837998,-0.9662288,-0.038859136,0.050519146,-1.0002294,0.90535146,0.48611185,-0.2254532,-0.3589406,0.888144,-0.75354445,-0.64703006,-0.8072429,0.13704728,0.053163737,1.9153808,-0.4333629,0.9484235,-1.2168843,0.35848293,-0.42531946,0.6971717,-0.7662515,-1.2240826,1.2453421,-0.4945645,-0.120765746,0.3011679,0.3701074"
https://help.payactiv.com/s/article/Using-the-Payactiv-Card-Internationally,Using the Payactiv Card Internationally,"Using the Payactiv Card Internationally
The Payactiv® Visa Card* works outside of the U.S., but you may have to pay international transaction fees when you transact. Please see your cardholder agreement for a list of prohibited countries.","0.39153185,-0.53667396,-0.030646876,-0.24175394,-0.43250817,-0.77256924,-0.9209124,-0.42553324,0.3210504,-0.51666194,1.4250681,-0.31551495,0.00838311,-0.46053907,1.0749195,-0.14790371,-0.4717548,0.020474985,0.22122332,0.44185108,0.35579327,0.058934256,0.3998134,-0.81307614,1.782083,0.044118173,-0.78408736,0.60624415,-0.40372995,-0.03979273,0.19283003,0.19818819,-1.2497462,0.15573472,-0.51485497,0.27809596,-0.04471472,-0.09540902,-0.25845578,-0.51736385,0.32782048,-0.79357433,-0.62501276,-0.5722328,0.40280998,-0.09009509,-0.42731097,-0.025877744,0.32046616,1.5307096,-0.92347884,-1.2239957,-0.39841127,-0.7437981,0.497369,-0.8082288,-0.17682417,0.2625415,0.23386136,0.06841156,-0.16860363,-0.25736216,-1.1309718,-0.7718042,-1.0978801,1.5151693,-1.2103838,1.4967787,0.044567302,0.3934953,-0.95586544,0.23169698,0.94650954,-0.46334323,-0.7863682,-0.139218,0.037955374,-0.24403535,0.9288174,-0.09390071,0.16389775,-0.772795,0.33239582,0.43408906,-1.066234,0.015697975,-0.5803517,-0.14504208,0.41140428,-0.0071923956,-0.047419377,-0.4026292,0.26437685,0.0019658208,0.50948143,1.5708241,-0.42705095,0.10068981,-0.0071078613,0.2514862,-0.64894605,-0.48678678,-0.47869778,0.99389255,-0.010450855,-0.5410856,0.05287241,0.5042364,-0.046680674,0.34460473,-0.22986543,-0.5327603,0.027694028,1.313366,-0.2464841,-0.4163844,-0.87788063,-0.8166917,0.14112318,-1.1121795,0.3672032,-0.8258947,0.5416498,-0.65152985,0.41649368,0.0952405,-0.5740684,-0.19602229,0.8172565,-0.25982648,1.4062306,0.27434272,0.8557861,0.6719587,0.36025736,-0.85877234,0.13682513,0.35227534,0.87640184,-0.14461309,0.72555125,-0.02488862,0.37737787,0.22427037,1.3611454,-0.5582028,0.22849646,0.66465294,0.6461432,-0.30554006,-0.12481412,-0.5119383,-0.025567442,0.40318418,0.68405056,0.8671743,-0.5472466,-1.1160048,0.4898478,0.63720393,-0.0020606816,-0.006420329,-0.3359285,-0.35173205,-0.5070205,-0.96740544,-0.7534867,0.36627433,0.08032279,0.2982864,-0.80788654,-0.30888703,-0.22409905,-1.5923405,0.37436646,0.31658334,1.0944897,0.08288199,-1.082114,-0.017518535,-0.81093353,-0.9765686,0.5908081,-1.4559783,0.04001399,0.2494208,-0.10965154,-0.5780515,0.41849,0.44608974,0.6338252,-0.51386833,-1.1783636,-0.056272455,-1.106732,0.44753474,1.336094,0.22843038,-0.22909878,-0.11454609,-0.19943567,0.70183325,0.7881301,0.7307135,-0.041761182,-0.80659926,0.5320531,-0.053169884,-0.35337722,0.33455372,0.49705,1.2669605,-0.27224317,0.047442704,0.20529568,1.011103,-0.8989656,-0.0152229965,0.2570547,0.009853266,-0.8052335,-0.6662876,-0.57707393,-1.1022687,-0.14573957,-2.0684075,-0.32916236,0.4779572,1.2528214,-0.0029012263,0.32697448,0.54976,-0.4652734,0.4216072,0.12128353,0.1572245,-0.43068802,0.34054625,0.027126543,-0.0002965927,-0.17667896,-0.19386598,0.3637765,-0.8748783,-1.6740074,0.05267653,0.5402036,0.10287365,0.13070248,-0.5622953,0.38451362,0.55234206,-0.7729176,1.0908489,-0.5153971,-1.1019518,0.05872988,-0.022283047,0.18563117,-1.1991807,-0.46698534,1.3218217,0.6050213,-0.9370174,0.6689068,-0.1872027,-0.401164,-0.8828503,0.054549806,0.66616607,-0.6182051,-0.45004514,-0.30213523,0.48766142,0.57957643,-0.17752075,0.21363215,0.31483835,0.88553804,-0.63569325,0.4211855,0.3284546,0.91920733,-0.66793877,-0.3026125,-0.83827657,-0.6953409,-1.348414,-0.5489737,-0.078157224,1.1479667,0.5465996,0.49984348,1.1198288,-0.5464527,1.4805067,0.36770958,1.1459067,-0.34792036,-1.1084989,-0.5493964,0.7502363,-0.64566714,-1.2335136,0.2857098,0.3978418,-0.34286004,-0.072283156,0.44726238,1.429354,0.90062296,1.2056338,-1.0194073,1.2809781,0.09655622,1.1388077,-0.17325328,0.22333008,0.31253004,0.23118232,0.17676798,-0.758183,0.42618152,-0.14098153,0.13155499,0.54513204,-0.102828175,-0.07652652,-0.4398706,0.30889297,-0.009252876,-0.77982503,-0.1826537,0.22557078,0.6729916,-0.993769,0.017232873,-0.5251603,1.0219749,0.08544735,0.086441696,0.36233285,0.32639796,0.4443802,0.18095955,0.058573604,-1.0326003,0.04468274,0.28627232,0.0796871,0.70937914,-0.6923604,-0.17034578,-0.31362814,0.102422826,0.19245434,-0.46469107,0.9182323,-0.8666147,0.14257395,0.38722163,0.46555468,-1.6120032,0.8675863,-0.3693154,-0.24968195,1.0426949,-0.2535676,0.51165134,1.220067,-0.40519354,-0.48840314,-0.7577893,-0.2976852,-0.06573553,0.06620195,-0.6666402,-0.58543164,-0.6158222,0.08199369,-1.1607547,0.34170416,0.04614733,-0.33695903,0.89082557,0.69010663,0.09401892,-0.4545983,-0.059010852,0.6006672,-0.66525304,-1.6232975,0.8547047,-0.24681485,-1.4447954,0.72840863,1.1589416,-0.52475345,0.24075945,1.0145663,0.41944414,-1.2687021,0.9931483,-0.8281633,-1.0250002,-0.72399527,-0.1642524,0.23482256,-0.25409648,-1.5632604,-0.31016588,0.18151352,0.01726877,0.20581305,-0.93801486,1.1542815,0.393593,-1.4748887,-1.415681,-0.47896004,0.81086016,0.28978926,0.8473184,0.06444189,0.2594692,-0.484894,0.4194328,-0.7346787,-0.11185907,-0.5999842,0.14716937,0.47559863,-0.97453696,0.70861655,-0.4312582,1.3240858,-0.99221677,-0.08408673,-0.51917917,-0.10471908,0.39778173,-0.9408912,0.06780514,0.31627285,-0.5148137,-1.2666234,1.5756376,1.2551268,-0.19978821,-0.8277852,0.62802136,-0.8655039,-0.6216145,0.11272991,0.8083052,-0.4260679,0.004053265,0.3917841,-0.85804015,-0.41929877,-0.43104342,0.5371181,-0.37879804,-1.289423,0.9667016,-0.27895558,-0.86178887,0.6226991,-0.2623096,-0.73595333,-0.7985604,0.18918529,-0.36008292,0.6224314,-0.2902485,0.26447877,0.3103926,-1.5065688,-0.018562645,-0.07119721,-0.26481014,0.44908136,-0.08827649,-0.5514982,0.10276027,0.20918828,0.32922512,-0.67055327,-0.37694114,0.023581222,0.032253668,-0.6277437,-0.7186981,-0.5010298,-0.56806827,0.060386613,0.9446735,0.026003212,0.6230633,0.9660229,0.36280286,-0.6556281,0.15960008,-1.3476198,-1.4236704,-1.0242274,1.4735686,-0.77435,-1.6021705,-0.3196952,0.77130675,0.44536456,-0.16342652,-0.7762425,0.4657655,-0.6934867,-1.1302462,1.3618733,1.111438,0.4247371,0.60161686,0.08361067,-0.71110785,-0.8788294,0.63495624,0.23545082,0.59768283,-0.47608072,-0.5005438,0.94540787,0.008619031,0.45601428,-0.2848348,0.6877526,1.1649585,-0.8827116,0.46026558,-0.18509623,0.056618974,-0.80625933,0.30090302,-0.8135672,0.48828566,0.39965,-0.16921213,-0.92035097,-0.62314695,-0.23866153,-0.6023345,0.9859582,-0.900014,0.25588405,-1.1524156,1.1026338,-0.13591751,0.37827888,0.058469966,-1.7131916,0.3134387,0.052956454,1.1207197,0.001214616,-0.5687849,-0.79617065,0.44716612,-0.08186495,0.11526954,0.07688266,-0.842585,0.087431535,-0.16914958,-0.17057405,0.24327016,1.0446756,-0.5567604,-1.4037879,1.2845132,0.17494255,-0.608912,1.1897384,-0.033945225,0.20081311,0.49620003,-0.15203616,0.42951262,0.9904115,0.00540868,-0.52376926,-0.097548015,0.29994494,-0.14462918,-0.5891761,-0.14507544,0.5403185,-0.05996264,0.0529953,0.113554806,0.827171,0.2705009,0.48369586,0.34193313,-0.22733131,0.31374714,1.3000786,-1.0636014,-0.27971205,-0.041023675,-0.5478466,0.027775845,-0.68685395,-0.25099584,0.2729236,0.1977527,0.021920104,0.7471336,0.6961043,-0.31499872,0.18991457,0.37314528,-0.26879603,-1.7465253,-0.3619932,0.16547441,0.2540081,0.0117281675,-1.2806716,-0.41305685,0.4464118,-0.046641037,1.3392822,-0.11414686,-0.09228637,0.14927953,0.014654189,0.48940468,-0.58550954,-0.74214005,-0.37791562,0.7867844,-0.07967791,-0.35173887,0.6251178,-0.084071755,-0.059936557,-0.014325455,-0.5077359,1.1977229,0.031571165,-1.0124408,-0.30804896,1.097773,0.71241415,0.93120575,-1.0701323,0.42524484,-0.39253962,-0.96508956,0.23254178,-0.49739814,-0.31251323,-0.13695788,0.04444424,-0.5439842,-0.4539718,-0.10184411,-0.05299907,-0.7032317,0.20246144,-0.9182692,0.19923964,-0.06528847,-0.008438423,-0.3861816,0.11123992,0.077675514,-0.15154997,0.79148054,-0.82626253,-1.0363549,-0.038971715,-0.276358,0.23341632,-0.010180518,0.72732484,0.3652321,0.40785718,0.8780929,0.17917556,-0.70805013,0.90387106,-0.358954,-0.14357421,-0.5491499,0.79066014,-0.45943296,-0.9790645,0.38543856,-0.16722125,-0.9666227,-1.6759275,0.47692236,0.13902077,0.08884989,-0.86429274,1.4512829,0.29908228,-0.95193624,-0.8542988,-0.105188295,-0.6113283,0.56019926,0.3018669,-0.20152201,0.018488701,-0.11125314,1.7093099,0.08847694,-0.9262024,1.0187181,-0.23539618,-0.83346075,0.29519287,0.33555475,-0.6298925,0.47376466,0.49798593,-0.8775487,-0.5796907,-0.7215894,0.047376964,-1.0240104,-0.6224396,-0.9500123,-0.119907804,-0.9749166,0.016979262,0.13643359,-0.18219292,-0.03756734,-0.3834266,1.3967379,-0.33022472,0.40998235,-0.46720397,0.22325741,0.79180235,1.010395,0.39474443,-0.3726122,-2.744689,0.7582946,-0.21948703,-0.36738837,-0.5130898,-0.4516143,-0.35357088,-0.54354185,1.027916,0.78953654,-0.03669033,-0.71153724,-0.3589718,0.4785403,-0.15103729,1.0474168,0.49868947,-0.18113513,-0.040392235,-0.61997604,-0.7811155,0.77148306,-0.37403208,-0.9422276,0.7072135,-0.46496835,0.053393513,0.9366488,-1.2740843,0.35202384,-0.28029922,-0.45960316,0.61079496,-0.73368907,-1.7136993,0.4403531,0.59121627,0.2561771,1.3648682,0.040538564,0.718325,0.36520246,0.41883984,0.31658107,-0.1071262,-0.30219218,-0.096851274,-0.6160219,-0.8363816,0.2684802,0.81548154,-1.1596328,0.62666935,0.004334938,-0.41328287,0.13937418,0.90699404,-0.71472436,0.33754554,-0.5781849,-0.0916791,0.12005315,-0.70686406,-0.9235869,1.4566171,0.3675063,-0.6707506,0.0012801588,0.056493636,0.071005166,-0.67367476,0.21098429,-0.03720428,0.828813,-0.4480642,1.3594034,-0.3437299,0.85897857,-0.1449702,-1.9542085,0.003240522,1.4340767,0.4013709,-0.3684703,0.12378647,0.22526544,0.6540419,0.39791557,-1.2596028,0.026177512,0.33791792,-0.46327057,-0.801625,-0.7717478,0.2824482,-0.6149115,-1.1895956,-0.22118646,0.5456242,0.5135247,-0.5623704,-1.0071095,0.20601991,0.10975003,1.5947754,0.44783852,0.17989117,-1.1018342,-0.53258705,-0.40697828,0.82235885,0.76877666,-0.6000612,-0.16198784,-0.33001664,0.15978205,-1.2557555,-0.15454979,1.0201294,0.91425663,-1.1497386,-0.9790425,-0.8348839,-0.90499234,0.14080064,0.43579912,-0.029322252,-0.76144546,0.3836358,-0.046132065,-0.80416405,0.6750394,1.1627371,0.54867923,0.028057188,-0.63919765,1.6113526,-0.029666215,-0.25029838,0.8401225,0.14950657,0.5188554,0.509637,0.47549233,-0.30406892,-1.2402902,-0.18623959,-0.24147247,-0.28155467,0.1717939,1.3926058,-1.2406677,1.339978,-0.22996831,-0.7215159,0.33311355,-0.13114393,-0.038111936,0.33243573,-0.3814116,-0.7689216,-0.44911087,0.0010464042,0.24582171,-0.48093855,-0.007529199,0.5259206,-0.32736406,-0.66360176,-0.37541324,-0.03250605,-0.5948455,-0.2602637,1.0597968,1.5874953,1.0597671,0.44726694,-1.1507851,-0.8655273,-1.0261868,1.0952386,-0.19547999,-0.3981241,1.6141465,-0.09217842,0.28852898,-1.133612,0.6479739,-0.25932145,1.3214422,-0.72598696,0.30071107,-0.39806104,-10.591661,-0.07961272,1.5251589,0.37657312,-0.698009,-0.03144124,0.5568173,-0.24482939,0.039399177,0.081567466,-0.054102995,-1.0472134,-0.030133948,-0.49091652,0.5872158,-0.79495406,-0.7812992,-0.07529813,-0.2360802,-0.2692876,1.0100381,1.6409856,0.352472,-0.93301076,0.38514447,1.1859457,-1.2012632,-0.08048355,-0.5905233,-0.97915184,-0.21800475,0.3573934,-0.13141006,0.46838063,1.7088132,-0.3666807,-0.8043397,0.12877348,0.22301506,-0.7146955,1.3375257,0.040363245,-0.9392327,-1.3975109,0.8503475,1.4696099,-0.8658243,-0.0494852,-0.12211329,-0.80047154,0.46575418,0.75645614,0.4952696,-0.18957466,-0.17751479,-1.2056452,-1.0928084,-0.617971,0.7106989,1.3729348,-0.6783362,0.0013658404,0.49088565,-0.22794221,-0.06996993,-0.06533019,0.39145225,0.54405206,1.5061584,-0.08261752,-0.4594623,-0.73858863,0.6999929,0.10436094,0.95667046,0.5004331,0.15416361,0.15189762,-0.2799976,0.36198336,0.50286704,-0.68104786"
https://help.payactiv.com/s/article/Say-Goodbye-to-Overdraft-Fees-with-Payactiv,Say Goodbye to Overdraft Fees with Payactiv,"Say Goodbye to Overdraft Fees with Payactiv
Payactiv does not charge overdraft fees. If you don’t have enough money on your Payactiv® Visa Card*, the transaction should not go through.","0.14819929,0.14280623,0.37549704,-0.40577564,0.19528912,-0.1851851,-0.8046255,-0.0045834333,-0.49252355,-0.6036661,0.9067105,0.30484578,-0.33933902,-0.4770576,1.131973,-0.060132705,-1.2487253,0.5061228,0.46997166,0.72891504,0.629971,0.067913696,-0.061110243,-0.81268084,1.8190202,-0.12953192,-0.55295986,0.522002,-0.47939822,-0.8701354,0.80176824,-0.42845303,-1.1039819,0.5484252,-1.1146924,0.3779603,0.014170989,-0.80360305,-0.43509176,-0.31527904,-0.4999082,-1.1327593,0.10606754,-0.16643582,0.88702685,0.27465743,-0.58435893,0.18407196,0.058951996,0.99306345,-0.45497784,-0.4829501,-0.22408694,-0.7346081,0.044373646,-0.42883497,-0.16705014,-0.21698019,0.23330227,-0.24150972,-0.13254768,-0.4944198,-0.3033365,-0.7585027,-1.0628484,1.3464295,-0.65436393,2.1314461,0.10101785,0.18881077,-0.586594,0.17178412,0.9564423,0.64143145,-0.3593514,0.33000696,-0.32150006,-0.11263268,0.6440146,-0.43495443,1.083294,-0.1058413,0.53082496,0.81808084,-0.649766,0.4310421,0.52934134,-0.46576768,0.41443852,0.39417255,-0.057734594,-1.0743843,0.27048016,-0.7745075,0.47709125,0.90813094,-1.2451836,-1.1146264,-0.54926264,0.68539786,-0.70473576,-0.037388086,-0.21996923,1.4067149,0.023802638,-0.55358994,1.0464281,-0.5614592,-0.09560503,-0.43634197,0.10026302,-0.7357397,-0.013785273,0.7276684,-1.5631188,0.57098746,-0.8038631,-0.8359737,0.33366886,-0.9583943,0.099706374,-0.079730794,0.26192904,-0.80565304,0.29547608,0.081946194,-0.79566133,0.009642726,0.16918837,-0.15263641,0.44396645,0.33619416,0.8449855,0.016498983,0.33969647,0.31241,-0.4441011,0.48163292,0.41288412,-0.40568024,0.17768699,-0.6553973,0.5350886,0.6745934,0.9760229,0.08204584,0.6246077,0.4616838,1.5185906,0.31495717,-0.58300143,-0.9278293,-0.39668536,0.3628316,0.9112885,1.2080683,-0.10411201,-0.5653679,-0.27680928,0.5715956,-0.035472497,0.44898045,-0.6876475,0.049540497,-0.5135076,-0.6087625,-0.08418715,0.31572723,0.22370356,0.37419367,-1.1188331,-0.7094317,-0.9834811,-1.6201775,0.12449088,0.26517415,0.8247255,-0.1263418,-1.0389646,-0.36630094,-0.4339496,-0.7923435,1.564112,-1.7105379,0.18082656,0.16830863,-0.06224943,-0.86262715,0.30699164,-0.28087518,0.70241976,-1.2709117,-0.36785778,-0.573931,0.0022982508,-0.10556188,0.63691664,0.04309143,-0.09457119,0.28792742,-0.27677777,0.020127147,1.1655176,1.2238096,-0.09390167,-0.02992154,0.60804504,0.97223645,-1.0563004,0.4494109,-0.16328436,1.7532345,-0.38707143,-0.40145856,0.4670888,0.59585726,-1.0562978,-0.12285833,-0.43594697,0.6827311,0.69590306,-0.8343172,-0.25311106,-0.234539,-0.014017433,-1.4673839,-0.68816495,0.810256,0.9187177,0.70235306,0.6766155,0.060882207,-1.3373425,0.14532848,-0.2889766,0.96946275,-0.33279046,0.28422838,-0.5752754,0.5391008,-0.46627188,-0.09258459,0.4580155,-0.97730994,-0.663176,-0.34017083,-0.27824986,1.9586498,0.017190017,-0.5424121,0.22503325,-0.46643034,0.9155628,0.82668066,0.6545335,-0.43825856,-0.23222725,0.28921327,-0.41943407,-0.15437195,-0.832347,0.7674866,-0.1603797,-1.2916371,0.22789624,-0.08683799,-0.6419641,-1.3769131,1.121114,0.56591916,0.09815189,-0.960427,0.38334942,0.4496491,-0.65660393,-1.5911614,-0.389744,-0.69289356,0.601576,-1.2939558,0.17229488,0.18336344,0.985003,0.039769396,0.46294957,-0.9294787,-0.057727963,-1.283643,-0.10000038,-0.045476414,0.3678974,0.07739983,-0.022710487,1.4447129,0.12844646,1.2192384,0.16724738,0.89163154,-0.8424007,-0.76288617,0.025798324,0.07496064,-0.6556546,-0.54144543,0.7108519,-0.10999599,-0.70145386,-1.0126953,-0.3992684,0.9961581,0.41357833,1.1196972,-0.2995366,0.9503355,-0.07735391,0.5709524,-0.0741747,0.4256669,-0.05173953,-0.2567559,-0.08586572,-0.21776403,0.2147826,0.38388342,0.16750497,0.3768206,-0.2067664,0.37987447,-0.014351159,0.9891167,0.35267895,-0.31419587,-0.39570487,-0.2523992,0.05388482,0.40403637,0.53788614,-0.86991596,0.29234722,0.13832831,0.26223493,0.11073853,-0.44209743,0.41723832,-0.4121502,-0.00035621226,-0.26688027,0.154482,1.0904075,-0.12078628,0.52905875,-0.3136474,0.90574884,0.36267346,-0.13802177,0.7468077,0.24127695,0.4914471,-0.25580838,0.49995247,0.45619562,0.034513026,-0.0033073872,0.7271734,-0.20710789,0.2595413,0.6125931,-0.21960999,1.0601453,0.9759992,-0.5251113,-0.46942443,-0.115257524,0.08852979,-0.4211475,-0.9743505,-0.07794026,-0.60186964,0.081729755,-0.70245546,-0.6175184,0.40442023,0.29766765,-0.64836264,1.9334646,0.7454244,-0.15843952,0.21922734,0.40445203,0.8824313,-0.16705945,-1.9251345,0.1555037,0.14807385,-1.0333656,0.93361837,0.90550655,-0.38498554,0.19775741,0.23404005,-0.0225911,-0.099129125,-0.3218209,-0.34808245,-1.2318996,-0.5122799,0.23493345,0.8827003,-0.06578474,-1.3985069,-0.24029051,-0.20336299,0.15476468,0.10278392,-0.7589716,0.37450472,-0.18443227,-0.8759786,-0.47221512,-1.2211099,0.3692386,-0.6679373,1.0570294,0.38151023,1.3678917,0.024859577,-0.087335125,-0.009084576,0.22957236,-0.86861587,-0.28668758,0.5634545,-0.86762637,0.8217958,-0.10502898,0.7837846,-0.43775502,-0.5621148,-0.87254375,-0.012542218,-0.17240193,0.058524016,0.67795,0.79284525,0.038910598,-0.18957202,0.9487587,0.19237423,-0.19091365,-0.18995827,0.5908288,-0.7392982,-1.0731119,0.47258893,1.4790378,-0.6319753,0.22277398,-0.21654868,-0.6048635,-1.0420212,-1.603366,0.70578676,0.2191891,-1.6883514,0.50117105,0.16608313,-0.4701876,0.054065615,-0.27638924,0.21240965,-0.45352247,-0.17273942,-0.24440391,0.7032277,-0.23181765,-0.3844259,0.6712861,-1.0180068,0.0076362416,-1.3024185,-0.9208743,0.46126503,0.44070417,-0.54102206,0.34731752,0.62856174,0.9360807,-0.6200606,-0.117013335,-0.52508855,0.18140525,-0.9948114,-0.39017224,-0.6957226,-0.38370964,0.1826813,0.36558604,-0.52793646,1.3021345,0.2621914,0.34938708,-1.0221548,1.0178384,-0.7100562,0.111392945,-0.61812097,0.82654643,-0.8306124,-1.15045,-0.06687052,-0.19267024,0.1524128,0.6511296,-0.40553176,0.607329,0.20428832,-0.68881714,0.78043395,1.3149586,0.13083686,0.7029856,-0.13398854,-1.3919019,-0.4432854,0.87528884,-0.12131345,-0.2114744,-0.17049429,-0.9175457,0.17459124,-0.6496106,0.21944666,0.07053281,0.9749186,0.8340281,-0.034687907,1.049759,-0.06659274,-0.11493884,-0.46659216,0.37742174,0.37029243,-0.73844427,-0.64689535,0.3871044,-0.5128631,0.0949345,0.19793363,-0.65078014,1.0095636,-1.3330595,0.3070849,0.1939129,0.14734639,0.623538,0.48117462,0.22048688,-1.4454598,0.18170317,0.36253643,1.288515,0.8711726,-0.2623208,-1.0343156,0.7505536,0.85295695,-0.18546385,-0.5824106,-0.76637095,0.24715382,0.1184876,0.0042376593,0.135326,1.7631556,-0.86713445,-1.4586579,1.1085813,-0.4139918,-1.305524,0.8527465,0.4343619,0.52960634,0.70067775,-0.17049417,0.35720015,0.5197929,-0.5776618,0.98603976,-0.52828,0.0357251,-0.3998391,-0.3589846,-1.2841417,-0.58278155,-0.055623893,-0.27652937,0.82498,0.47798985,-0.007132046,0.7481573,-0.06465402,-0.3540641,-0.4569651,1.5417283,-0.16814056,-0.58096695,0.3384327,-0.014312685,0.63672423,-0.77365655,0.44234902,0.56601495,-0.42187518,0.3044383,0.4957195,-0.047063917,-0.7264222,0.13995415,-0.24186912,-0.08982717,-1.094898,-0.75395083,0.20786524,0.2982166,0.65665716,-0.7154412,-0.43154413,0.24002984,-0.5825168,0.9554597,-0.29799172,0.34151602,0.9817179,0.6199569,0.13525657,-0.29993105,-0.6871573,0.08160719,1.3455198,0.37594974,0.022937115,-0.70755523,-0.6201352,-0.5835042,-1.4844855,-0.7539805,0.42167556,-0.1414918,-0.41581327,-0.1357188,0.8040501,0.21777065,0.08288823,-0.94619954,0.6037967,0.23552097,-1.3448921,0.22141999,0.43432343,0.27823627,-0.72024024,-0.7688297,-0.0017225593,-0.13197373,0.88899356,0.60103667,-0.5523466,0.956469,-0.6221044,0.4923538,-0.2500006,-1.9128498,-0.22287083,0.52967906,-0.26709083,0.42587823,1.1660348,-0.78358716,-0.7454509,-0.49594724,-0.24827722,-0.43386832,-0.17342496,1.0157006,-0.12312952,0.8828526,-0.21317323,-0.26059738,-1.015411,0.4230139,-0.4215892,0.003125757,0.5382279,0.17021546,-0.7910295,-0.6570595,0.38555318,0.14469747,-1.3788656,0.26490366,-0.43983373,-0.20667341,-0.16865271,-1.3888973,1.262791,0.6928145,-0.7195302,-0.6920173,0.045379713,-0.34514317,0.1077036,0.037967622,-0.4123084,0.5832111,-0.5498418,1.6109322,-0.027204596,-0.7030892,0.743325,-0.5494498,-0.9724832,-0.17442217,-0.067488186,-0.47829232,1.5167819,0.4273341,-0.28528374,-0.6576136,0.029459275,0.18345642,-1.1356744,-0.9720948,0.386379,-0.27450898,-0.35564354,0.16743901,0.22078753,0.32063878,-0.015406139,0.2486007,0.91862804,0.4063564,0.52120644,-0.8584757,-0.27539584,0.15403514,1.2314091,0.37403822,0.56539434,-2.344393,0.078630924,0.059523135,-0.9358582,-0.809634,0.15233372,-0.9539732,0.74989074,-0.2181678,0.30392858,0.19800746,-0.75072575,-0.36466753,0.9835797,-0.40327263,0.6146762,0.6654628,-0.38255873,-0.24758811,-1.1833975,-0.71352416,1.5389435,-0.33962747,-0.2507871,0.25267282,-0.16096145,-0.748942,0.079357,-1.7847304,0.73669344,-0.19790204,-0.47785932,0.5441718,0.18633026,-1.4968184,0.45455953,-0.23023818,0.4935179,0.5783559,0.47525597,0.9327477,0.9008608,0.57346284,0.7942225,0.104825854,-0.11472219,0.042022027,-0.8556955,-0.27790403,0.8594486,0.97868633,-0.8109797,-0.08783822,-0.19755268,-0.15782501,0.5106695,1.2571206,0.014647856,0.24855754,-1.1376392,-0.69646233,1.0727569,-1.4085534,-0.61455554,-0.39592683,0.53385514,-0.9464465,0.23009911,-0.35838816,0.2114824,-0.51711166,0.7317823,0.5833943,0.4147349,-0.7069579,-0.010405749,-0.94265157,-0.0838956,-0.5356457,-1.0578074,0.5031404,1.080712,0.23055129,-0.76342523,-0.29423103,0.42566645,-0.08964348,0.2556644,-0.26138863,0.15610692,0.70623904,-0.055918656,0.10292524,-0.95867586,0.4035596,-1.2613435,-1.4549214,-0.74713206,0.39172977,-0.46398747,-0.20019656,-0.04104507,-0.6491109,-0.25385672,1.0306617,-0.33680505,-0.086419664,-1.0619998,-0.5501297,-0.33037147,0.18449832,1.0838233,-0.63007915,-0.060210727,0.6368604,0.29535648,-1.4463192,-1.1792729,0.7834449,0.01088107,-0.6680207,0.18376239,-0.9703177,-0.31507036,0.36656755,0.39116013,-1.3687595,-0.24577786,0.06960171,-0.15479329,-0.03439334,0.56780934,-0.11565275,0.8065413,-0.24550939,-0.097939864,1.581635,0.7931646,-1.2398986,0.78653616,0.9097784,0.57573634,0.1106843,-0.057665627,-0.06666805,-1.7847099,0.2751825,-0.1588708,-0.16463414,-0.03042205,0.49646938,-0.040420193,1.0241965,0.41817933,0.4451012,0.12084986,-0.395111,0.50767726,0.9641879,-0.2653734,-0.56210345,-0.3358842,-0.1064524,-0.39095932,-0.7798371,-0.13221979,0.30801016,0.14534196,0.28082412,-0.7637869,0.35242295,-0.27589634,0.28089836,0.7555971,1.3905032,0.58390045,-0.34514362,-0.31291845,-0.91486466,0.03421907,0.7388535,0.15210025,0.17418744,2.0072799,0.38181302,-0.086587995,-0.38156298,1.0544744,0.5440564,0.9742738,-0.60752064,-0.5553852,-0.32786757,-11.061361,0.2631825,0.87335783,-0.04081499,-0.82893306,-0.14780015,-0.48043346,-0.77293605,-0.32412648,-0.7676391,-0.7405861,-1.3176285,-0.16518317,-0.7737513,0.60550433,-0.717012,-0.9478776,-0.0060934126,0.40574646,0.6408818,0.934519,1.6955142,0.65607584,-0.62478244,-0.007057987,0.55787957,-0.37999952,-0.63277864,-1.0748922,-0.2569414,-0.017491043,0.9206756,-1.021956,0.5712586,-0.090954095,-1.1148354,-0.9677129,0.22254062,-0.0826495,-0.36650842,0.538422,-0.7039936,-1.0952623,-1.1656094,0.3829074,0.2783565,-1.2535026,-0.6578243,-0.23480141,-0.8077802,0.30501354,0.2929409,-0.104916885,0.25281513,0.44355324,-0.7406728,-0.881511,-0.33472508,-0.70857286,1.294629,-0.6034999,0.59870726,0.22734302,-0.6981231,-0.73538816,-0.28486937,-0.34789538,0.590573,1.9308828,-0.70426786,-0.11677326,-1.326648,0.20327735,-0.51235163,0.66616464,0.15050712,0.109213896,0.75117785,-0.16243258,-0.7971761,0.079210326,-1.4991652"
https://help.payactiv.com/s/article/Mail-Delivery-Methods-for-Payactiv-Visa-Card,Mail Delivery Methods for Payactiv® Visa Card*,"Mail Delivery Methods for Payactiv® Visa Card*
When you sign up for a Payactiv® Visa Card*, you'll be asked to provide an address to send the card. For security purposes, we cannot send the Payactiv Card to a P.O. box, and need a physical street address.

If you're still having trouble, give our Customer Success team a call at: 1-877-747-5862 and we'll be happy to assist you.","0.23165601,-0.114771776,0.36229026,-0.7613074,-0.64628774,0.18742496,-0.7755828,0.7350726,-0.43560988,-1.0477773,1.036502,0.29929033,-0.7006297,-0.19994271,-0.4930725,-0.17877382,-0.61349726,0.41474935,-0.39323276,0.41315353,-0.5355711,0.39707,0.77784985,-0.64893985,1.1926622,-0.14100662,-1.4754652,0.14298783,-0.41677353,-1.1630862,-0.5341035,0.0618859,-1.7956895,0.08010854,-0.7378166,0.58470774,-0.5836334,-1.0869598,-1.0489752,0.018232081,0.16044074,-1.1978213,0.9264345,-0.511238,0.11541588,-0.1991852,-1.3081386,0.0052193254,0.3374515,1.5125098,-1.4172502,-0.47234207,-0.5742644,-0.48186642,0.12943408,-1.2245402,-0.49512678,0.07064575,0.012809254,0.7200371,0.2219914,-0.42690253,-1.3299809,-0.27882794,-0.2976929,2.3697188,-0.052213013,2.1192126,-0.91859937,0.72690856,-0.46712738,-0.05564417,0.28857684,-0.1423584,0.65936685,-1.0531085,1.3643093,-0.42210668,-0.17966448,-0.06235078,0.96118736,-0.21636426,0.35805124,0.68241626,-0.52736604,0.42611116,-0.08703493,-0.6075953,-0.5361817,-0.9760466,0.13761282,-0.8000427,0.1290865,-0.92516065,0.69830626,1.4298121,-0.46314168,-1.1159145,-0.8505758,0.8480353,0.16563886,-0.723784,0.3255579,0.9596812,-0.60232943,0.14330918,0.5619806,-0.17004366,0.5067469,-0.6969861,0.34455392,-0.71387404,0.3620317,0.9372833,-0.66992956,-0.072185785,0.11040032,-0.77032554,0.43493852,-0.27851117,0.7892925,0.2592234,0.5374686,-0.2610458,0.07659651,-0.51378036,-0.7097857,-0.50055546,0.37922066,0.08421562,0.9294113,-0.6218669,0.42422736,0.15662518,0.64339143,0.4476443,0.4322542,-0.33896598,0.4877988,0.04267484,0.10538998,-0.32280797,-0.1189274,-0.40999064,1.1964853,-0.68325996,-0.35431904,0.4413784,0.7312884,0.19993253,-0.20733084,-1.2074485,0.46605137,0.5640711,1.1498117,0.28526524,0.5351032,-1.6796974,0.4071333,0.7908771,-0.24354374,-0.4522559,-0.39298528,0.022985175,-1.3475921,-1.1000077,-0.24144879,-0.9400959,0.32912794,1.3053911,-0.099338315,-0.7735882,-0.80993074,-1.5614599,0.8471291,-0.37144923,0.21221265,-0.33865863,-1.4142951,-0.6038125,-0.22797593,-1.4327713,1.0148447,-0.38162866,0.32692984,-0.33786625,0.10357028,-0.22771429,-0.2730308,-0.3972183,1.0528035,-0.09841047,-0.8711543,-0.24670357,-0.81873614,-0.09688419,0.7456939,-0.19153053,0.12991437,0.7511817,-0.4140386,-0.2083466,0.5165318,0.8866336,0.06413126,-0.26821554,0.5985329,0.26181573,-0.5407984,-0.07018472,0.8894404,0.5496803,0.28722295,-0.20820302,1.1453072,0.74353564,-0.22266158,0.045146696,0.29417905,-0.44630986,0.4677071,-1.3701748,-0.88389313,-1.0726321,0.23711163,-0.9953131,-0.05829016,0.4646337,1.0375649,1.0531926,0.7507171,0.1517491,-0.37283057,0.2404425,0.5195997,0.062403858,0.30364484,0.5969226,-0.73028386,0.35510898,-0.16845915,-0.2001776,-0.0816644,-1.2323037,-1.0840437,-0.6348176,0.08293472,0.46840134,0.13147086,-0.9215921,0.45311165,0.5056037,-0.4207726,1.1078458,0.12202479,0.07765105,-0.33616722,0.8726087,0.21029612,-0.4219545,-0.34271652,0.5611913,-0.027043492,-1.1928587,-0.6009179,0.1868462,-0.83170384,-0.11386986,0.88281685,0.4540838,-0.18899342,0.13359782,-1.5149585,-0.48744285,-0.7983942,-0.76039726,-0.096304886,-0.53330386,1.2849138,-0.41136998,1.562062,0.96793437,0.3039278,0.05457543,-0.101263426,-0.85494125,-0.57315487,-0.5235554,0.36623752,0.3448893,-0.6005274,0.50415283,0.4290164,0.5769018,-0.5427278,1.0359662,0.654113,0.6261961,-1.5629423,-1.5256634,-0.34766215,-0.00960283,-0.280389,-1.4520518,1.123524,0.14250843,0.99388474,-0.6922779,-0.037726097,0.80245864,0.388858,1.087378,-0.004568793,1.0636615,0.8093748,0.77577174,0.020508476,0.4969581,0.24325423,-0.1869573,1.2919679,-0.83494455,-0.52190214,-0.56138515,-0.10195506,0.3828015,0.22032915,0.27265632,-0.4391181,0.12560827,0.23739442,-0.4409914,-0.27483782,-0.20165183,0.42939004,0.07300238,0.84726334,-0.5988734,1.1232387,-0.25459927,0.28718293,-0.74420565,-0.15506005,0.61139125,0.06431553,0.33659172,-1.2910306,-0.18256626,0.46013355,0.060158744,0.6270037,-0.9913128,-0.077953875,0.5202533,-0.35737002,-0.3321572,-0.11445368,0.7859597,-1.2577943,0.17444588,0.19927032,0.009110868,-0.09671106,0.8433653,-0.41603163,-0.075124376,0.18635693,-0.352064,0.16499558,0.36308616,-1.1896058,-0.29521593,-0.26739132,0.2677008,0.28009507,0.2665785,-0.60501796,-0.89083636,-0.66576236,0.5642427,-0.56914985,0.39243528,0.3455833,-0.74137515,1.1696644,-0.0048810393,0.7434525,1.382641,-0.110986754,0.7785665,-0.43247706,-1.6304312,0.1382912,0.18533495,-0.9682362,0.4320023,1.2506537,-1.2962862,0.3634786,-0.30107254,0.2012924,0.30923304,0.39655897,-1.1864058,-1.2917013,-1.720592,0.47087523,0.06862135,0.12558298,-0.99285805,0.048993174,0.7582654,0.2734286,-0.2833358,-0.5019325,-0.18470372,0.47746933,-0.7211251,-0.85965914,-0.678719,1.0854671,-0.5548285,0.4192609,-0.08044323,-0.027269676,-0.3961593,0.012133755,-0.163499,0.16672179,0.33064702,-0.6316436,0.76181805,-0.57598025,-0.035936583,-0.7115034,0.29975995,0.5216364,0.07401149,-1.7816446,0.34278786,-0.19114798,-0.9283367,1.1468647,-0.52742326,-0.0006930195,-0.021404983,1.3421593,0.6619992,-1.2236682,-0.5452445,0.19480297,-0.6834667,-0.7244848,0.36361682,1.0139166,-1.0208302,0.37061363,0.36007112,-1.26301,-0.12865654,-0.85768956,0.8387943,-0.19835214,-0.33421573,1.1463705,-0.58940506,-0.42933965,1.4297389,1.1565671,-0.9913173,-0.83141106,0.15289217,-0.72473085,-0.19488037,-1.1496266,0.3868188,1.2297544,-1.7267574,-1.6652505,-0.5242102,-0.8836073,0.4999637,-0.21321931,-0.7719904,0.84094757,0.36496013,0.48435974,-0.35437045,0.82989967,0.3540023,0.54423755,-1.1944122,-0.39685005,-0.5342977,-0.25473875,-0.14470394,0.5099456,-0.4076891,1.4456462,0.9243788,0.3193477,-1.07234,0.08940468,-0.44664395,-0.29147977,-0.8414514,0.18112803,-0.6907128,-1.2913041,0.81227106,0.72058153,0.0791984,-0.7132557,-0.3839731,0.6072892,-0.14665194,-0.3958188,0.54878753,0.59002507,-0.016820591,0.123099595,0.30242065,-1.3218851,0.4494818,0.1327076,0.80502677,-0.3704601,-0.08081039,-0.7309789,0.15328065,-0.40105242,0.9545777,-0.0149081275,2.157649,0.48330623,-1.1804384,0.032739986,-0.47732094,-0.4955917,-0.9856882,-0.059928894,-0.9856036,0.4087608,-0.40824637,-0.079194464,0.032929376,0.6210952,0.07545875,-1.3042951,0.06587095,-1.2582983,0.27769452,-1.4084595,0.19789393,0.050048,0.6576303,0.26199538,-1.1064811,0.9157846,0.14691582,0.6137754,1.0823166,-0.36157942,0.16910365,0.33975157,-0.60015154,-0.22528028,-0.16586044,-1.0068583,0.26839,-0.054410603,-0.053110555,-0.25175774,0.28441298,0.15933521,-0.81185144,0.8438859,0.9518999,-0.2678722,1.6153889,0.3451552,0.28090963,0.22770543,-0.8126533,-0.09239033,0.1431414,0.043041296,0.1843406,-0.016956449,0.12655245,0.46833637,-0.6991253,0.21693,0.23611443,-0.16337822,0.46791282,0.18204522,0.38293985,-0.45926923,0.4759711,0.19731021,0.010423955,-0.055797875,0.3363486,-1.0947598,0.05159097,-0.19770354,-0.86029935,-0.20063311,-0.21561939,0.75465924,-0.044719532,0.39080784,-0.25248703,0.45503342,0.8053715,-0.44069082,0.0047151707,-0.35802895,-0.12220536,-0.64814174,0.06657364,0.8974602,0.27856293,-0.105893135,-0.8778422,-0.4826489,0.005454924,-0.52198684,0.91780543,0.33334225,-0.49910998,0.2185142,-0.17549069,-0.1836027,0.033426575,0.26335955,0.0036800504,0.86960757,0.1441451,-0.25313854,-0.40644693,-0.8143627,-0.1841307,-0.7989427,-0.25835896,0.12022924,-0.3962712,-0.6186805,-0.42213672,0.9564568,0.39145547,0.3135242,-1.4172114,0.7340988,0.12610604,-0.84016347,1.3522853,-0.13401061,-0.8005126,-0.9405163,0.46636713,-1.1225324,-0.23007911,0.99528843,-0.20047614,-0.85200167,-0.35527635,-0.79730517,0.39641184,0.87134236,-1.0231168,0.18287037,0.07716042,-0.3769286,-0.24898346,-0.011816204,-0.32945502,-0.14821763,0.2217939,-0.61574596,0.40624425,-0.10575649,0.9908105,0.27833286,0.28057897,-0.13817272,0.21420471,-1.3403807,-0.03933234,-1.0270067,-0.109336756,0.06949748,0.21748245,0.7327259,-0.6724596,0.71873504,0.71426874,0.041501388,-0.3672511,0.22175983,0.34651294,-0.53223765,-0.9027761,1.748968,-0.46060497,-1.3359007,-1.3932348,-0.07009491,-0.89149153,0.17879629,0.26747006,-1.4856459,0.46425775,0.009580836,1.0913057,0.42780846,-1.3208174,0.7571888,1.6953772,-0.4861054,0.40661943,0.08216159,0.14256728,0.21419045,-0.073836446,0.08775816,0.09079539,-0.37491983,0.46430257,0.3371271,-0.105628185,-0.29155117,-0.78341687,-0.41816255,-0.56547123,-0.020921163,0.48360184,-0.11639183,-0.052598447,0.67765486,0.5321579,0.29652274,0.10761121,0.33166873,1.0763377,1.1477705,0.121466,-0.17263922,-2.3492458,1.5720897,-0.2594399,-0.46263885,-0.040877447,-0.8020707,-0.619205,-0.42615062,0.20732158,-0.053419076,0.7846268,-0.27555817,-0.5421134,0.37158567,-0.16009739,1.2915858,-0.021201983,0.12218657,0.038499326,-0.74328536,0.22318278,0.59770006,-0.37014937,0.69592917,-0.82768047,-0.5373308,-0.10272251,0.4959667,-2.137011,0.9110126,-0.13029619,-0.044025972,0.3352779,-0.3919013,-0.43579322,0.7129202,0.56603146,0.6511969,1.727178,0.051796556,0.24954027,0.22656551,0.4653459,0.2423711,0.22894639,0.40632716,-0.18794775,-0.47996634,-0.21369192,0.33420926,1.0573438,-1.2460973,0.5995231,0.65448034,-0.123847455,0.062120512,0.34204772,-0.16041143,-0.16912037,0.30709118,-0.4000686,-0.07171738,0.12973048,-0.3545766,-0.5112426,0.26372248,-0.2324757,0.47068793,0.7688506,-0.048314735,-0.9051554,1.1704668,-0.06850764,-1.0432327,-0.24351385,0.086637795,-0.26000947,-0.47376353,-0.10517327,-1.2074375,0.72232246,0.8209703,0.6224765,0.58134073,0.16276848,0.073747724,0.550404,0.35074964,0.22593209,-0.105440155,1.123496,0.71723515,0.24479175,-1.2516451,0.01992558,-0.82592136,-1.073318,-0.23404753,0.9411537,0.8866351,-0.38619882,-0.80073637,-0.5505519,-0.4956027,1.4206659,0.67139244,0.7134663,-0.68907017,-1.2891877,-0.61583304,0.3501696,0.3076805,-0.5584904,-0.074462414,0.8515447,-0.61259013,-0.7124049,-1.489562,0.099064216,0.684385,-0.23331161,-0.7227978,-1.6972108,0.8368615,-0.47564274,0.53230935,0.30690783,0.22958192,0.6511994,-0.6551664,-1.1056399,0.7650907,1.4231747,0.8812129,-0.85717165,-0.7520386,0.41647023,1.1767085,-0.520705,-0.1356632,-0.080005415,1.1745325,-0.09905427,-0.4522941,0.28240827,-0.5411356,-0.1954857,0.488117,-0.38450742,-0.3021699,0.506737,-0.96690303,0.8230139,-0.26618195,0.104072504,0.34485883,0.5053215,0.03669322,0.35721225,-0.0068995804,-1.2327356,-0.6390737,-0.9707613,-1.020729,-1.3141985,0.4543137,-0.5365234,0.11528916,-0.04629935,-0.18762355,-0.27449116,-0.5718235,-0.90762705,0.8216458,1.4343637,0.31988975,-0.19954263,-0.3214534,-0.6171859,0.45551342,0.14752008,0.26368535,-0.041156042,0.8490542,0.48820618,0.5954501,0.05438848,0.32091832,0.24569406,1.1546192,-0.49764943,0.09628321,-0.36658117,-10.961461,0.6161238,-0.44173872,-0.27552298,-0.5543237,0.26263708,0.1430797,-0.38824126,0.4662649,0.26775396,-0.22471154,-0.7820932,0.18583103,-0.58683944,0.14317584,-0.07690026,-0.6352866,-1.4775342,-0.17096865,-0.14144786,1.6977507,1.1674088,-0.025565147,-0.33744544,-0.5351941,0.5787318,0.078068234,0.4711776,0.15458408,-0.7715257,-0.12470748,0.58244795,-0.24223566,0.14363277,0.19993417,-0.32628828,-0.89018464,-0.29467618,1.2265153,-0.34105408,0.16020714,0.47785443,-0.13639373,-0.56008786,0.41619843,0.396223,-1.8561759,-0.6348897,0.2036725,-0.6881276,0.9680905,1.3302878,0.57357997,0.39195275,-0.24095319,-0.29757136,-0.5092908,-0.4208776,0.21155794,0.8846566,-0.24442104,0.27282655,0.7269491,-0.43447566,0.0558466,-0.2902916,-0.43391353,0.3535661,2.8701353,-0.18450107,0.60504234,-1.1847031,-0.15715979,0.34886962,0.23775396,-0.7742204,-1.0762359,0.29669434,-0.29687998,0.13208993,0.64052606,-0.62680984"
https://help.payactiv.com/s/article/Card-Application-Not-Approved,Card Application Not Approved,"Card Application Not Approved

There are various reasons why the approval process failed. We encourage you to try applying for the card again if you weren't approved the first time.","-0.013330102,0.35255957,-0.61995065,-0.09050174,0.6783674,-0.24125749,0.7914802,0.45181906,0.53370744,1.3256978,-0.18611766,0.6711348,0.3153901,-0.7297725,-0.03393903,0.41824389,-0.53600204,0.028486893,0.0104543045,0.95909095,-0.759706,-0.04962185,-0.09129393,-2.2914572,0.32547548,0.13713664,-0.27222657,0.5146378,-0.35765228,0.41435307,0.6597437,-0.29689234,-2.4044788,1.1186551,0.28675997,1.2263794,0.6943486,-0.87271225,0.010453466,-0.30617172,-0.30432224,0.1534361,0.08498415,0.09508933,0.23689824,-0.06512304,0.64630276,-1.1012543,0.4465752,1.1596454,-0.18829843,-0.4092272,0.03358715,-0.5525117,0.43884325,0.52503526,0.5924962,0.26502082,0.74209917,-0.609563,-0.647024,0.64203995,-0.68507797,-0.3646146,-0.6504113,1.2968452,-1.4275064,0.68455106,-1.4973747,-0.567934,0.36054087,-0.17828335,-0.79685736,-0.3308303,0.10522733,0.5819886,-1.627638,-0.022057354,0.42804384,0.5630877,0.43242076,0.78859985,-0.09378404,0.030032292,-1.5476158,0.0837665,-0.037815005,-1.0109793,-0.34111285,-0.43755996,0.6125086,-1.082252,0.8418654,-0.5003741,-0.77150726,0.3233868,0.36047184,-0.23870087,-0.38723993,-0.032729365,-0.9708797,-0.84236085,-0.17787932,0.81951684,-1.0107785,-1.1795788,-0.5132631,-0.9319124,-0.010868207,-0.68313956,-0.362957,0.037083074,-0.76456785,0.32758003,-0.78079504,-0.5244959,-0.30284974,1.1752251,-0.44053674,-0.46732023,0.5551685,1.0851357,0.036035463,-0.83473146,1.1017205,-1.1187525,-0.27473065,-0.46124032,0.0069590434,-0.15698828,0.15797481,-0.2793777,-0.29249454,-0.9266442,0.8260255,-0.23727089,-1.3532484,0.36657602,0.5476041,-0.53514475,-0.9677981,0.10214217,0.09982166,0.12814635,0.3829931,-0.46829033,-0.22215827,0.92171276,0.12980871,0.24387115,-0.5646387,-0.756562,-0.006262809,-0.5219107,0.5944945,0.56512463,-0.2060192,-0.8707603,-0.8621379,0.41131896,-1.197693,-1.0668509,-0.7390782,0.20136777,-1.2700793,-0.22584115,-0.100994736,-0.33232397,-0.12440258,0.7299281,-0.79078865,0.5112207,-0.9479303,-0.7945031,-0.041847974,-0.8550796,0.5792495,0.15225218,-1.3183854,-1.2647822,-0.720091,0.0015856922,-0.1868844,-0.30616903,0.16690847,-0.19993982,-0.23004505,0.46459585,0.6799537,0.15627594,0.77713025,-0.22265112,-1.1000876,0.07518047,-0.48759523,-0.75787497,0.092017844,-0.67875797,0.2632054,-0.1730351,-0.19045277,0.49135515,0.5887404,-0.1241132,0.007967889,0.26091233,-0.71182644,0.34108877,0.7143199,0.06851477,-1.2735034,0.8947344,0.58529323,-0.65323824,-0.38927472,0.3003519,-0.39402387,0.2738235,-0.9424752,0.12159799,-0.26985514,-0.5034908,-0.5234544,-0.13167885,-0.0015264526,-1.3550828,0.37209702,0.30685568,-0.09453018,0.294974,-0.8725783,-0.8516962,0.39918074,0.87770015,-0.6633844,0.36801076,-0.17632444,1.0516949,0.20323089,1.2542176,-0.0154083595,-1.0934749,-0.17423907,-0.5005789,0.49305683,0.059544533,-0.26679498,-0.393695,-0.78930444,-0.64143944,0.58603126,-0.100390434,-0.20825604,1.0212505,-0.14062956,0.005215302,-0.11804651,0.8298678,-0.07692489,0.30961567,0.14944358,0.73662734,2.3017495,-0.32883054,-0.10705264,1.0008765,0.4122543,-1.7365863,0.43198097,-0.79912627,0.53861296,-0.41162723,0.4044025,-0.85497373,-0.52722186,0.022975594,0.725308,-0.40904897,0.32482252,-0.32962716,0.42021906,0.5704059,0.052468073,0.20003404,-0.23931131,-1.2006328,-0.5664012,1.2250216,-0.54756886,0.01135264,1.0783501,0.6575752,-0.541293,-0.12836814,-0.00071228296,0.7956717,0.10315429,0.71651477,-0.3565119,-0.04588459,0.2763209,0.1756185,0.36695194,0.13802178,1.1279842,1.0152307,-0.5877921,-0.32438952,-0.25913507,-0.32617134,0.7039309,1.2944074,0.11648767,0.85835975,0.36681998,0.63428575,0.016678773,0.69399184,-0.9704292,0.64296573,0.23134266,-1.6421583,0.17423414,0.5002463,-0.56240344,0.015337348,-0.74940306,0.8813189,-0.19650811,0.8017447,0.7608101,-0.2177669,1.1146828,-0.46498793,-0.004757872,0.16498026,-0.19837692,-0.83524704,1.9295541,0.48582587,-0.11646136,-0.5046649,-1.580345,-0.3031536,-0.20018885,-0.9211837,-0.74054265,-0.848681,0.54856455,-0.6887744,0.06567513,0.5597871,0.14061879,-0.54697824,1.4423155,-0.6490424,0.12913927,1.1104516,-0.5606893,0.22278064,0.09376167,0.033085197,-0.620489,1.2629273,-1.5432761,0.732527,-0.88420105,-0.6454233,0.48063117,0.10465698,0.5343745,0.7840465,-0.5577979,-0.48527706,-0.1698041,-0.37906465,0.24752901,-0.28316534,-0.24473318,0.9016045,-0.7020279,-0.07906816,0.46539947,-0.63122565,0.42060858,-0.10704533,-0.06652689,0.5830824,-0.48236656,0.27975518,0.37492323,-1.3982282,0.8147602,1.1822859,0.45029393,0.52095574,0.9532158,-0.6270674,0.17495851,0.21791843,0.16359803,-0.007380098,1.454044,-0.6637744,-0.56925225,-0.28559792,1.1756982,1.2383393,0.09366836,-0.37593952,0.33486366,-0.58047694,1.1404597,0.4722258,-1.4982805,0.37689915,1.9660735,-1.9039629,-1.0423468,-0.5265199,-0.045388885,-0.52090555,0.26190338,0.45075214,-0.5791625,0.40128452,-0.47962284,0.16101228,0.19762194,-0.7251785,0.2748791,0.17205174,0.014699623,-0.42656267,0.25928527,-0.9600686,-0.00359758,-0.4416409,-0.53359276,-0.11930371,0.39228725,0.4803837,-0.23315936,1.6948935,-0.7393155,-0.25740498,1.2213767,0.03384608,0.60613346,0.030361593,0.14895697,-1.1766988,0.28509757,0.3757818,0.42989755,-0.051723465,-0.05568812,0.23407117,0.097952366,-0.1973541,-0.8610815,0.26791573,-0.1344625,-1.0695254,0.17034782,0.663708,-1.6442021,0.056849442,0.012962222,0.6983957,-0.47868252,1.1227069,-0.19709556,0.17883919,-0.34470525,-0.5214654,1.037312,-0.047798134,-0.098742545,-0.6978334,-0.32303435,-0.77233374,-0.16033885,-0.1742652,1.2049303,0.08352749,0.71351093,0.046562437,0.8191141,-0.9998292,0.026171956,-0.7602562,-0.7054733,1.0385541,-0.7188874,1.095849,0.6693349,-0.33683845,0.20170696,-0.3491048,0.68211955,-0.01749935,0.38447803,-0.8744134,-0.70427483,-0.36189926,-0.1622399,-0.43271613,-0.19006495,0.14679362,0.5936614,-0.704902,0.0331852,-1.5160059,-0.40014285,0.12750195,0.7299357,0.17172249,0.5342797,-0.1243142,-0.5670347,1.625303,0.43370628,0.18470699,1.2903526,-0.038959518,0.3185641,-0.3713122,-0.49927458,0.12310131,-0.33097813,0.82985985,0.31956816,1.1138519,0.8974891,-0.367942,-0.03065284,0.5216129,0.8675639,0.70051575,0.51049304,-1.1002357,0.042951997,0.30053884,-0.555672,-0.13551126,0.7607033,-0.8869476,-1.5430459,0.8494605,0.13485567,0.0061765313,-1.401166,0.07818627,-1.0652151,0.55311483,0.46787688,-1.1468143,0.81260675,-0.08657345,-0.13250951,-0.24443151,0.28128368,-0.9489403,-0.55587554,0.6805246,-0.35868514,0.0026388168,-0.4155852,-0.34735703,-0.9053489,-0.057387203,-0.39202532,1.2033665,-0.8864315,-0.3522811,1.2873118,0.50773674,-1.3917546,0.25578496,-0.76639223,0.2705443,-0.008716226,-0.03951505,0.18117796,0.19248453,0.5224466,0.25951028,-0.050092727,0.16915348,-0.62510777,-0.5200928,-0.05085697,-0.072449915,-0.14434093,0.83866096,-0.5518414,0.28752318,0.48482585,0.4065234,0.84381974,0.40894115,1.7719833,0.63183933,1.2038876,0.54830295,-0.33529156,1.0436274,-0.93101156,0.09722047,-0.042727236,0.23541357,0.19744697,0.7390409,0.52803427,0.32413656,0.24392253,0.5677676,-0.69048476,-0.6072501,-0.1728741,0.12980114,-0.14950375,-0.74115974,-0.8558207,-0.37153232,-0.62481767,-0.41587794,-1.6403736,1.2116182,-0.1686059,-1.5009999,-0.24486499,-0.56590664,0.40199268,0.3287673,-0.50347817,0.26564965,-0.06789139,0.1903357,-1.4578719,-1.3215395,0.6746383,-0.03971248,0.31373942,0.6492081,-0.08203321,0.48821744,0.5789758,0.17568079,1.7161651,-0.14425497,-0.66512406,-0.1780999,-0.37352163,-0.136888,-0.4896818,-0.69703984,0.037771434,-0.1728396,-1.5612562,-0.19370173,-1.3666925,-0.32001874,-0.07448902,0.45549566,-0.50190365,0.14943726,-1.5617372,-0.048692733,0.36036634,-0.04589194,-0.37380505,1.058945,0.18622947,-0.28577143,-0.056080565,0.1436719,-0.7101732,0.119687505,0.25492424,0.8041704,-0.25614324,0.14241806,0.14984685,1.4450281,0.14541624,-0.056383386,0.50149816,-0.355596,-0.8173152,0.34367526,0.20407157,-0.7201436,0.25875443,0.79344404,0.63354784,-0.17604987,0.9573405,-0.67947996,0.22097808,-1.3569424,-0.052071646,-1.3562737,0.8939854,-0.0726211,-1.3245752,0.0632647,0.5370405,-0.082284175,-0.21338901,-0.9478146,-0.12762412,-0.6439487,0.86609316,1.9235587,-0.054945804,-0.20481615,1.773816,-0.27296412,-0.94662356,-0.37696213,-0.09969468,0.36711466,0.94947356,-0.60331774,0.17815244,-0.03119269,-0.7562044,1.6043447,0.7355495,0.2588269,-0.059180953,-1.7763917,-0.03942851,-0.0121720135,0.18794239,-0.07277907,-0.2889808,-0.2951594,0.55643106,0.37220952,0.2981466,-1.03935,-0.2712676,0.13028434,0.548683,-0.985803,1.0489582,-1.0900717,0.7931763,-0.3040924,0.24296732,0.22343391,0.3381665,-0.31571054,-1.1314536,-1.0438198,-0.18813705,-0.5147391,-0.6283044,0.12569928,0.42535657,-1.0675513,-0.5111106,-0.34638765,0.9027655,0.71579,0.5702487,-0.2924276,-0.044102147,0.5155163,0.11552137,-0.7768499,0.2898355,-1.5737479,-0.47331187,-1.2269527,0.72544485,0.14637463,-1.2309718,0.44602916,-0.55226475,-0.08055649,0.5317396,-0.23975885,0.08132969,-0.08898786,0.059157565,0.61051446,0.14421766,-0.6414146,1.8308831,0.74399954,-0.8185303,-0.4568679,0.44957867,-0.59130824,1.7211385,1.380859,0.43572825,-0.02461056,0.24230237,-0.37871808,0.8459113,0.51702213,-0.616403,-0.17060608,0.65431017,-0.57607144,0.9834306,-1.5235372,-1.0199307,0.6828356,-0.45530555,-0.030210435,0.42000574,0.662947,-0.87991494,-1.2668698,0.035188846,-0.34709692,0.6962098,0.2831242,0.7456237,-0.60664415,-0.22639987,-0.38580036,-2.3639455,0.5805037,0.9752242,1.0033953,0.079307035,0.648759,0.5875631,-0.110512346,-0.48139995,0.016853154,-0.034780465,0.0925048,1.4563178,-0.25646526,-0.78879565,0.16669187,-1.1393857,0.26903376,-0.68530333,-0.68727607,0.18832038,0.5200663,0.017251097,-1.155105,-0.28778985,0.84625715,-1.4465461,-0.31789762,-0.2033037,-0.7991331,-0.055896744,0.66326386,0.45088065,-0.6485797,0.8495828,-0.6820401,0.6636799,-0.9692246,-0.7858593,0.11794622,-0.31820774,0.10209113,0.38025194,0.37733012,-0.30348805,0.6332956,-1.0922297,-0.40370756,-0.41808826,-0.33552787,-0.12583537,-0.4105707,-0.24763729,0.18793152,0.47885418,-1.2212223,-0.5158706,-0.5034294,0.3570475,-0.4424916,0.3562642,0.19921598,-0.49563795,0.56353307,0.5436899,0.40963984,-0.4404062,0.41717467,0.6682472,0.96094817,-0.7189311,0.7814088,0.69639766,-1.0068997,0.7466716,-0.31629857,-0.19431765,0.29531345,-0.24444897,-0.091931805,-1.5630449,-1.2867697,-0.65338707,-0.13632627,-0.17485115,-0.1373825,-0.6413381,-0.4617759,0.4983306,-1.5008521,0.5239584,-0.17196034,-0.26244363,0.02992956,1.0869662,0.7794804,-0.5945132,0.21795309,-0.30382812,0.4575263,0.2327349,1.2065744,0.16545257,0.6109524,-0.14471498,1.290091,1.4403244,0.338113,-0.39148575,0.409778,0.36706156,0.39284977,-0.123733655,0.011159003,-10.903527,0.21843106,0.38772866,-0.50871205,-0.7398851,0.490781,-0.03321185,-1.4500312,-0.27568075,-0.02813302,0.40294003,0.13862179,1.3908783,-0.46505862,-0.59266144,1.041242,-0.59813035,-0.13866694,-0.24642915,-0.5218375,1.0955766,1.3766965,-0.17956862,-0.8847331,0.7958823,0.9348897,-0.58507025,0.7332535,-1.2836703,1.5904895,-0.15066566,0.72867364,-0.60259366,0.27822506,0.4056188,-0.49037465,-0.03605833,0.032803766,0.85927635,0.15527102,-0.9725427,-0.31790859,-0.22566144,-1.0670133,0.12752566,0.5136653,-0.951675,-0.79437983,-1.1978076,0.28349847,-0.4840262,0.9719256,0.9431232,-0.9532925,-1.1516436,-0.7800986,0.07705246,-0.4227979,-0.39786172,0.35323137,-0.48669076,-0.44160587,0.3242681,0.36304596,0.70095277,-1.651903,-0.574578,0.72301877,1.1500195,-0.1454658,0.945716,-0.6281534,0.37433574,-0.63934654,0.8220574,-0.5197116,-0.44625124,-0.15537028,0.55235606,-0.19547707,-1.6790305,0.4108526"
https://help.payactiv.com/s/article/Making-Online-Purchases-with-the-Payactiv-Visa-Card,Making Online Purchases with the Payactiv® Visa Card*,"Making Online Purchases with the Payactiv® Visa Card*
It's easy to make online purchases with your Payactiv® Visa Card*. Simply use the numbers on the back of your card when checking out.","0.18319762,-0.43780306,1.0345547,-0.6558859,0.22473912,-0.723982,-1.2741373,-0.17319216,0.43004203,-0.794452,1.1520814,0.51864904,-0.5245585,-1.2614602,0.9811745,0.568428,0.31733677,0.71474326,0.7399846,0.6342548,0.41412738,-0.7783031,-0.05537194,-1.0137985,2.3556156,0.5637183,-0.58822256,-0.25237677,-0.56769145,-0.63999945,0.008456528,-0.18567243,-1.162974,-0.5007305,-0.79093236,0.5968201,-0.563411,-1.0485784,-0.59434485,0.08939299,0.0648206,-0.49075568,0.28128466,-0.802049,0.16821268,-0.099636644,-1.2424917,0.05284044,-0.57320434,0.22864234,-0.71563876,-0.6295937,-0.3567032,-0.85877717,0.6537834,-0.61203337,-0.27635944,0.15772554,-0.70757025,-0.18503202,0.08433977,-0.17515585,-1.2975154,-0.87856317,-1.340163,1.1982287,-1.3682894,1.8576488,-0.13072921,0.51057297,-0.3253736,0.68884677,0.5648392,-0.10420576,-0.6084635,-0.8108783,0.09358443,-0.14595343,0.6603814,-0.13737884,0.041849196,0.506996,0.15482305,0.42024797,-0.78924805,0.2785411,0.22684008,0.016961351,-0.6506953,0.45556605,-0.14731708,-0.66428083,0.03738504,0.13346523,1.102661,1.0241653,-1.1327493,-0.11398785,-0.5460982,-0.030046996,0.20014152,-0.5901371,-0.08242169,0.64294475,-0.46730816,-1.2338872,0.15217151,0.051609978,0.4128162,0.2568738,-0.18174154,-0.37359595,0.23287213,0.6403351,-0.18762197,0.44196254,-0.6158776,-0.5286798,0.57068264,-0.47274175,0.032691628,0.10075429,1.0631043,-0.116365746,0.015165269,-0.11523576,-0.368391,-0.32039875,0.34279943,-0.11091086,0.669515,1.1917745,0.7915502,0.2725477,0.07921432,0.626765,0.28284705,-0.36928308,0.8882153,0.49976408,0.066058844,-0.123181626,0.07850765,0.18485966,1.0165752,-0.64417154,-0.057212062,1.2922175,1.4222594,-0.1680544,-0.50917274,-0.11659538,0.68512225,-0.30021098,0.59775466,0.582763,0.0841191,-1.6901757,0.22315598,0.7333429,0.33065772,0.10610773,-0.48797682,0.29926643,-0.92657644,0.05216333,-1.3068913,0.07744391,0.2804201,0.5135536,-1.4825346,0.123397045,-0.9792494,-1.4613109,0.8839166,0.48155457,0.9431056,-0.4466145,-0.91216505,0.069086954,-0.27875617,-2.428103,0.40507528,-1.5149477,0.75669026,-0.27862927,0.41143405,-0.40191665,0.4871825,-0.41601032,0.9281822,-0.73785925,-1.7367584,0.2992953,-0.7682849,-0.6318585,0.99269056,0.46697932,-0.4911582,0.29253465,-1.1739051,-0.057259314,0.40211105,0.043066368,-0.15085804,1.4873662,0.12666121,-0.31867036,-0.33224866,-0.2155276,0.8739593,0.68110657,0.05175159,0.15871231,-0.35440436,0.6952913,-0.58209974,0.12375482,0.51833934,0.41822928,-0.5492129,-0.69981694,-0.98832685,-1.1056169,0.77956903,-1.7401078,0.27537924,-0.17211145,1.2511237,0.5563977,0.38414305,0.7948359,-0.61520034,0.36228275,0.32612488,-0.050123867,-0.24696904,0.43086565,-0.21175383,0.65241426,-0.1695303,-0.20344175,-0.17863357,-0.86475384,-1.3442718,0.23496398,0.42493173,0.17494968,-0.05554618,-0.91203535,0.05732587,0.57199776,-0.21327847,1.5914747,-0.17970696,-0.7732955,0.10898086,0.59540385,0.59584874,-0.98587275,-0.56789064,0.4797073,-0.030478865,-1.0142517,-0.023402512,0.058353364,-0.59575653,-1.1291022,1.1373668,0.8069063,-0.4996307,-0.41943735,0.33490312,-0.0067235827,-1.2478001,-0.97549886,0.83709955,-0.66197246,1.1531893,-0.5615675,0.4004608,0.94082886,0.50023645,0.022009298,-0.3812703,-0.57893705,-0.44619268,-1.4310693,-0.32512075,0.19292831,1.0165828,1.0547575,0.473455,0.36907387,0.017581567,0.856288,0.9944783,1.042608,0.10520819,-1.1641583,-0.15135485,0.23440307,-0.5086335,-0.46083903,0.49683642,0.340836,0.55493116,-0.5326634,0.11284664,1.4631543,-0.08368339,1.3963282,-0.49144012,2.3995864,0.54965407,0.9178859,-0.8105499,-0.2461035,0.6336504,0.2308114,0.23498173,-0.28721362,-0.4075852,-0.82231057,0.7931171,0.2747439,-0.6131127,0.80719835,-0.27781314,-0.86940813,-0.11164633,-1.2110587,-0.7843373,0.47795534,0.8019457,-0.47666034,-0.24061221,-0.8304007,0.8184045,0.07718835,0.4734626,-0.7075418,-0.30530626,1.0212628,0.3879384,0.82402086,-1.2751104,-0.17277178,0.567928,-0.25586784,0.9941588,-0.45348093,0.30308512,0.18083856,-0.6759036,-0.19270337,-0.44983283,0.6684598,-1.5655837,0.96170634,0.48398983,0.13762318,-0.13211286,0.83350515,0.24188134,-0.62780917,0.16891949,-0.17520669,0.122007474,0.69087726,-0.31127244,-0.040274356,-0.2088762,-0.3145901,0.090508826,-0.12744689,-0.9212705,-0.36331737,-0.5003252,0.8884815,-1.2345024,0.52756643,0.43907252,0.74486166,1.0782106,0.4173352,0.41246468,0.9111372,0.25567797,1.1672114,-0.7275883,-1.9911681,-0.40869266,-0.2109787,-0.42265135,1.1342604,0.9584734,0.1530822,-0.4859684,0.5953907,-0.3945397,0.23304671,0.07891184,-0.33955994,-1.8258454,-1.5854845,0.7097802,0.5731546,-0.45518976,-1.4955896,-0.4180588,0.96295744,0.16677117,-0.02410964,-0.33994463,0.139536,0.5650695,-0.9140383,-0.9135816,-0.86194193,0.37962344,-0.44224253,0.587124,-0.5416656,-0.06274092,-0.8366689,0.17494434,-1.1462746,0.28468883,-0.42268315,-0.53405577,0.43952104,-1.4008255,0.38729402,-0.8230912,0.49679133,-0.6153141,-0.6671668,-0.5645781,-0.19112147,0.44656834,-1.0255461,0.77250165,0.51565564,0.22623274,0.13847521,1.3960481,-0.3706141,-0.44030187,-0.7575572,0.27309778,-1.153507,-0.520113,-0.23413002,1.3561435,-0.5598761,0.1628403,-0.09865498,-0.02173419,-0.6826918,-1.5456465,0.99470496,-0.0016444325,-1.1992612,1.3506004,-1.0664487,-0.16548704,0.88931996,0.35156697,-0.41548222,-0.18941374,-0.13164605,-0.8375125,0.39492285,-0.5638174,0.25104967,0.6621686,-1.7257508,-0.20112011,-1.0333343,-0.38873,0.091457486,-0.611825,-0.4934149,0.4834157,0.20790848,0.9881929,-0.54710895,0.14261596,-0.21936262,0.6109418,-0.5154444,-1.0058732,0.18814397,-0.29278877,1.2647889,0.09901094,0.1648716,0.3536296,0.4911545,-0.37180138,-0.49445194,0.004594505,-0.5830405,-0.91147554,-1.4731864,0.6613747,-1.1647537,-1.2888067,0.05950868,0.3118825,0.6283643,-0.44889706,-1.0227809,0.37082803,0.2401974,-0.33724812,0.71896523,0.54407215,0.5730681,0.09283933,0.05897343,-0.75928444,-0.39577985,1.0032386,0.53052175,0.31728014,-0.052648157,-0.41117585,0.5137023,-0.23603575,0.029002607,-0.072336026,1.3296219,0.5842265,-0.6347519,0.9266368,0.46544608,0.16823737,-0.3574842,0.05013147,-0.4685771,0.23577541,0.65789473,-0.51939636,0.35436684,0.3963078,-0.14174432,-0.9012261,0.31581256,-0.3333399,0.5052635,-0.07874669,0.73887074,-0.67282766,1.1578948,0.38554958,-1.5499265,0.062556155,-0.016540859,0.33412766,0.37485772,-0.17469083,-1.0485086,0.5210612,0.31438538,-0.19985598,-0.011896007,-0.6986048,0.45361704,-0.29336286,0.21989243,0.06279755,0.46607116,-0.12741977,-1.3470298,1.2534264,0.60520613,0.06524701,1.0705674,0.033365756,0.14067551,-0.019571953,-0.8489778,0.22217791,0.6839624,0.43856794,0.20803514,0.046006024,-0.05510346,0.50728977,-0.5381728,-0.2912685,0.07617238,-1.0571573,-0.5085538,0.4661244,0.8905507,0.21769139,-0.037201382,0.0036551151,-0.23936096,-0.670473,1.2031435,0.17670844,0.15017891,-0.6887151,-1.9134843,-0.1118187,-0.62940645,0.4551875,0.96100503,0.084726326,0.094578885,1.0202365,0.97774184,-0.3272878,0.3179222,-0.18287006,0.059455574,-0.673537,-0.092984125,0.026861787,-0.12883285,-0.46401078,-0.62739855,-0.79847986,-0.17959505,0.31698996,1.534459,-0.38897777,-0.123062395,0.50181776,0.086542204,0.020005658,-0.17604718,-0.52659875,-0.57879955,0.8806325,-0.29423064,-0.7555087,-0.39073712,-1.6067598,-0.24509501,-0.5904293,-0.4261856,-0.25088906,-0.60906905,-1.720963,-0.28621334,0.86306775,0.25498185,0.0588046,-1.2755909,0.5534849,-0.955169,-1.089854,0.8729554,-0.2595332,-0.52769893,-1.0706068,-0.4220237,-0.25526407,-0.015244402,0.6528715,0.05711423,-0.7629984,0.13383453,-0.79771113,0.63134754,0.96688193,-1.1293782,-0.6205774,0.13663995,0.21980083,-0.009675241,1.2695735,-1.120806,0.02357214,-0.44455743,-0.25135377,0.31533885,0.1883774,1.0822878,0.10739527,0.01643379,-0.19684815,-0.03370428,-1.10071,0.07491706,-0.025588676,-1.0088136,0.6179293,-0.3117654,-0.33897173,-0.5851743,0.18791729,0.7461403,-2.3620996,-0.45136043,0.37415147,0.8592547,0.26479387,-1.2695765,1.9903089,-0.05525336,-0.83971274,-0.9323552,0.016239166,-0.944533,0.5414276,-0.41190255,-0.09328543,-0.012392707,0.3189149,1.644679,-0.39255822,-1.5520971,0.39133665,0.13063124,-0.54501987,0.015442859,0.64139646,-0.54880285,0.40329912,0.7757665,-0.014957373,0.14998506,-0.81408334,0.23373663,-0.05721377,-1.6163034,-0.86684936,0.0004993081,0.03193633,0.20590165,-0.19764358,0.6672654,0.91832453,-0.1517028,0.22589451,0.23294893,0.17057197,-0.38159174,0.20536369,0.47493553,1.2372582,-0.033211835,-0.22835997,-2.3732464,1.4988843,-1.0229267,-0.12401587,-1.0682316,-0.5612198,-0.48985395,0.0010580719,-0.08818719,0.54974353,0.51276445,-0.21855974,-0.16575065,0.85962135,-0.44842592,0.3893394,0.20354898,-0.2263689,-0.4292344,0.0075965524,-0.08125956,0.37543604,-0.124456726,-0.48856106,0.62969077,-0.27055,-0.24645965,0.47704786,-0.8816999,0.22232927,0.3330135,0.21875468,0.31745097,-0.4450863,-1.039312,0.37166113,-0.058899604,0.86159796,1.384359,-0.1673655,0.29276848,0.6948363,0.95899534,0.4002504,0.24669653,0.4488332,0.3769545,-0.4884026,-0.5809879,1.1987705,0.85423344,0.22411662,0.81842935,0.49378565,-0.33170655,0.5678123,0.6284308,-0.16383944,0.011684813,-0.18389422,-0.51175225,0.49184847,0.22202052,-0.3401534,0.22756106,0.97582895,-0.55750465,0.031115942,0.7424783,-0.37940288,-0.83588135,0.57738346,-0.5631676,0.7420237,-0.8753216,0.9529191,-0.9688818,0.49613863,-0.07553686,-1.8798403,0.64684314,0.8210274,-0.124605864,0.02212891,-0.39592612,-0.4819273,1.2221426,0.8272948,-0.28909197,-0.29955098,0.9872543,0.13756545,-0.29873884,-0.054935686,-1.1731601,-1.1468561,-0.6797388,-0.26916766,1.0860176,1.1071628,-0.796866,-0.97852963,-0.18494706,-0.6406311,2.1749728,0.079084404,-0.0063305944,-0.75970876,-0.9378419,0.07152616,0.29128194,1.4340093,-0.95415604,-0.6548603,0.037359938,0.6214443,-0.371992,-0.7154939,0.08694224,0.33525148,-0.36221957,-0.5018988,-1.4730551,0.14306176,-0.28136927,0.7796267,-0.2831231,-0.4415298,0.6590289,-0.46760666,-1.014212,-0.3525085,0.8417035,0.48022932,-0.9566008,-0.87493914,1.3190925,0.41165477,-0.7025651,0.93524367,-0.19944659,0.7059385,0.23318803,0.4474618,-0.18064271,-0.768564,0.25696498,-0.5010886,-0.67677367,-0.21796335,0.93450063,-0.5487423,0.6148976,-0.09033337,0.122614995,0.10625219,-0.5163734,0.40723374,0.8613139,-0.8806201,-1.0414782,-0.18265757,-0.35337788,-0.6006347,-0.5856505,0.5763303,0.3492483,0.029375281,-0.2511593,-0.67965513,-0.18744396,-0.8330296,-0.44356298,0.7453892,0.7455286,0.23304781,0.20395301,-0.60709506,0.0707877,-0.25775358,0.97651064,0.13029099,0.030835487,1.2314854,0.39393976,1.1974596,-1.0361543,0.8465544,0.16567253,2.2849402,-0.56976527,0.20292878,-0.21786383,-10.360668,0.28369924,1.092933,-0.11975826,-0.25570512,-0.007224694,0.5114409,-0.07049765,0.16580625,-0.35874647,0.14006744,-0.080585554,0.2353885,-1.9355719,0.3152154,-0.6653734,-0.18402763,-0.7689331,-1.0714617,0.2799058,0.70522624,1.5567913,-0.5542326,0.18396744,-0.5829312,0.37112242,-0.81411326,-0.39957792,-0.59162784,-0.7840445,0.4293114,0.38861954,-0.25983056,0.2977303,0.40361634,-0.39812386,-0.3999044,-0.5496497,0.31210482,-0.39941812,0.35835397,0.19218212,-0.23280734,-1.2027974,0.54430383,0.9646158,-1.2743735,-1.0064389,0.6445815,-0.70838344,0.69648343,0.63635194,0.722593,0.39758492,-0.20409666,-1.5140206,-0.3161782,-0.20413704,0.24685965,1.4803413,-0.39408696,0.19487496,0.32533735,-1.0074123,-0.27245814,-0.36645567,0.38624364,-0.28658432,1.9269829,0.19111215,-0.013270214,-0.8309988,0.16938946,-0.45196307,-0.079223864,-0.5414,0.19620606,0.31032407,-0.17060566,0.45222953,-0.26570937,-0.6889456"
https://help.payactiv.com/s/article/Downloading-the-Free-Payactiv-App,Downloading the Free Payactiv App,"Downloading the Free Payactiv App
Ready to get free 1:1 financial coaching, Rx discounts, car insurance rate comparison, SmartSpend, and Job Boards? You can find it all and more in the free Payactiv app.

Download the app to get started.

App Store
Google Play","0.52358556,0.24376005,0.3769635,-0.31333312,0.49659336,-0.69829947,-0.12711793,0.16431053,0.5707104,0.18769857,1.0289909,0.68428755,-0.40147895,-0.5911086,-0.93450755,0.312176,-0.3072225,1.0972108,0.5171535,0.15639734,-0.23081668,-0.33655983,-0.06860773,-1.8052608,1.4139394,-0.547453,-0.97679186,-0.011540005,-0.49868512,-0.48269087,0.35904095,0.16923305,-0.8578007,-0.33709535,-1.3272053,-0.48190796,-1.4111178,-2.1893218,0.41138604,-0.13087508,-0.4393383,-0.70273376,0.79041135,-0.93546796,0.926154,0.7264424,-0.36834684,0.17874709,0.019552581,0.5605804,-0.8604293,-0.87258655,-0.06791445,-0.9891927,0.19608447,0.53821707,-0.36978367,-0.6060171,0.63891727,-0.33640617,-0.61429316,0.6285946,-0.5683499,-0.33483642,-0.45801866,1.471366,-0.2824942,0.3850089,-0.48451003,0.6468991,-0.48856485,-0.5416761,0.7797837,-0.2861985,0.056015544,0.19951288,0.42428517,-0.1381331,0.6818506,0.34306046,0.005581945,-0.32734048,0.498254,1.4204319,-0.32943344,1.0181515,0.29024628,-0.6084688,-0.24279942,1.1462736,-0.1247115,-0.008154258,0.18023562,-0.9358543,0.55140215,1.8168665,-0.9091746,0.74818933,0.30694956,0.0014227182,0.46052286,0.62641144,-0.51654613,0.6712007,-0.58924603,-0.80640626,-0.44936904,0.3787946,0.9995173,-0.017832704,0.007250497,0.7198849,0.6207828,1.3995159,-1.2278491,0.45597082,-0.42167214,-0.79119104,0.27221507,-0.32545674,0.02288827,0.09980041,0.28535283,-1.0114024,-0.85434866,-0.41787118,-1.1205156,-0.06108766,0.28662154,0.48795938,0.7679894,0.91141343,-0.36723697,-0.040566087,0.73941565,0.6224467,-1.0002453,0.48346147,-0.044432774,0.23556757,0.098846525,-0.42059615,-0.030086167,-0.8129152,0.75429904,0.50649303,-0.4021256,0.65578353,0.8139361,0.62758094,-0.4134394,-0.35091132,-0.07214163,-0.024039473,1.6779981,1.5509481,0.11969805,-2.128465,-0.17309782,1.1224047,0.30243248,0.12886049,-0.5037891,0.7492529,-0.6032794,-1.107981,-0.047463536,0.16982883,-0.100642204,0.8169547,-0.6163154,0.004787579,-0.616888,-0.9059626,-0.18999997,-1.4334469,0.8059867,-0.26314336,-0.027033344,-0.43993345,0.06736662,-0.009023353,0.20982039,-1.4320782,-0.22694515,-0.8009194,1.0111066,-0.14435859,0.85134536,-0.29359204,0.7538127,-0.72312814,-0.59573215,-0.10583156,-0.3083266,-0.5578471,0.109097704,-0.8315585,-0.35826433,0.3161059,-0.86616164,0.27943593,0.94055337,0.46780518,-0.26394328,-0.18197876,-0.5825883,0.14864585,-0.06281798,-0.58066565,0.2339755,1.2934031,0.5995413,-0.46166754,0.09402692,0.0869405,-0.27433565,-1.5644875,-0.71607405,0.8719983,0.153012,0.5627424,-1.3691193,0.23611692,-0.13325092,-0.8059777,0.5034302,0.2038062,0.17676862,0.89466214,0.9603503,0.9823806,0.38860175,-0.40990645,0.06782127,0.20889679,-0.7826619,0.3501711,0.25869665,0.76510125,-0.34116304,-0.8833589,0.6801526,-0.6952983,0.16082904,0.69454086,-0.60357213,1.4936879,0.45388716,-0.1904927,0.40914053,0.12286928,-0.12077897,0.7006826,0.7063031,-0.3973837,-0.12910783,0.93748635,-0.44967985,0.061483458,0.080965266,0.76893204,0.6189911,-1.0039226,-0.43157545,0.5048393,-0.16104439,-0.8320887,0.65527403,-0.25570533,-0.22515023,-0.88034624,-0.10312094,0.15883595,-0.65078694,-0.347406,0.23517561,0.16821335,0.23229146,-0.86287403,0.4547341,-0.14580557,-0.25429833,-0.7678845,-0.6465848,-0.02434672,-0.5452547,-0.87777203,0.59609884,0.19920436,-0.08891494,-0.4238784,-0.24542862,0.7307057,-0.6880938,1.108183,0.2999161,1.199282,0.17310874,-0.9225995,0.3553965,0.61327636,-0.30605078,-1.9617561,1.1439681,0.43495876,0.16284154,-0.6232262,0.21175939,0.09597847,-0.14108367,0.7719523,0.09242141,1.4432108,0.050758258,0.7380862,-0.34808505,0.8301298,-0.82316935,-0.21244127,-0.46087438,0.0480261,0.29569164,-0.083236665,-0.47263625,1.0543895,-0.053519722,-0.18168765,-0.44610202,-0.10475201,0.21368688,0.029388808,-1.2246286,0.31131935,0.3905868,-0.69199604,0.04888594,-1.2940216,0.33056876,-0.33563647,-0.38417876,0.5010797,-0.27646378,0.87962395,0.15447694,-0.42706951,-0.69813055,-0.25971204,0.56006044,-0.32127047,0.2977997,-0.35293463,0.8009156,-0.3803249,-0.57776916,-0.5362151,0.3269927,1.1238215,-0.89280677,-0.17658326,0.3651396,0.07609902,-1.6369232,0.6075283,-0.33255798,-0.62081194,0.6138731,0.07657923,-0.15384981,1.0165583,-0.47277123,0.25122407,-0.59006965,0.9009011,-0.1560763,-0.26113886,0.23091052,-0.08401774,-0.12791964,0.6388139,0.032944445,1.0062697,1.1678753,0.29847974,0.5773335,-0.1230521,-0.20506601,1.0103754,-0.2866516,0.879586,-0.40567893,-0.5786532,0.63187337,-0.19525206,-0.5819526,0.99777836,1.0846335,-0.5863946,-1.1844106,-0.374771,-0.32464856,0.58756685,-0.09440339,-0.33718818,-1.4802914,-0.38221943,0.034605376,0.4481667,-0.10004969,-0.24582332,-0.13016969,0.037325077,0.55541694,-0.009236053,0.7618506,-0.26579422,-0.21923274,-0.25207916,-0.40002713,0.15880632,-0.124537975,-0.2574135,0.12108138,-0.03975719,-0.5630111,-0.001318574,0.32510632,-0.7479476,-0.54755074,0.1346843,-0.32045838,0.9297571,-0.2700526,0.83823967,-0.7236767,1.078829,0.5396989,-0.45395657,-1.0071357,-0.41406608,0.34375778,0.236388,0.55896246,-0.16830069,-0.005055215,-0.15181305,0.8530762,0.47383592,-0.055165425,-0.15750927,0.13945135,-0.30906147,-0.80007386,-0.5951346,1.1685947,-1.1687703,-0.5352078,-0.86905706,-1.272812,-0.13631453,-1.8018801,0.05048727,0.57208383,-1.1114731,0.8892394,-0.951126,-0.00134933,-0.59712905,0.4130019,0.4643127,1.276538,0.1803468,-0.26291496,-0.010764606,0.32396293,-0.04158547,0.6266766,-1.6745633,-0.4931569,-1.0256386,0.15345977,-0.80664456,0.069785684,-0.7753024,0.005543314,0.08669244,0.077879936,-1.5065496,0.3211919,-0.2709997,0.1593247,-0.027489439,0.23309864,0.1530301,-0.03314258,1.6717058,-0.20202807,-0.79958975,0.7269611,0.17981209,-0.26626784,0.10658632,-0.7652656,-0.8875512,-0.96732414,-0.39486474,-0.015916213,-0.29178625,-0.0007467568,0.47828007,0.22207195,0.17158923,0.760698,-1.1690569,-0.009276971,-0.4478361,-0.0010798723,0.9123327,0.08237305,0.16225472,0.62228405,0.7757081,-0.9711796,0.27656847,0.34537512,-0.7148849,0.4227677,0.1698461,-0.25295788,0.12159794,0.29152068,-0.38731295,-0.44928834,0.7570305,0.1158158,-1.0618962,0.035504553,0.1695567,-0.0058981255,0.059849046,-0.064190924,-0.21253967,0.44243032,0.881575,-0.25991622,-0.28301203,-0.28149745,-0.28721714,-0.57118964,-0.0037673675,-1.2393862,0.14608088,-0.603564,-0.78318405,-0.4548598,-0.22953278,-0.24922788,-1.2074865,0.28338614,0.033118308,0.2523679,0.368608,-0.324794,-0.13490307,0.15825321,-0.50702643,0.6715318,0.05689928,-0.115119815,-0.21760702,-0.57416975,-0.40338498,-0.57498705,0.4779272,-0.23971227,-1.1616913,1.3371576,-0.4873119,0.13217388,1.5276457,-0.64609325,-0.49434638,0.8318893,-0.86528075,1.8291517,0.57233983,0.09332208,0.7542041,-0.53878075,0.6862632,-0.060398087,-0.27597493,-0.859812,-0.1307111,-0.7676682,0.71184355,0.44571182,-0.48890412,-0.9205155,0.17314894,0.045902636,-0.4199479,0.27834594,1.1698171,0.17850482,-0.6869412,-0.26174262,-0.5444687,-0.78929114,0.16021007,-0.30939066,-0.26287267,0.85636216,0.14930579,0.60652804,-0.022549637,-1.173086,0.5682353,0.35687315,-0.41032714,-1.2770511,1.105166,0.29685855,-0.14886624,-0.13551988,-0.19688104,-0.22381812,-0.46323922,0.0413076,1.1479477,-0.43569964,-0.26535612,1.2044173,-0.5045192,0.077527046,-0.6202204,-0.24856696,0.47852826,0.34659368,0.088926524,-0.19407065,-1.6548289,-1.0499794,-0.6774594,-0.47261828,-0.30535454,0.29458484,-0.2881356,-0.21720192,-1.151911,0.20723005,-0.32463878,-0.5903455,0.008361347,1.6275971,-0.93027425,-0.57908595,0.47574162,0.31592035,-0.6148836,-1.0741365,0.81435376,0.4902401,0.5772989,0.58999854,-1.3213559,-1.5025097,0.423339,-0.5475865,0.26251158,-0.18730105,-1.0529727,1.1424891,0.44325975,0.12312517,-0.08154372,0.734426,-0.6100983,-0.0004776977,-0.34620965,-0.10903138,-0.25990143,-0.20287976,-0.9314103,-0.37415284,-0.10685576,0.44215387,-0.7507547,-0.86610407,-0.29633945,-1.023541,-0.17550795,1.0696418,-0.11639269,-1.043579,-0.92919046,0.82757765,-0.23695315,-0.78627175,0.07031874,-0.32391524,-0.081882246,-0.3549253,-1.2867222,1.2382957,-0.3322431,-0.9483588,-0.31210676,0.084027514,-0.1886963,0.48252276,-0.01300621,0.17439042,0.27928197,-1.1359167,1.141586,-1.0715462,0.11960937,0.7202855,-0.41021603,0.09868589,0.626027,-0.13415995,-0.31401533,0.45135444,0.06221872,-0.6015296,-0.31574506,0.1181759,0.07655553,-0.7948504,-0.38175017,-0.4307446,-0.9603558,-0.6985374,0.9843097,0.38968274,0.107982315,-0.55275893,0.9281995,1.2139354,0.2951847,-0.36842728,-0.3908568,-0.5509932,-0.08439169,0.6992558,0.9939641,-0.33303753,-1.4681385,0.81500554,-0.65606374,-1.2049512,-0.12184015,0.44400626,0.0068865716,-0.9146597,-0.23613663,0.088890135,0.50888586,0.58025056,0.05620863,0.25993273,-0.557976,0.62433165,0.024144992,-0.106998034,0.29911852,-0.46242678,-0.6682291,0.046587326,-0.15452424,-0.6508435,-0.2694164,-0.34253335,-0.5693839,0.4013259,-0.8858267,0.78397405,-0.9700162,-0.14522023,-0.2641772,0.20020115,-1.0724487,0.510539,-0.22916614,0.19467647,0.1550521,-0.17594492,0.83177996,0.5841305,0.10724918,0.9484909,0.59720445,-0.78568935,0.15228575,-0.2835253,0.25616652,1.4231163,1.144025,0.34127852,0.42899552,0.7661982,-0.15793462,0.51898867,0.41168895,-0.8441699,-0.99392235,0.67314625,-0.28356907,-0.094794974,-1.4651463,-0.92110217,1.1505177,0.6171439,-0.12272249,0.6325319,-0.47283188,-0.8383495,-0.30213386,0.71175945,0.64965165,-0.04724185,-0.29104936,0.5337233,-1.4977157,-0.42180806,0.34026784,-2.0418296,0.7264284,-0.2482345,0.045005374,0.46749336,-0.82969177,0.0050320104,0.16116449,0.40015873,-0.93714154,-0.22010656,0.06742355,0.08242696,-0.50842935,0.23803338,0.86556184,-0.21747956,-0.8913444,0.06922933,0.9408874,0.35266718,-0.5060626,0.69554216,-0.39185753,-1.1232393,0.5610441,-0.16497457,-1.1224405,-0.31383097,-0.54834634,0.19334039,-1.0157071,0.8149486,-0.9329295,-0.8540673,-0.09541529,0.27050626,0.18299736,-0.8462708,0.13997722,0.51913524,-0.0761628,-0.6468901,-0.33220106,-0.5477852,0.19842611,1.8888288,0.06134548,0.350175,0.95804614,0.96970457,0.07773473,0.23020586,-0.104462,0.78575027,-0.7754135,0.48856336,0.44373,0.7986232,-0.65943897,1.1097867,0.62809616,1.1206293,0.483533,0.4619231,0.55502766,-1.296553,0.6077289,0.21286738,0.52942467,0.12974073,0.93701416,-0.31214932,0.36667052,0.5208826,0.6492374,-0.50456,-0.057185665,0.07622854,-0.01672817,-0.49896568,-0.049842298,-0.062363148,-0.7081075,-0.38432705,-0.06951563,-0.8808348,0.23075126,-0.1646847,-0.13458717,-0.07861276,-0.0037620217,-0.24170478,0.012526896,0.088909656,1.9893435,-0.41973445,0.46568733,-0.36727798,0.11646953,-0.64808553,0.9377112,-0.28659996,-0.7386207,0.640399,0.8532774,-0.3489853,-0.6376653,0.090513825,0.17354043,2.0935771,-0.19968864,0.39500168,-0.8378786,-12.059745,0.21809834,0.118625484,-0.124231316,-0.7618827,0.24046531,-0.15214744,0.79001373,0.14414902,0.7176354,-0.45481902,-0.41737127,0.29047078,-0.08659145,0.5074848,0.13411605,-0.45772678,-1.260345,-0.13977854,-0.5909268,0.86948,1.5376014,0.8392038,-0.027304277,1.0188444,0.12933297,0.021059155,-0.12446461,-0.55803305,1.0365314,-0.0753693,0.5139174,-1.5496893,1.1339239,0.5275747,-0.39968643,0.30622363,-0.3202593,-0.0282337,-0.6640557,1.1823612,0.7067679,-1.0539762,0.02777496,-0.40245512,1.103001,-1.9146435,-0.8151109,-0.06204912,-1.0299451,-0.45628738,-0.6212859,1.0303745,-0.30589604,-0.23314913,-0.50498515,-0.95385015,-0.41169223,0.49556124,0.6054565,-1.562772,0.548741,0.16246511,-0.39413434,-0.71561277,-0.36053497,0.075660124,0.85710436,0.995443,-0.62746364,0.548892,-0.5850421,0.054778893,-0.20900533,0.9166525,0.603581,0.2859965,1.044462,0.07987064,0.6256597,-0.25417793,-1.1610119"
https://help.payactiv.com/s/article/How-To-Find-a-Job-That-Offers-Earned-Wage-Access,How To Find a Job That Offers Earned Wage Access,"How To Find a Job That Offers Earned Wage Access
We invented Earned Wage Access in 2012 to help hardworking people like you access your wages when needed, not on an arbitrary pay schedule. Right now, Earned Wage Access (EWA) is an employer-offered benefit, like paid sick leave or health insurance. That means that to get part of your wages before payday, your employer must have an existing partnership with an EWA provider like Payactiv.

While we're working to change how the world sees EWA so it can be more widely available, it's not a service that individuals can sign up for on their own right now. If you want EWA, but your current employer doesn't offer it, check out our EWA Job Boards in the Payactiv app! You can save jobs for later and apply, all in one place. We wish you luck in your search!
EWA","-1.1263361,0.5663875,-0.7517121,0.35032293,0.05260174,-0.2565639,-0.667495,-0.77386206,1.5650585,-0.6292294,0.702864,0.57274544,-1.0693861,-0.305709,-0.20802209,-0.466603,-0.4910959,0.8604623,0.800362,-0.0892571,-0.016981652,-0.30579972,0.079050496,-1.2535999,-0.13664939,0.008937005,-0.061735075,0.52659816,0.449416,-0.61259395,0.17403287,0.27343103,-1.7207578,0.29710805,-1.0464274,-0.012986913,-0.5547788,-1.3408233,0.21346611,-0.33480528,0.69886804,-0.35966748,-0.8098314,-0.70329773,0.7566769,-0.46308255,-1.1956518,-1.332158,-0.4222459,0.53136605,-0.6531199,-0.5791373,1.1646695,-1.4715987,-0.42694724,-0.4122301,-0.03443628,-0.5684772,0.2064161,0.4749108,-0.1614762,0.07506388,-0.54191,0.049997598,0.08024631,0.3885955,-0.67330277,1.208279,0.37573332,-0.3493506,-0.49546766,0.38433632,0.51958704,0.21271808,0.6206681,-0.03992839,1.3366112,0.92371446,0.5798808,0.26405495,0.77480555,-0.70098674,-0.19307607,-0.79358965,-0.77077067,-0.1823621,-1.3735807,-1.3548154,-0.28894436,0.38130134,0.10934326,-0.60265875,0.17532411,-0.6792044,0.13474807,1.4599608,-0.2846815,0.23872666,0.15560545,0.46271488,0.33209354,0.081509545,0.6002507,0.22271107,-0.64749825,0.23523101,0.16559102,0.36726278,0.9785129,-0.11665189,1.1123794,-0.20400725,0.9855089,1.0089115,-1.4096723,0.46878308,-0.099703304,-0.44047582,0.1518893,0.4009564,-0.0117779,0.83619875,0.60089046,-0.38267297,-0.28296036,0.13877726,-0.2791542,0.34291995,-0.05717282,0.5464951,-0.510333,0.3023485,-0.010933891,0.30941504,0.8384929,-0.07053418,-0.36903578,0.5619424,0.60979,0.19248168,-0.08822325,-0.40175855,0.43123594,-0.61182636,-0.07518388,0.6444999,-0.2221373,0.57458246,0.118408784,0.2007179,-1.520882,0.37509263,0.1586735,0.7494895,0.82401615,0.9523011,0.35334122,-0.430853,0.41208556,0.59602773,0.030300915,-0.6312924,-0.1785273,0.20064515,-1.092659,-0.7019495,-0.44877094,-0.27498376,-0.14751396,0.4923772,0.077285096,-0.65906924,-1.0507089,-1.2189801,0.47583136,0.26078385,0.6753329,0.6247978,0.17949829,0.15587701,-0.014092848,-0.1140755,0.75548863,-0.8731942,-0.74889696,-0.61501276,0.18148567,0.5340458,-0.037308812,-0.09424282,0.012717456,0.10437331,-0.8211103,0.4598707,-1.1454232,0.1724831,-0.06844741,-0.27960676,0.34041703,0.07113159,-0.9776912,0.15253979,-0.18712063,0.37680486,0.24768099,-0.0012655333,0.9282832,1.1114134,0.28658357,0.7837682,-0.3875202,-0.009554246,0.27212843,-0.73700464,-1.1476369,-0.15396562,-0.06365182,-1.2346531,-0.6223591,-0.2609856,-0.6824558,0.9953943,-1.6167266,-0.08948106,-0.29235736,-0.77656007,-0.009771936,0.09814753,-0.5782401,0.11211753,0.94994885,0.74082613,-0.015224315,0.43413568,0.50933594,0.029882431,0.4928134,0.66924495,-0.99704933,-0.28093493,-0.5929501,-0.35511255,0.48611113,-0.51814795,-0.76592416,-0.34450266,0.4765865,-1.5106019,-0.099524945,-0.47301108,0.07579352,0.84632134,-0.5842661,0.81601506,0.2300958,-0.047265887,0.63848233,-0.1746961,0.118737176,0.81419253,-0.22069447,0.40748617,-0.33437657,-0.6753365,0.6329564,-0.46050927,-0.06704484,-0.2367295,-0.47630602,0.1835449,-0.2863502,-1.4623998,0.018236786,-0.4656885,-0.8792006,-0.589628,-0.19059812,-0.1957956,0.97629607,0.17619748,-0.1657372,0.23588362,-0.021932244,-0.121061146,0.6388407,-0.5205396,-0.56804144,0.34331885,1.2990932,-0.084373444,-0.54515916,0.4562286,0.072165444,-0.30594847,-0.36870366,0.39413083,-1.2443893,0.20751292,-0.647055,-0.7710367,-0.29505715,-0.69139916,-0.19651134,-1.1589755,0.7683221,0.06454778,0.09697077,-0.273991,0.19040379,0.3656577,0.07546187,-0.28688386,-0.54690826,0.10625112,0.2572108,0.67910224,-1.6122459,0.42240408,0.47213233,0.1655146,-0.067822084,-0.096901014,0.40403506,-0.28802395,0.116199136,1.1585096,-1.2035117,-0.93359214,0.218009,-0.43392894,-0.23470822,0.9029919,-0.28879035,-0.044820562,-0.4632843,-0.34645027,0.6011497,0.5530634,-0.673292,0.20996124,-0.17112924,-0.36553445,-0.26422945,0.68524873,0.027371,-0.48595288,-0.8668922,-0.2933348,-0.07598229,-0.010438144,-0.26974064,-0.79778534,0.009327099,0.84929496,-0.42978257,-0.21707931,0.96457493,-0.5772525,-0.52285284,0.18091348,0.8523071,0.9979729,-1.0968179,-0.07661271,0.4464253,-0.7113285,0.263495,-0.36054844,0.2156325,-0.90084505,-0.32778168,-0.036750074,0.17795719,0.3694479,0.07209264,0.27068222,-1.0424875,-0.9010217,-0.10907895,0.5376564,-0.18050675,-0.08743775,1.0853705,-1.2408534,1.4200411,0.2703372,0.17792486,-0.18871231,0.057285808,-0.45052332,0.42623156,-0.8167781,0.8643877,0.563291,-1.4450114,1.589068,1.4603288,-0.009012759,0.37583357,1.5646498,-0.21206573,-0.09500429,1.1085037,-0.41429752,-0.17376623,-0.758364,0.075552866,1.1782634,-0.36231962,-0.7130959,0.007869288,0.22667755,-0.21663198,0.37928593,0.6390662,-0.50315386,0.34513223,-1.1063844,-0.4723654,-0.11279936,0.5808532,0.014302194,0.49466932,0.6564687,0.19635342,0.7040888,-0.5719924,-0.67547745,0.42407712,-0.5656851,0.062445715,0.13190116,0.48860717,0.5270482,-1.0681129,-0.5040179,-0.65045226,-0.8044557,-0.2215105,0.0840067,0.120429754,0.42959654,-0.025114246,0.23352501,-0.43914348,-0.8103967,0.99254596,0.2471177,0.78643143,-0.79893816,0.2874909,-0.33212852,-0.46604165,0.2437017,0.8476738,0.34809178,-0.12678719,0.47078815,-0.37519103,-0.14910103,-0.4024793,-0.019912928,-1.0179274,-1.450003,0.36277807,-0.4906659,-0.18106039,0.1860137,0.82643855,0.124504134,0.18251847,0.7005239,-0.06624331,1.0130653,-0.3702471,0.37187493,0.53253335,-0.7833353,-0.18250993,-1.5974532,-0.4705622,0.4233916,0.090095714,-0.5429634,0.22622491,0.11797332,-0.042191856,-0.9063318,0.8735318,0.6138979,0.73687243,-0.5739986,0.4118716,-0.6265528,0.6221137,0.657516,-0.48450676,0.514411,0.6498153,1.4553317,-0.2832194,-0.917633,-0.31907284,-0.09843125,-0.90263546,-0.04235032,0.15319526,-0.01701817,-0.47372073,0.426524,0.62087506,0.42499977,0.3305374,-0.2666667,0.81449586,0.38362288,-1.4867219,0.45054662,-0.24974863,0.12000996,0.31720424,-0.14890207,-0.7880274,0.45433947,-0.5669119,0.5967171,-0.04745489,-0.1956296,0.45001274,0.2960999,-0.16870785,-0.349207,0.45358795,-0.13775128,0.19837874,-0.9451072,0.5887735,0.34078473,-0.22102955,-0.54432446,1.230164,-0.14825341,0.6835693,1.8940147,0.30371615,0.031100504,-0.15307096,-1.3784146,-0.39516544,-0.11917701,0.09401604,0.5280211,-0.56636125,0.05417712,-0.07639417,-0.56616867,-0.693488,0.4936942,0.16389485,-0.1573917,0.8329439,0.79362786,-0.19001783,-0.11022471,-0.07190065,0.8955901,-0.3721189,0.81788486,0.13711186,0.059494346,0.20645843,0.062013283,-0.33430535,1.5293157,-0.6589622,-0.35815603,1.097666,1.0993761,0.6631268,1.5652207,0.4658107,-0.46945465,-0.7794809,-1.0467832,0.8827527,0.4601211,-0.71899635,1.0719107,-0.72873473,0.07422975,0.661432,0.18860824,-0.27497435,-0.037327405,-0.015405916,-0.3580774,-0.15551092,-0.8532107,-0.27072847,-0.17081371,0.19448997,0.3154845,0.80539227,0.4876365,-0.72406405,0.3447373,0.5619257,-0.27730656,0.6605761,-0.6890604,-0.10370322,-0.43662626,0.19484943,0.6322849,-0.19547541,-0.0472932,-0.5897602,1.370419,0.8294742,0.64012814,-0.78261876,0.5400621,0.13291416,-0.07897491,0.122319415,0.3813329,0.08908127,-0.03939953,0.5795723,0.4840097,-0.3367051,-0.37315285,0.27246577,-0.5821017,0.3904714,-0.55285174,0.14287345,1.4291983,0.32307792,0.9054634,-0.96745855,0.26274687,-1.0441632,-0.122300364,-0.24303955,-0.7668301,-0.17448397,-0.18025294,-0.30325282,-0.042624697,0.87216675,0.4331151,0.8397541,0.06976134,0.8824948,-0.5680791,0.03176993,-0.3729109,0.5471312,-1.0896171,-0.2740347,0.27486625,-0.3881827,0.7540684,-0.0801559,-1.5874275,-0.973934,-0.4701764,-0.19450545,0.047751423,0.05183018,-1.6773373,-0.48946452,0.033369362,0.594894,-0.22802874,1.4447025,0.034451704,0.3710514,0.26856095,-0.5095131,0.513558,-0.18972789,0.15441656,-0.74005735,-0.093808174,1.1656067,0.756099,-1.0800948,-0.55322427,-1.7268355,0.27600712,0.21623237,0.4979457,0.21930595,-0.9563384,0.30344272,0.3112618,-0.24874453,-0.19327322,-0.11626631,0.084717736,-0.18155037,-1.1992033,-0.015085727,-0.48134223,-0.39014754,0.008226637,-0.02922833,-0.8420911,0.38010624,-0.44878602,-0.39628947,0.94011635,-1.6079371,0.3022313,-1.143319,0.56814325,0.9240402,0.2464719,-0.36206555,0.20199853,0.047407247,-0.40964928,-0.4349679,0.085239075,-0.21434954,-0.2697893,0.39809287,-0.013646524,0.0063885003,0.09838463,-0.017714098,-0.4650699,-1.0168421,-0.47032464,0.39084643,-0.24066395,-0.6517803,-0.17659429,-0.43855712,1.1960646,0.81105155,0.036859974,-0.7450376,0.3963766,1.2806504,0.1733017,0.66565466,-1.1346617,-0.033786207,0.26951882,-0.5017073,0.17136323,0.4309687,0.024167955,-0.9894184,-0.14339454,-0.30581138,0.33099,0.70180404,0.23637182,0.3015631,-0.7005425,-0.21969369,-0.06576813,0.0048166383,0.2775148,0.06996079,-1.042465,-0.24698748,0.07421351,0.80757475,-1.8526797,-0.36926103,-1.0283895,0.4263301,-0.66460925,-0.0956177,0.12280758,0.054176554,-0.50793594,0.19031885,-1.7560856,0.21863286,-0.19835857,-0.96444964,0.46293706,-0.24398118,0.8942702,0.15860383,0.26960227,-0.04612653,-0.022535421,0.55141747,-0.47033158,0.39000115,0.08368833,0.686826,0.21527302,0.82501084,-0.36909142,-0.37993723,0.041936487,0.18001355,-0.10340837,-0.32974386,0.13357618,0.19224027,0.15290606,0.046726637,-1.2805567,-0.8980187,1.1595334,-0.00095868483,0.43824613,0.5197188,-0.16856706,-0.43153903,0.1382375,0.5354898,0.42266095,0.4287113,-0.31005198,-0.51610136,-1.5018611,0.59187245,1.0839313,-1.2050534,0.5978301,0.4124376,0.816,0.0013860315,-0.86804557,-0.20193145,-0.0076708347,-0.4761537,-1.986982,0.61009854,0.8240378,-0.49824873,-0.8529738,0.6475437,-0.5186488,-0.92744315,-0.96530193,-0.10550171,0.31809217,0.6017722,-1.1688354,-0.97347206,-0.042311274,0.094281554,0.5311613,-0.53832203,-0.3355313,-0.60377926,-0.21199825,0.3360734,0.2376663,0.519419,-0.12558943,-0.5954853,0.018709756,-0.87565434,-0.80289125,-0.024537727,0.33391824,1.7111723,-0.3416701,0.26433617,-1.096745,-0.3131998,0.115657076,0.89494526,-0.023595687,-0.13907972,1.3330468,-0.08045174,0.053067338,0.42380017,-0.42680043,0.34989664,-0.6015246,-1.4278567,-0.38214973,0.06939367,-0.22878009,-0.51555735,0.09149012,0.71442115,0.5479322,-0.54666257,1.0024418,-0.90070534,0.17847945,0.21390793,0.054685246,0.5833057,0.9528368,-1.5030965,0.97637826,-0.99035114,-0.080801785,-1.3326373,0.22285163,-0.014993452,-0.34990492,0.8735433,-0.33981985,-0.47689188,-0.022338107,-0.51035696,0.083615586,0.3040341,1.0402216,-0.58338445,-1.0040339,-0.9064935,1.7787474,-0.69543445,0.5945709,1.5808371,0.6471114,0.5009049,0.44110042,0.7549456,0.13979378,0.17422557,0.78550357,0.2235027,-0.6795757,0.84908724,-1.1271616,-0.51778007,-1.1093755,-0.5690115,-0.08988555,0.118649095,0.37988365,-0.87057984,-0.36776257,-12.977873,-1.4943734,0.20850554,0.29346412,0.46867305,0.041596085,-0.12254607,-0.62505096,0.12303759,-0.52165884,-0.08553384,-0.9610736,0.34375364,0.33091497,0.22664438,0.53108823,-0.43630403,-0.4393432,0.49797052,0.03257677,0.7148684,0.4922518,-0.30842113,-0.076533206,0.41886237,0.081431165,0.29881257,0.111670405,-0.81977326,-0.19539562,0.5517173,0.7139783,0.4067558,1.179911,0.9409351,0.69620335,0.804633,0.017106656,0.0696176,-0.8408604,1.3377765,0.30378973,-0.9760375,-0.057688557,0.23489171,0.4424523,-1.4827945,0.041971385,-0.17998998,-0.6804534,0.59999347,-0.7982296,-0.70567,-0.36254925,-0.44888842,-0.54209113,-1.0004121,-0.37992036,0.6429138,0.19362515,0.04418782,0.9902536,-0.95381236,-0.24872702,-0.83852106,-0.21907203,-0.70229346,0.12309402,0.23421985,-0.83763677,-0.7708236,-0.07799916,-0.13126907,-1.270479,0.6584534,-0.00450252,-0.64301884,0.47373146,-0.63554996,1.7078549,-0.86162645,-0.16719657"
https://help.payactiv.com/s/article/Setting-up-Automatic-Bill-Pay-in-Payactiv-App-Funding-Options,Setting up Automatic Bill Pay in Payactiv App: Funding Options,"Setting up Automatic Bill Pay in Payactiv App: Funding Options
Setting up automatic bill pay in the Payactiv app is a convenient way to stay on top of your bills and avoid late fees. To get started, you'll need to make sure you have enough funds in your Payactiv account before each billing cycle. There are a few different ways to do this.
  One option is to set up direct deposit with Payactiv. Your paycheck will be automatically deposited into your Payactiv account each pay period, so you'll always have funds to pay your bills. Direct deposit is the recommended method for funding your Payactiv account because it's reliable, easy to set up, and ensures that your account stays topped up.
  Another way to add funds to your Payactiv account is to load money manually. You'll need to link a bank account to your Payactiv account to do this. Once your bank account is linked, tap the blue dollar sign at the bottom of the app home screen and tap ""Get"" to transfer funds from your linked bank account to your Payactiv account. This process is quick and easy, allowing you to add funds to your account whenever needed.
  It's worth noting that some banks may charge fees for transferring money to your Payactiv account, so be sure to check with your bank before using this method. Additionally, it's important to remember that you'll need sufficient funds in your Payactiv account before each billing cycle for automatic bill pay to work properly.
  Setting up automatic bill pay in the Payactiv app can save you time and hassle, and it's a great way to stay on top of your bills. Using one of the funding methods described above, you can ensure that you always have funds to pay your bills and avoid late fees.
Bill Pay","0.56611204,0.25212348,0.37142873,0.1827972,0.276518,-0.49985674,-0.8364862,0.8397001,0.47645628,-1.1158195,1.7442521,1.0248535,-0.1348846,-0.73572296,0.7896503,0.4788108,-1.0221357,0.60973966,0.1523437,-0.29478028,-0.3700492,-0.91074955,-0.19365408,-1.5705191,1.5574069,-0.35144067,0.3936721,0.29235888,-0.5169987,-0.78193164,1.2793067,0.035202518,-0.7427051,-0.02662678,-0.9014707,-0.44206148,0.6737819,-1.124963,0.03457552,-0.6473535,-0.24670094,-0.41524106,-0.20430003,-0.85693157,0.020497695,0.39403737,-0.9584057,0.13622144,-0.69018376,-0.56280464,-0.6969104,0.28581208,0.28192472,0.11582397,0.25723845,0.0063878596,0.026646776,-0.97542226,-0.01656421,-0.29230845,-0.90445536,0.06831088,-0.94104016,-0.14248699,-1.6237031,0.5975816,-0.32893223,1.6251075,-0.31201038,0.5133666,0.19194603,-0.024601355,0.67926097,0.33380908,-0.82516545,-0.6956149,-0.39023244,0.37463886,0.3223384,1.1030616,0.6332536,-0.40258765,0.7036481,1.3024521,0.17778155,-0.17804444,-0.069100484,-0.7360406,-0.6580067,0.5953767,-0.63706595,-0.5524254,-0.028813306,-0.53188956,0.1582602,1.1433139,-0.61926043,0.07258664,-0.4301656,0.20521358,-0.0731979,-1.0551859,-0.6318598,-0.05644878,-0.35741943,-0.15735933,-0.46423942,0.60579,1.1384914,-0.24376726,0.3083207,-0.20669661,0.59952635,0.26848054,-1.2770534,-0.066510275,0.09250604,-0.5718161,-0.08487992,0.060966447,-0.41652972,1.0827857,-0.104263686,-1.1325479,-0.38497645,0.05188833,0.23384711,-0.23638517,0.08522238,1.4054863,-0.74527574,0.6488386,0.16340943,0.20896792,1.3462373,0.92721677,-0.94628364,0.61878407,0.718119,-0.18694283,0.02882886,-0.1835297,-0.1309695,0.19430709,0.046814166,0.42194492,-0.2192927,-0.21679826,0.18655722,0.7490872,-0.5293273,0.049327597,-0.552029,-0.3248009,0.4024849,2.4045115,0.6921991,-1.357802,0.7554381,0.13352202,-0.032781705,0.38003868,-0.13948403,-0.15855992,0.17890161,-0.6255108,-0.2638928,0.20599085,-0.12870938,1.0062026,-0.84044194,-0.6007326,-0.4550862,-1.4940482,0.19684698,0.19685723,0.33839428,-0.7497473,-0.9137734,-0.0055394024,-0.35094738,-0.6131158,0.99026155,-1.1558467,0.6795009,-0.33575448,0.4812609,-0.38647598,0.07957767,-0.42659682,0.7557346,-1.9347996,-1.1193209,-1.1035547,-0.5133791,-0.94487065,0.12389158,0.19528972,-0.8040541,-0.32617837,-0.6993576,-0.13085207,0.021964923,0.9597578,0.21375212,-0.28242803,0.12990549,-0.45412275,-0.07477443,-0.5923203,-0.2661016,1.9485707,-0.2733667,-0.57235867,0.5081224,0.26102868,-0.8286744,-0.70053804,-1.2146293,0.10958557,-0.9769582,-0.31700996,-1.2455178,0.9207161,-0.5495209,-1.47673,0.0055386424,-0.43622178,0.7395719,1.2103314,0.5635402,0.8311096,-0.6894672,-0.40501887,0.33870867,0.6956849,-0.09524241,0.47136343,-0.42525053,1.0244133,-0.098415494,-0.75394475,0.94075197,-1.7194973,-0.81352985,0.2517819,0.95941913,0.2704224,0.52281284,-1.0117939,0.37566537,0.80247676,0.20394698,0.81624097,0.6399677,-1.0129007,-0.22724421,0.6686704,0.121191174,-0.2379212,-0.48683792,0.3645917,-0.06409788,-0.6366635,-0.09716384,-0.16235721,-0.19999583,-1.2257806,0.84188545,0.7662838,0.11281289,-1.3304497,-0.2461547,-1.3095764,-0.6122039,-0.9506687,-0.33482403,-0.6749319,1.5819945,0.071462825,0.45958477,-0.031989705,-0.22926782,-0.5840854,-0.28192726,-0.27433273,-1.4701879,-0.9933223,0.62823755,-0.32167125,0.6528265,0.50768965,0.34479225,0.22417606,0.055207424,0.67942446,0.6908327,0.8926009,-0.9386673,-0.66853654,0.60366046,0.36892867,-1.2229319,0.14557676,1.1517967,0.30271155,0.86236185,-0.49011928,0.24009392,0.21264637,0.7499313,0.338379,-0.9737827,1.2628833,1.3131894,0.79899985,0.073513724,0.7028408,0.6657376,0.29103285,-0.07557066,-0.0038305372,-0.01800663,-0.46897534,0.44697145,0.5532583,0.64742696,0.024859183,0.024200112,0.03789238,0.15480632,0.4286065,-0.19928762,-0.08698702,-0.30512118,-1.6764303,0.089104235,-0.3269904,0.9685144,0.68823427,-0.18697336,-0.5843133,0.30074716,0.3088033,-0.19250649,-0.10006085,-1.1242435,-0.93320537,1.1936538,-0.09445822,0.6719848,-1.0662261,0.2536856,-0.100334376,-0.26150504,-0.7521223,0.21379553,0.8146024,-0.7170371,0.5744759,0.8960602,0.35853344,-0.74913526,0.1566275,1.3113232,-1.6273012,0.41055912,-0.034075484,0.621895,0.29247922,-1.4958298,0.13888992,-0.3621384,-0.25374907,0.5470895,0.26045218,0.5497289,-0.55188805,-0.4491982,0.82730335,-0.37978533,0.03958085,0.1551775,-0.43501043,-0.01781895,0.4819206,0.0484239,0.20382036,-0.3438261,0.9407605,-0.3647965,-1.6130193,0.81486255,-0.1793632,-0.6000072,1.6662496,1.3690546,-0.2100828,-0.08608842,1.1781325,-0.15373254,-0.48080644,1.1146591,-0.29293847,-1.4216142,-0.5135128,0.86644363,0.8737717,-0.17858234,-0.29797646,-0.5599688,0.18344633,0.03744761,0.08675205,-0.35642353,-0.7710488,-0.37018105,0.06884307,-0.36025256,0.092822954,-0.100758955,0.37835574,0.2805749,0.2983516,0.39597905,-0.32017154,0.23507667,-0.90516084,0.15750372,-0.23764148,-1.2731364,0.60046726,-0.7900412,0.9739909,0.22705747,0.09417893,-0.03406296,-0.65589243,0.5347505,-0.3191128,-0.96713936,0.21188477,-0.43629682,0.0066970587,-0.3778769,-0.39708352,1.4825736,0.7723383,-0.83919454,0.013116106,0.552706,-0.8531679,0.02607664,-0.23725978,1.2700598,-0.83086365,0.15402722,0.27349263,-0.25671512,-0.46853703,-1.1684527,0.67712814,-0.21027336,-0.73621583,0.0609279,-0.7135277,0.113851234,0.43422613,0.02417542,-0.32810953,-0.1740513,-0.2826715,-0.12915435,0.15340881,-0.44623125,0.5303332,0.0780883,-1.0824009,0.13615131,-1.4712726,-0.5409389,-0.7142862,0.5758634,-0.7982433,0.041921616,-0.07805677,0.16122863,-0.78982323,-0.1705546,-0.5078019,-0.656611,-0.43785286,0.4438675,0.6920073,-0.12819673,0.2532289,0.07415742,-0.07989656,1.2308567,0.30222636,0.810411,-0.10100009,0.120723195,-0.53031987,-0.80040437,-0.8799025,0.5441876,-0.20242634,-1.2905794,0.57522166,0.7572964,0.2506475,0.8915865,-0.96993923,1.057823,-0.38759577,0.103907935,1.0565094,0.30441794,0.72163004,0.32834136,-0.38568723,-0.94730914,0.75319093,0.17742056,0.18390882,-0.06817493,0.3321494,-0.77397794,0.032072887,-0.0511121,0.19083166,0.64639825,0.99758554,1.0634254,-0.4023612,0.26847002,0.051368453,-0.22607926,0.16333964,1.9432702,0.38913202,-0.715076,1.4322662,-0.75974673,-0.09845267,0.44725332,-0.6173642,-1.2434922,0.18288773,-1.2272481,0.24082673,-0.6526418,-0.5841087,-0.2059219,0.12687683,-0.17097196,-1.0770893,0.25744328,-0.29850417,0.43024164,0.8722666,0.44976082,0.68772864,0.18734594,-0.009048838,-0.20584689,-0.23816094,-0.8157783,-0.058134906,0.53310597,-0.8385041,-1.0651447,1.246172,-0.2017492,-1.1210244,0.23167026,0.57515705,-1.0348722,1.5882125,-0.5902225,-0.94166464,-0.6124647,-0.030706286,1.0497295,0.7413582,-0.19327371,1.355667,-0.3810149,-0.058588307,0.63450044,0.33823198,-0.8257315,-0.39774036,-0.97852033,-1.2354747,1.276037,-0.33349493,-0.73897326,0.44742024,0.46107265,0.116622865,-1.3234428,0.91612995,0.18487489,-0.67551976,-0.15216087,-0.7210012,0.54671174,-0.9242101,0.6795221,-0.018254839,-0.34601042,-1.0336195,-0.19032918,-0.2570528,-0.57246673,0.26775974,0.13300894,-0.38507724,-0.9333148,-0.51897633,-0.28637415,-0.020320192,0.45952493,0.10792343,-0.32974374,-0.4346105,-0.83875036,0.7239847,0.036897622,-1.0885755,-0.062923,-0.02755066,0.49830252,-1.2253993,-0.5149376,0.4098819,0.17354801,-0.028157845,0.16839916,-0.32460716,-2.2222219,0.20567754,-0.4758581,-0.233563,0.12822962,-0.606414,-0.021880195,-0.82376796,0.8362135,-0.39211676,-0.011993617,-0.8969779,0.5862491,-0.26754263,-0.13792163,0.5378915,-0.052763462,-0.29525518,0.24904996,0.036128774,-0.31632036,0.073257156,0.43625128,-1.2624044,-0.8721953,0.070674226,-0.03272932,0.6405569,0.3312123,-0.91143835,0.17947151,0.27733982,0.022692624,0.57065487,0.78032666,-0.23064978,-0.52969044,-0.21849392,-0.9603586,0.67778593,0.5175436,0.91015947,-0.6339751,0.24148001,0.27985257,-0.24186674,-1.8905429,0.7205363,-0.64322793,-0.73992026,0.122043684,-0.48467982,-0.61903405,-0.43849254,0.43453062,-0.4341754,-0.3598029,0.4294947,1.3920829,1.0375867,-0.29210126,-0.9768083,2.0780835,-0.37138605,-0.6443097,-0.6748832,-0.28955942,-0.64793396,0.58559406,-0.024209194,-0.49311072,0.96662486,-1.0033257,0.5307629,-0.7234178,-0.42083797,-0.8085246,-0.18093684,-0.28016302,0.23176092,0.32868406,-0.6260354,0.25117853,-0.24033523,-0.02250629,0.20491725,-0.026144475,-0.80019313,-1.26231,-0.9382312,0.006301731,-0.7154364,-0.09479294,0.19861805,-0.12647346,0.5361249,-0.19236529,-0.14133085,0.31834847,0.9606555,0.39917573,-0.86932,-0.027942665,0.4126466,1.0341231,0.14159325,-0.023964286,-1.021751,1.3564918,0.72531354,-0.6977342,0.26936954,-0.0036038533,-0.41433653,0.04884757,0.35073188,-1.2211589,0.8409392,0.6424158,0.042882953,0.58432513,-0.5330435,0.34992695,0.23760657,-1.113914,0.018886238,0.6373987,-0.37807274,0.1387628,0.2829623,0.21260467,-0.20764719,-0.6809387,-0.85826904,0.20436972,-1.206236,0.23972118,0.2812207,0.85763025,-0.12489757,-0.69944406,-0.29179558,-0.021824572,0.0804743,0.49027985,1.1749501,0.46762592,1.0734297,1.2624207,0.6840904,0.1615059,-0.70097625,0.3393589,0.6171145,-0.86999714,-0.14213818,1.3346125,0.325099,0.6661272,0.4631578,0.2526484,0.09296343,0.57485753,0.37502775,-0.3867076,-0.14064586,-0.49967796,-0.74107003,0.41675955,-1.9404258,-0.57673705,0.41685563,1.1064161,0.3805924,0.38734752,0.34493205,-0.99370503,-0.3263128,0.6881138,-0.38127646,-0.015929908,0.33426768,0.29718354,-0.6459303,0.97723395,-0.28172445,-2.097675,-0.29191986,1.1876152,0.12736714,-0.45718926,-0.7391972,0.73618823,-0.45747626,-0.49912587,-1.2833203,-0.13802351,0.39712423,0.039136518,-0.257151,0.5373723,0.19598266,-0.26869732,-0.5786963,0.43362272,0.98657316,-0.2447359,-0.80192685,-0.43057042,-0.75200444,-0.8945499,1.1868172,0.3519605,-0.23956482,-0.40055913,-1.3171855,-0.19195226,-0.5465865,0.65745544,-0.72148126,-1.6015974,-0.14754295,0.6234215,-0.8528048,-0.5793015,0.0430208,1.1879503,-0.61114323,0.14295049,-1.1367129,-0.3296811,-0.31113267,0.24945036,0.07597039,-0.52888954,-0.17522497,0.06443482,0.32371762,0.18598077,0.6044082,0.06891588,-1.058355,-0.93584484,0.71729404,-0.15828258,-0.6002387,0.8561807,0.6496992,0.9872236,1.1008061,0.2880668,0.60883886,-1.2718395,0.2608787,0.10146125,0.1156064,-0.7978246,0.88396555,0.4087641,0.35147643,0.36030918,-0.708925,-0.20727882,-0.093824714,-0.01582276,1.0272092,-0.6821901,-0.37142822,0.76191986,-0.2872688,-0.46036357,-0.6059574,0.37055326,0.6763556,0.4508069,0.82772565,-0.3233009,-0.041336477,-0.13865028,-0.33875325,1.437266,1.694247,0.85296786,-0.46727747,-0.6115198,0.36526647,-0.13758855,1.2117225,-0.51042014,0.4580373,0.961905,-0.099720985,-0.4744876,-1.1735233,0.49773547,0.4311658,1.052981,-0.5325537,-0.13539644,-0.19741938,-11.054828,0.06571052,0.7687743,0.3117792,-0.68546784,0.08964785,0.20355858,0.2639773,-0.30384618,-0.1655424,-0.5698351,-0.6364405,-0.0072116554,-0.6694922,0.3028587,-0.2054822,-0.4833536,-0.8035665,0.4109066,-0.4078157,0.4541943,1.0916125,-0.040215567,-0.84649694,0.23103192,0.44301724,0.90453506,0.0888184,-0.52356344,-0.46803337,0.020788312,1.2537498,-0.7226121,0.934549,-0.0002914574,-0.32393444,-0.026179649,0.61952037,-0.44000345,-0.24693704,0.8497631,1.0439171,-0.6814386,-0.7852028,0.5298352,0.7705339,-1.1186591,-0.80572754,-0.82297003,-0.1884275,0.28991765,-0.29207715,0.7025884,0.26982707,-0.4556086,0.11973567,-1.0897571,-0.5493438,0.5442965,1.2066023,-0.06850879,-0.6906455,-0.5545585,-0.75220335,0.3288438,-0.5823278,0.05563967,1.6976721,1.4147116,-0.5739341,1.093333,-0.17099093,-0.35546097,0.23255742,0.48627582,0.68115747,0.027887017,0.6755782,-0.70411813,0.2786055,-0.9462992,-0.24058066"
https://help.payactiv.com/s/article/Changing-Bill-Pay-Timing,Changing Bill Pay Timing,"Changing Bill Pay Timing
You can pause or cancel upcoming bills from the Payactiv app. If you want to cancel a bill payment scheduled on the day it’s going through, call customer service before 9:30 am PST at 1-877-747-5862.","0.24043956,-0.14348409,-0.10666872,-0.31913045,-0.4118399,-0.8015618,-0.7370577,0.7636168,-0.872016,-0.6942484,1.880728,0.16943456,-0.81389713,-1.112084,0.037766773,-0.07528683,-1.0590614,0.5651995,-0.28790212,0.24637377,0.08202198,0.29383576,0.45944738,-1.6522545,2.378329,0.18576345,-1.8054335,-0.62061286,-0.49009135,-0.42977756,-0.18652639,0.23835564,-0.84266174,0.23092356,-1.3295337,0.15315147,-0.29201835,-0.25492895,-0.009438733,0.053701565,0.34506932,-0.53441036,0.7091502,-0.37255514,-0.17294687,-0.36967546,-1.1216455,-0.49306113,0.87466574,0.15817806,-0.54736674,-1.0546162,-0.5244676,-0.9217533,0.23319393,-0.9341974,-0.026321061,-0.53106713,0.39527103,0.059576258,-1.0308907,0.29700994,-1.9063811,0.16554084,-1.4527961,0.04828497,-0.26801884,1.8995501,-0.9080789,0.33971012,-0.49932587,-0.34694713,0.3704629,0.34073395,0.17244594,-1.1755117,0.102197036,-0.29287535,0.31809375,1.2621039,0.5862074,-0.90376496,0.039392613,1.1690049,-1.2423918,-0.6969875,0.8450697,-0.28946114,-1.2183721,0.109802485,0.16861139,0.1958599,0.59155554,-0.9282615,1.0450755,0.45741764,0.21051222,-0.83785194,-0.6627324,0.46152228,0.17331974,-0.25655442,0.0103803575,0.7455514,-1.1096951,-0.2073119,-0.5087534,-0.6035881,0.50767136,0.07178854,0.10786549,-0.80141443,0.048723917,0.73996174,-1.1317077,-0.21564616,-0.59916633,-0.21417996,0.36035857,0.6620989,0.16250163,1.1620492,0.063290276,-0.8800947,0.57002354,0.23990712,-0.6156931,-0.029920736,-0.119250506,0.5136593,-0.11928303,0.15685518,0.11530866,0.5720743,0.7429488,0.38049504,-0.74453354,0.12572633,0.27222618,0.3212201,0.28541622,0.13918124,0.06237028,-0.532161,0.8087389,0.10839307,0.28711355,0.7318032,0.122713014,-0.03646889,0.24889387,-0.11273663,0.3778372,-0.20570765,1.2266477,1.4124084,0.30636713,-1.8310364,-0.11711204,0.18869014,-0.6309029,-0.04108412,-0.15974842,0.5335918,0.26154158,-0.9163648,-1.1421791,0.62303376,0.2901763,1.1719486,0.27419233,-0.3001317,-0.58178425,-1.3983783,-0.27492696,-0.7528236,0.33081454,-0.24557942,-0.39639068,-0.789971,-0.03832816,-1.4750592,2.113159,-0.71030986,-0.7463021,0.045942307,-0.07160762,-0.34705362,-0.26661876,-0.77721536,0.20700777,-0.9754107,-0.70718765,0.2296917,-0.87985563,0.33158356,0.47045204,0.28778958,-0.3461982,0.060639106,-1.558098,0.26502737,-0.032604292,0.4968888,-0.019290812,-0.7137451,-0.10524842,0.33882028,-0.33321244,-0.8112292,-0.2093125,1.5517578,-0.41344526,-0.25834,1.1105325,1.1582258,0.32687926,-0.6482802,-0.7743214,0.3716644,-0.28401846,-0.35127392,-1.1201612,-0.48261774,-0.3460114,-1.5423399,0.67759603,-1.0852075,0.59114766,0.41197264,0.75166607,0.7095391,-1.2835225,-0.7973702,0.73431164,0.34774476,-0.62830245,0.35430622,-0.9263927,0.5933442,0.21177663,0.90266484,0.0057742787,-0.8562226,-0.8396618,0.71524966,0.63721913,0.7765069,0.8181401,-0.012082275,0.42950398,1.1661564,-0.09777071,1.0618771,-0.057138987,-1.2207382,-0.42872095,1.0798162,0.34014505,-0.09442796,-0.27347898,1.2435995,0.4116344,-1.3718569,-0.13896018,-0.020095497,-1.1228416,-0.28903598,0.5435797,0.727026,-0.19565722,-1.6342586,-1.1611438,-0.11002274,-1.0059321,-1.2099786,-0.191827,-1.1138444,0.87784564,-0.05502497,0.95798326,0.5091776,0.3693633,-0.3956104,0.40103915,-1.0709108,-0.9689935,-0.8303935,0.22216314,-0.22132546,-0.66821617,0.61725914,0.24496667,1.7301085,-0.5550738,0.34256262,0.114703394,0.64985996,-0.69557005,-1.6202189,0.020025052,0.67261416,-0.86112744,-1.1660855,0.7976086,0.02405414,1.1787674,-1.551783,0.16232616,0.52121574,0.98176026,0.39278114,-0.8377318,1.5356345,0.95984536,0.5041386,1.019954,-0.26937917,1.9126263,0.512289,0.59343094,0.18018366,0.108081974,-0.10653557,-0.32153538,0.77696955,0.48161173,-0.12327778,-0.44966435,0.33332628,-0.03298124,-0.0036662295,-0.60028946,-0.6341188,0.28908423,-1.0571064,-0.3671149,-0.37434918,0.54519165,-0.21628603,0.41593197,-0.9871383,0.1735817,1.1135141,-0.15323928,0.34316766,-0.919843,-0.25549912,0.4289869,0.19457427,0.3647709,-0.78533345,-0.45362848,-0.24344736,-0.07815078,-0.8216778,0.52455485,0.4195478,-1.2159655,0.35941845,0.32417434,0.51367664,0.3853046,0.44603252,0.3401164,-0.3117121,0.17945793,0.43620864,0.2487166,0.46911997,-0.6907295,-0.25752178,0.34870934,0.60595036,-0.54441994,0.115942754,0.07607656,-0.79205126,-1.0686858,0.94488895,0.4148585,-0.87014127,0.6125765,-0.46257365,-0.056809295,0.704576,-0.10009998,-0.21391325,0.16322511,0.6085403,-1.1056117,-1.2907281,0.31065726,-0.016501412,-1.3259032,1.163722,1.8064144,-0.7967691,-0.41099405,0.708938,0.4580767,-0.22328451,-0.270702,0.31132263,-0.9471525,-0.37244466,1.3756464,0.50762296,0.12878872,-0.63374656,-0.24866275,0.32440144,0.28367257,-0.09572118,-0.60931814,-0.2275114,0.3972903,-0.27396214,-0.9097347,0.13098022,-0.5533718,0.58494204,-0.008890854,-0.45539388,-0.14035484,-0.6235358,0.5023611,-0.6238359,0.03500461,0.13748178,-0.92310494,0.16012512,-1.124503,0.5624614,-0.6726973,0.3819336,0.0129141845,-0.5528576,-0.5041771,-0.027678937,-0.32292995,-0.17031004,-0.7260184,-0.6066966,0.11798327,-0.7279623,1.3039373,1.1862582,-1.1340429,-0.33117604,-0.10437242,-0.57326984,-0.22424948,0.17564799,1.1481794,-1.008771,0.5970526,0.6437187,-1.3279418,-0.63840175,-0.6606248,0.06450233,0.47580212,-0.9086734,0.2594656,-0.09129085,0.29736304,-0.5412758,0.8447353,-0.37089804,0.09518109,-0.29644877,0.84641,0.1303771,-0.1798458,0.61273575,0.3325369,-1.4764864,0.204756,-0.9748995,-0.72312003,-0.53887445,0.39161393,-1.0852704,0.6972254,0.27730107,0.83765084,-0.5631371,0.27715898,-0.47277343,0.92677236,-0.13544683,0.6013709,0.76558053,-0.8052381,0.7153582,-0.23432003,-0.47122714,0.78002304,0.9070644,-0.22566503,-0.97582895,1.1626636,-0.7613586,0.75459015,0.13715258,0.47991493,-0.22336689,-1.323225,0.72396,0.8263231,0.14836796,-0.014870353,-0.24713165,1.4160601,-0.48817796,-0.3149946,0.4923571,0.6053731,0.5114811,0.32943505,0.30091572,0.0602279,0.48905078,0.055606198,0.109324425,0.60190046,-0.18361652,-0.187374,0.8052835,-0.0085842665,0.9057034,0.105511494,1.0795071,0.5969357,-0.54713535,0.46769613,0.05844575,0.046507597,-0.06604184,0.6038634,0.1388445,-0.07156001,0.7849435,0.30020094,0.6432384,0.139581,-1.1895334,-0.4563998,0.18693551,-0.84007984,0.66562396,-1.1500843,-0.45067486,-0.6137784,0.011997826,-0.07362879,-1.1110305,1.0830675,-0.5872106,-0.10970079,1.436031,-0.12801524,0.83017546,0.36991537,-0.44232446,-0.47430593,-0.6827823,-0.6384596,-0.16311249,0.58636594,0.13972354,-1.0278957,0.63981396,-0.24334228,-1.9605331,0.8857886,-0.052522026,-0.22275972,1.1073253,-0.2827285,-0.38758016,0.000654839,-0.35593444,0.72488064,0.714491,-0.6328984,0.600034,-0.0850437,-0.45258108,0.5488055,0.458668,-0.791978,0.48924288,-1.0578887,0.20416197,0.45931438,0.25094295,-0.82988733,0.2848298,-0.36254,0.5716366,0.5353721,0.45109165,-0.10225093,-0.19085309,0.28255862,-0.490353,0.010772958,-0.020219248,-0.12002591,-0.39481342,0.05656928,0.09446536,0.13365343,0.4004258,-2.4564471,0.13701202,0.12617229,0.30124435,-1.933205,0.26849037,-0.14126202,0.78547996,-0.3259771,-0.5208669,-0.67236745,0.3229041,-0.9191567,1.0575135,-0.21765664,-0.83153737,1.0072819,-0.3197024,-0.723568,-0.2763973,-0.90915865,-0.10141754,1.2359433,1.4577491,0.15362155,-0.9071004,-1.3706703,0.4651056,-0.46036434,-0.056339882,0.49483377,-0.24496084,-0.019079529,-0.3032399,-0.08308669,0.3713787,-0.6554668,-0.8227762,-0.01388301,-0.257348,-1.1435264,1.4733775,-0.3218573,0.0239221,0.12479215,0.52175176,-1.4961866,0.06123524,0.6476993,-0.6407328,-0.52857345,0.06291269,-1.5262856,0.6648625,-0.06900033,-1.5579686,0.57793784,0.30763945,0.1298436,0.79446274,-0.1766028,-0.383849,-0.32502377,-0.37473166,-0.21837726,0.11551265,0.07295156,1.2816912,0.8287909,-0.6590319,0.7543736,-0.73995364,-0.86112505,0.57783717,-0.612509,-0.15767962,0.50412756,-0.3746568,-0.54519403,-1.0564013,0.18920624,0.23649137,-1.3002698,-0.3791542,0.3356037,0.501719,-0.004886776,-1.4493454,0.8200911,0.44476917,-0.8008598,-0.92882067,-0.05181779,-0.47215775,0.3350108,-0.11973754,-1.1040127,0.92433345,-0.0912379,0.559234,0.10322666,-0.35310373,0.459224,-0.10088287,-0.09014843,0.58872145,-0.01845193,-0.597031,0.19858144,0.20280322,-0.2805525,-0.10902465,0.105093844,0.26872873,-0.48334128,-1.388434,0.36456323,-1.2305399,-0.7385799,-0.10162632,-0.57213277,-0.006914299,-0.09283417,-0.3698771,0.49465132,0.61225057,-0.08484867,-0.024474956,0.45113617,0.67905945,1.4138331,0.39285406,-0.17437255,-1.0534325,1.5260297,0.8191326,-0.9831419,0.32650703,0.027402334,-0.22468944,-0.6985103,0.14211908,-0.34676033,0.5990763,-0.21242005,0.010548013,0.25812316,-0.17577483,0.54811686,0.1704549,0.21451104,0.031231984,-0.223457,-0.42052913,0.8274333,0.7995525,0.038003325,-0.5923309,-0.5252905,-0.8186298,0.37668163,-1.0090672,-0.22428991,-0.5130132,0.9469679,-0.3971589,-1.2309498,-0.6056407,-0.19763437,0.9712552,0.6657623,0.96114427,0.3529057,0.17324671,-0.54507434,0.6900439,0.9356516,-0.058593087,-1.1186979,-0.24160525,-1.0869107,0.4212554,0.93059886,0.17879152,0.34842932,-0.01629525,0.0671678,-0.31049675,0.7611158,0.964144,-0.16757038,-0.33599132,0.14932701,-0.08935533,-0.5375869,-0.888169,-0.5313921,0.26131704,0.4571488,0.35174817,0.75810426,0.2885962,-0.37142295,-1.4594353,1.0270813,0.006239593,-1.126118,-0.8093556,0.51495373,0.20430823,0.35967964,0.5056776,-0.99207157,-0.044450857,0.35546538,1.1025159,0.04181944,0.3658241,0.27390286,0.678617,-0.41114843,0.0060487464,-0.09959203,0.3213359,0.5140354,-0.10218579,-0.08200032,0.23785582,-0.47150066,-1.0292627,-0.14406195,0.57536703,0.042147376,-0.49987996,-0.6557253,-0.021055417,-0.08005862,1.5215058,0.84251136,-0.5818604,-0.82337385,-1.4193988,-0.11195609,0.21303491,0.62727344,-0.6947337,0.33820602,0.16698477,0.15791076,-0.8066022,-0.6746364,-0.034332626,0.92756826,-0.54663056,0.110535674,-1.3683524,0.74420875,0.28434902,0.8500865,0.26239216,-0.5278895,-0.33648416,0.5106735,-0.7969824,0.38184103,0.943013,0.29681492,-1.1176996,-0.5796141,0.6315939,-0.57186186,0.23671176,0.0506073,0.1764492,1.0869011,0.6155458,-0.20947057,-0.15290256,-1.101887,0.276142,0.9915506,0.17236277,-0.20788991,-0.05296436,0.43041596,0.71549374,0.4206214,0.4012044,0.6614186,-0.65451914,-0.66318125,0.08134879,0.01287365,-0.3806376,0.63008785,-0.56813824,-0.42744082,-1.4506925,0.6364635,0.5213196,0.35894093,0.63812464,-1.2445176,-0.54259896,-0.22664723,-0.42798167,0.9335553,1.763388,0.06530522,0.49257743,-0.4112543,-0.90170026,0.32009092,0.24020898,-0.36944652,0.15200269,1.0527582,0.3784801,-0.800764,-0.5363778,0.418928,0.086595155,0.7038561,-0.81661856,-0.0031239688,-0.8287982,-11.157406,0.4687994,0.45998752,-0.25164154,-0.86768883,-0.093839906,-0.43127477,0.104867056,0.18710051,0.832824,0.4976334,-1.0305336,-0.3854522,-0.71887517,0.27977562,1.6007305,-0.11368301,-0.8393183,0.043749765,-0.42321336,0.64900595,0.99859077,-0.3242827,-0.82002133,-0.40880343,0.021467015,0.15036443,0.910038,0.19045883,0.64349186,-1.2897094,0.5912848,-0.3825078,0.46658012,0.02155235,-0.6107939,-0.030920997,0.05173666,0.3700542,-0.15265217,0.98089474,0.24883133,-0.6022638,-0.7923032,0.36859095,0.86639476,-0.4921272,-0.63942826,-1.2782845,-0.80186677,0.8820866,-0.46155158,1.0144656,0.45776573,-0.09448712,-0.711191,-0.17240345,-0.52963626,0.68650764,1.123344,-0.07116333,-0.41283214,0.46116272,-0.40277058,-0.67028743,-0.30487376,-0.41256225,1.050119,2.193887,-0.8102218,0.51194966,0.48442358,-0.45953703,0.41268945,0.12995262,0.879082,-0.047139782,0.9142036,-1.2848166,0.2265101,-0.2935432,-0.059675634"
